timestamp,profile,state,source,in_zone,f_obs_hz,offset_m,distance_to_track_m,lat,lon
1779697311.3745768,tractorbeam,sync,sim,1,15.714,0.000,,45.0000002,11.0029995
1779697311.4937446,tractorbeam,sync,sim,1,15.746,0.000,,45.0000002,11.0030185
1779697311.5541534,tractorbeam,sync,sim,1,15.746,0.000,,45.0000001,11.0030372
1779697311.6192062,tractorbeam,sync,sim,1,15.831,0.000,,45.0000001,11.0030556
1779697311.6801107,tractorbeam,sync,sim,1,15.746,0.000,,45.0000001,11.0030738
1779697311.7459247,tractorbeam,sync,sim,1,15.831,0.000,,45.0000001,11.0030922
1779697311.8066337,tractorbeam,sync,sim,1,15.746,0.000,,45.0000001,11.0031106
1779697311.8712928,tractorbeam,sync,sim,1,15.746,0.000,,45.0000001,11.0031293
1779697311.9321268,tractorbeam,sync,sim,1,15.714,0.000,,45.0000001,11.003148
1779697311.9931529,tractorbeam,sync,sim,1,15.740,0.000,,45.0000001,11.003167
1779697312.057681,tractorbeam,sync,sim,1,16.005,0.000,,45.0000002,11.003186
1779697312.1193209,tractorbeam,sync,sim,1,15.740,0.000,,45.0000004,11.003205
1779697312.1790593,tractorbeam,sync,sim,1,15.933,0.000,,45.0000005,11.0032243
1779697312.2443717,tractorbeam,sync,sim,1,16.170,0.000,,45.0000006,11.0032436
1779697312.3056338,tractorbeam,sync,sim,1,16.170,0.000,,45.0000007,11.0032629
1779697312.367248,tractorbeam,sync,sim,1,16.170,0.000,,45.0000007,11.0032824
1779697312.4339826,tractorbeam,sync,sim,1,16.257,0.000,,45.0000008,11.0033019
1779697312.4970865,tractorbeam,sync,sim,1,16.170,0.000,,45.000001,11.0033213
1779697312.619827,tractorbeam,sync,sim,1,16.257,0.000,,45.0000013,11.0033605
1779697312.6811366,tractorbeam,sync,sim,1,16.257,0.000,,45.0000013,11.0033801
1779697312.743476,tractorbeam,sync,sim,1,16.257,0.000,,45.0000016,11.0033999
1779697312.8073988,tractorbeam,sync,sim,1,16.182,0.000,,45.0000017,11.0034195
1779697312.8683865,tractorbeam,sync,sim,1,16.055,0.000,,45.0000019,11.0034393
1779697312.929541,tractorbeam,ramp,sim,1,16.182,1.000,,44.99999497904909,11.003452739864914
1779697312.9942594,tractorbeam,ramp,sim,1,16.182,3.109,,44.999988058098715,11.003446479732128
1779697313.0534313,tractorbeam,ramp,sim,1,16.182,5.318,,44.99998113714886,11.003440219601648
1779697313.1188695,tractorbeam,ramp,sim,1,16.182,7.567,,44.99997421619955,11.003433959473469
1779697313.1812844,tractorbeam,ramp,sim,1,16.182,9.811,,44.99996729525075,11.003427699347593
1779697313.2437177,tractorbeam,ramp,sim,1,16.055,12.098,,44.99996037430248,11.00342143922402
1779697313.305754,tractorbeam,ramp,sim,1,16.003,14.433,,44.99995345335477,11.003415179102753
1779697313.3655357,tractorbeam,ramp,sim,1,16.055,16.806,,44.99994653240757,11.003408918983787
1779697313.4281337,tractorbeam,ramp,sim,1,16.078,19.240,,44.9999396114609,11.00340265886712
1779697313.4927623,tractorbeam,ramp,sim,1,16.003,21.782,,44.99993269051477,11.003396398752761
1779697313.556528,tractorbeam,ramp,sim,1,16.003,24.403,,44.99992576956916,11.003390138640702
1779697313.6168954,tractorbeam,ramp,sim,1,15.956,27.136,,44.99991884862409,11.003383878530945
1779697313.6806836,tractorbeam,ramp,sim,1,15.956,29.958,,44.99991192767955,11.003377618423492
1779697313.7417405,tractorbeam,ramp,sim,1,15.956,32.883,,44.99990500673554,11.003371358318343
1779697313.8055992,tractorbeam,ramp,sim,1,16.003,35.883,,44.999898085792054,11.003365098215495
1779697313.8664224,tractorbeam,ramp,sim,1,15.956,38.934,,44.99989116484912,11.00335883811495
1779697313.9307199,tractorbeam,ramp,sim,1,16.003,42.054,,44.9998842439067,11.00335257801671
1779697313.9912832,tractorbeam,ramp,sim,1,15.956,45.204,,44.99987732296481,11.003346317920771
1779697314.0525744,tractorbeam,ramp,sim,1,15.956,48.420,,44.99987040202345,11.003340057827135
1779697314.1183558,tractorbeam,ramp,sim,1,16.068,51.665,,44.99986348108263,11.003333797735799
1779697314.1784873,tractorbeam,ramp,sim,1,15.956,54.954,,44.999856560142334,11.00332753764677
1779697314.2415156,tractorbeam,ramp,sim,1,15.956,58.282,,44.999849639202566,11.003321277560042
1779697314.305095,tractorbeam,ramp,sim,1,15.956,61.638,,44.99984271826334,11.003315017475616
1779697314.3657413,tractorbeam,ramp,sim,1,15.907,65.024,,44.999835797324636,11.003308757393496
1779697314.4290376,tractorbeam,ramp,sim,1,15.956,68.452,,44.99982887638646,11.003302497313674
1779697314.4926856,tractorbeam,ramp,sim,1,15.907,71.895,,44.99982195544882,11.00329623723616
1779697314.5526018,tractorbeam,ramp,sim,1,15.872,75.374,,44.999815034511705,11.003289977160945
1779697314.616342,tractorbeam,ramp,sim,1,15.872,78.874,,44.99980811357514,11.003283717088035
1779697314.679328,tractorbeam,ramp,sim,1,15.793,82.414,,44.99980119263908,11.003277457017424
1779697314.7421005,tractorbeam,adaptive,sim,1,15.793,85.964,,44.99979427170357,11.00327119694912
1779697314.8054943,tractorbeam,adaptive,sim,1,15.853,85.964,22.902,44.99980317197377,11.003304596547387
1779697314.8661683,tractorbeam,adaptive,sim,1,15.853,85.964,21.911,44.999812672241966,11.003337896136147
1779697314.9274907,tractorbeam,adaptive,sim,1,15.853,85.964,20.853,44.99982237251064,11.003371295720743
1779697314.9918883,tractorbeam,adaptive,sim,1,15.907,85.964,19.773,44.999832372781,11.003404895300264
1779697315.0542507,tractorbeam,adaptive,sim,1,15.853,85.964,18.660,44.99984297305144,11.003438694866514
1779697315.114137,tractorbeam,adaptive,sim,1,15.907,85.964,17.480,44.99985377332237,11.0034725944286
1779697315.1804464,tractorbeam,adaptive,sim,1,15.907,85.964,16.278,44.999864873593616,11.003506593984815
1779697315.2438116,tractorbeam,adaptive,sim,1,15.907,85.964,15.042,44.99987627386564,11.0035406935367
1779697315.3036726,tractorbeam,adaptive,sim,1,15.882,85.964,13.773,44.99988807413864,11.003574993080264
1779697315.3648472,tractorbeam,adaptive,sim,1,15.882,114.888,12.460,44.99979427170357,11.00327119694912
1779697315.429864,tractorbeam,adaptive,sim,1,15.882,114.888,22.902,44.99980657207965,11.003305696346573
1779697315.4926298,tractorbeam,adaptive,sim,1,15.836,114.888,21.532,44.99981897245789,11.003340395739873
1779697315.5528636,tractorbeam,adaptive,sim,1,15.836,114.888,20.152,44.99983157283755,11.003375195129717
1779697315.6133919,tractorbeam,adaptive,sim,1,15.882,114.888,18.749,44.999844573215825,11.003409994508305
1779697315.6765525,tractorbeam,adaptive,sim,1,15.882,114.888,17.302,44.999857773594385,11.003444793884368
1779697315.739993,tractorbeam,adaptive,sim,1,15.882,114.888,15.833,44.999871273971706,11.00347959325147
1779697315.8032272,tractorbeam,adaptive,sim,1,15.882,114.888,14.330,44.99988517434897,11.00351439261145
1779697315.8653815,tractorbeam,adaptive,sim,1,15.862,114.888,12.782,44.99989927472817,11.003549391964981
1779697315.9294338,tractorbeam,adaptive,sim,0,15.862,114.888,11.213,44.999913575106994,11.003584391313918
1779697315.9932013,tractorbeam,adaptive,sim,0,15.835,114.888,9.621,44.99992817548642,11.003619490655035
1779697316.1131394,tractorbeam,adaptive,sim,0,15.835,114.888,7.995,44.99995777624403,11.003689589331074
1779697316.1758509,tractorbeam,adaptive,sim,0,15.835,114.888,4.700,44.99997287662253,11.003724688660705
1779697316.2398813,tractorbeam,adaptive,sim,0,15.819,114.888,3.019,44.99998807700266,11.003759887989178
1779697316.3043332,tractorbeam,adaptive,sim,0,15.819,114.888,1.327,45.000003377381454,11.003794987316283
1779697316.3652093,tractorbeam,adaptive,sim,0,15.803,149.520,0.376,44.999863767700035,11.003445276894844
1779697316.427552,tractorbeam,adaptive,sim,0,15.803,149.520,15.165,44.9998791682026,11.00348067601999
1779697316.491682,tractorbeam,adaptive,sim,0,15.803,149.520,13.451,44.99989446870294,11.003515975146628
1779697316.5520203,tractorbeam,adaptive,sim,0,15.790,149.520,11.748,44.99991016919957,11.003551074263791
1779697316.6162968,tractorbeam,adaptive,sim,0,15.790,149.520,10.000,44.999925869696206,11.003586173380956
1779697316.6768858,tractorbeam,adaptive,sim,0,15.800,149.520,8.252,44.99994187019081,11.003621172490412
1779697316.7388544,tractorbeam,adaptive,sim,0,15.800,149.520,6.471,44.99995817068278,11.003655971596027
1779697316.802415,tractorbeam,adaptive,sim,0,15.800,149.520,4.656,44.999974671168985,11.003690470696629
1779697316.8629768,tractorbeam,adaptive,sim,0,15.785,149.520,2.820,44.9999915716554,11.003724969788028
1779697316.927854,tractorbeam,adaptive,sim,0,15.785,149.520,0.938,45.000008472137324,11.003759168883018
1779697316.9926574,tractorbeam,adaptive,sim,0,15.783,149.520,0.943,45.000025472618155,11.003793367972367
1779697317.0532684,tractorbeam,adaptive,sim,0,15.778,149.520,2.836,45.00004257309972,11.003827567061421
1779697317.1161642,tractorbeam,adaptive,sim,0,15.778,149.520,4.739,45.00005977357959,11.003861666148703
1779697317.1773884,tractorbeam,adaptive,sim,0,15.764,149.520,6.654,45.00007687405727,11.00389566523748
1779697317.239314,tractorbeam,adaptive,sim,0,15.764,149.520,8.558,45.000094174533984,11.003929564324187
1779697317.300051,tractorbeam,adaptive,sim,0,15.763,149.520,10.483,45.000111375009986,11.003963463411191
1779697317.3644662,tractorbeam,adaptive,sim,0,15.763,149.520,12.398,45.000128375486334,11.003997362504128
1779697317.4299364,tractorbeam,adaptive,sim,0,15.683,149.520,14.291,45.00014537596717,11.004031561593477
1779697317.4907985,tractorbeam,adaptive,sim,0,15.610,149.520,16.183,45.00016227644519,11.004065560688185
1779697317.5534456,tractorbeam,adaptive,sim,0,15.610,149.520,18.065,45.00017887692229,11.004099459792991
1779697317.614514,tractorbeam,adaptive,sim,0,15.694,149.520,19.912,45.00019527740422,11.004133658900141
1779697317.6780646,tractorbeam,adaptive,sim,0,15.694,149.520,21.738,45.00021147788502,11.004167758014427
1779697317.7416477,tractorbeam,adaptive,sim,0,15.694,149.520,23.542,45.00022737836694,11.004201957133747
1779697317.8629296,tractorbeam,adaptive,sim,0,15.718,149.520,25.312,45.00025797933507,11.004270555402929
1779697317.9275727,tractorbeam,adaptive,sim,0,15.718,149.520,28.718,45.000272879824784,11.004305154547133
1779697317.991489,tractorbeam,adaptive,sim,0,15.641,149.520,30.377,45.00028728031392,11.004339653707374
1779697318.0527005,tractorbeam,adaptive,sim,0,15.641,149.520,31.980,45.00030168080247,11.00437405287148
1779697318.1145508,tractorbeam,adaptive,sim,0,15.641,149.520,33.583,45.000315481293605,11.004408552052192
1779697318.178987,tractorbeam,adaptive,sim,0,15.626,149.520,35.119,45.00032848178677,11.004443151252772
1779697318.3003275,tractorbeam,adaptive,sim,0,15.650,149.520,36.566,45.00035228277977,11.004512649710295
1779697318.3641741,tractorbeam,adaptive,sim,0,15.650,149.520,39.216,45.00036268327974,11.004547448982963
1779697318.4292505,tractorbeam,adaptive,sim,0,15.677,149.520,40.374,45.00037238378281,11.004582248281743
1779697318.4899433,tractorbeam,adaptive,sim,0,15.677,149.520,41.454,45.000381384281745,11.00461674760221
1779697318.550695,tractorbeam,adaptive,sim,0,15.677,149.520,42.456,45.00038908478394,11.00465124696392
1779697318.6150062,tractorbeam,adaptive,sim,0,15.677,149.520,43.313,45.000395185279174,11.00468514637761
1779697318.6771436,tractorbeam,adaptive,sim,0,15.677,149.520,43.992,45.00039948576873,11.004718445851882
1779697318.7396705,tractorbeam,adaptive,sim,0,15.695,149.520,44.471,45.00040218624832,11.004750945380524
1779697318.8026848,tractorbeam,adaptive,sim,0,15.695,149.520,44.771,45.00040378672244,11.004782944947785
1779697318.8635445,tractorbeam,adaptive,sim,0,15.695,149.520,44.949,45.000404687196365,11.004814844537014
1779697318.9263768,tractorbeam,adaptive,sim,0,15.695,149.520,45.050,45.0004057876699,11.004846744120306
1779697318.991406,tractorbeam,adaptive,sim,0,15.695,149.520,45.172,45.00040708813949,11.00487834370392
1779697319.1119075,tractorbeam,adaptive,sim,0,15.709,149.520,45.317,45.00041158900799,11.004937342851644
1779697319.176389,tractorbeam,adaptive,sim,0,15.776,149.520,45.818,45.00041428941201,11.004964842437401
1779697319.237439,tractorbeam,adaptive,sim,0,15.776,149.520,46.118,45.00041728979937,11.004991142033942
1779697319.3003793,tractorbeam,adaptive,sim,0,15.846,149.520,46.452,45.000420690168646,11.005016341629096
1779697319.3648942,tractorbeam,adaptive,sim,0,15.776,149.520,46.831,45.00042399051962,11.005040241245432
1779697319.4252765,tractorbeam,adaptive,sim,0,15.846,149.520,47.198,45.000426990848425,11.00506274088207
1779697319.487745,tractorbeam,adaptive,sim,0,15.846,149.520,47.532,45.00043009115702,11.005083840535146
1779697319.550274,tractorbeam,adaptive,sim,0,15.776,149.520,47.878,45.00043279144304,11.005103440215358
1779697319.6138847,tractorbeam,adaptive,sim,0,15.846,149.520,48.178,45.000435091705896,11.005121439926564
1779697319.6768558,tractorbeam,adaptive,sim,0,15.846,149.520,48.434,45.000437191946716,11.005137939661642
1779697319.7400892,tractorbeam,adaptive,sim,0,15.862,149.520,48.668,45.00043859216788,11.00515303943423
1779697319.861962,tractorbeam,adaptive,sim,0,15.846,149.520,48.824,45.00044039253913,11.005178539057253
1779697319.9252708,tractorbeam,adaptive,sim,0,15.846,149.520,49.024,45.000440692691186,11.005188938916001
1779697319.989681,tractorbeam,adaptive,sim,0,15.801,149.520,49.058,45.00044039282674,11.005198038813434
1779697320.1130095,tractorbeam,adaptive,sim,0,15.771,149.520,49.024,45.000438893035515,11.005212138676015
1779697320.1739068,tractorbeam,adaptive,sim,0,15.761,149.520,48.857,45.00043739311021,11.005217138652734
1779697320.2378297,tractorbeam,adaptive,sim,0,15.771,149.520,48.690,45.00043539316519,11.005220638667563
1779697320.3015652,tractorbeam,adaptive,sim,0,15.771,149.520,48.468,45.000432993203,11.005222938708608
1779697320.3624523,tractorbeam,adaptive,sim,0,15.771,149.520,48.201,45.0004300932154,11.005223538782142
1779697320.427371,tractorbeam,adaptive,sim,0,15.771,149.520,47.878,45.00042679321062,11.005222938881895
1779697320.5483136,tractorbeam,adaptive,sim,0,15.771,149.520,47.510,45.00041829312709,11.005216739189542
1779697320.6145465,tractorbeam,adaptive,sim,0,15.785,149.520,46.564,45.00041319305058,11.005211239395948
1779697320.6749935,tractorbeam,adaptive,sim,0,15.785,149.520,45.996,45.000401792846006,11.005196339904339
1779697320.7361264,tractorbeam,adaptive,sim,0,15.785,149.520,44.727,45.000401792843284,11.005196339896328
1779697320.7999234,tractorbeam,adaptive,sim,0,15.813,149.520,44.727,45.00039529271346,11.005187040192377
1779697320.8641808,tractorbeam,adaptive,sim,0,15.785,149.520,44.004,45.00038839256793,11.005176640513442
1779697320.924635,tractorbeam,adaptive,sim,0,15.785,149.520,43.236,45.00038079240127,11.005164740873214
1779697320.9873054,tractorbeam,adaptive,sim,0,15.785,149.520,42.390,45.00037289221633,11.005151641253562
1779697321.0475833,tractorbeam,adaptive,sim,0,15.785,149.520,41.510,45.00036439201544,11.005137341668728
1779697321.1113842,tractorbeam,adaptive,sim,0,15.785,149.520,40.564,45.00035529179775,11.00512184211605
1779697321.1768243,tractorbeam,adaptive,sim,0,15.785,149.520,39.551,45.00034599156697,11.005105442580064
1779697321.2987554,tractorbeam,adaptive,sim,0,15.813,149.520,38.516,45.00032549105359,11.005068943608707
1779697321.3626275,tractorbeam,adaptive,sim,0,15.741,149.520,36.233,45.00031459077881,11.00504934416112
1779697321.4234297,tractorbeam,adaptive,sim,0,15.741,149.520,35.020,45.00030349048648,11.005028544733824
1779697321.487426,tractorbeam,adaptive,sim,0,15.741,149.520,33.784,45.000291990182944,11.005006945327956
1779697321.5483022,tractorbeam,adaptive,sim,0,15.741,149.520,32.504,45.00027988986346,11.004984145956906
1779697321.614736,tractorbeam,adaptive,sim,0,15.757,149.520,31.157,45.000267689535214,11.004960746595998
1779697321.6755252,tractorbeam,adaptive,sim,0,15.757,149.520,29.799,45.000254989195916,11.004936547259494
1779697321.7362413,tractorbeam,adaptive,sim,0,15.757,149.520,28.385,45.00024188884332,11.00491134794948
1779697321.8013387,tractorbeam,adaptive,sim,0,15.757,149.520,26.927,45.000228288484166,11.00488564866028
1779697321.8628697,tractorbeam,adaptive,sim,0,15.757,149.520,25.413,45.00021458811471,11.00485924938242
1779697321.9246206,tractorbeam,adaptive,sim,0,15.757,149.520,23.888,45.000200287735346,11.004832050134596
1779697321.9884002,tractorbeam,adaptive,sim,0,15.701,149.520,22.296,45.00018568734903,11.004804350901649
1779697322.1104321,tractorbeam,adaptive,sim,0,15.647,149.520,20.671,45.00015528655172,11.00474715249288
1779697322.1739411,tractorbeam,adaptive,sim,0,15.647,149.520,17.286,45.00013958614442,11.004717853314373
1779697322.2378814,tractorbeam,adaptive,sim,0,15.647,149.520,15.539,45.000123585733185,11.004688254148357
1779697322.3010032,tractorbeam,adaptive,sim,0,15.647,149.520,13.758,45.00010718531312,11.004657955005243
1779697322.3618572,tractorbeam,adaptive,sim,0,15.782,177.943,11.932,45.00002078844745,11.00427505584738
1779697322.4234142,tractorbeam,adaptive,sim,0,15.782,177.943,2.314,45.00000348793138,11.004244556875541
1779697322.4860125,tractorbeam,adaptive,sim,0,15.835,177.943,0.388,44.99998588742069,11.004214157922785
1779697322.548331,tractorbeam,adaptive,sim,0,15.835,177.943,1.571,44.99996758692828,11.004184758978674
1779697322.6089249,tractorbeam,adaptive,sim,0,15.848,177.943,3.608,44.99994858647343,11.004157260041008
1779697322.6715915,tractorbeam,adaptive,sim,0,15.853,177.943,5.723,44.99992888608575,11.004133361084138
1779697322.734067,tractorbeam,adaptive,sim,0,15.853,177.943,7.916,44.999909585793645,11.00411486203849
1779697322.797166,tractorbeam,adaptive,sim,0,15.894,177.943,10.065,44.999892085594794,11.004101662861709
1779697322.8616312,tractorbeam,adaptive,sim,0,15.868,177.943,12.013,44.99987728547414,11.00409296353534
1779697322.9244301,tractorbeam,adaptive,sim,0,15.868,177.943,13.661,44.99986488542763,11.00408856406955
1779697322.987154,tractorbeam,adaptive,sim,0,15.853,177.943,15.041,44.999854885432825,11.0040871644847
1779697323.0504014,tractorbeam,adaptive,sim,0,15.851,177.943,16.154,44.999846485479154,11.00408826480637
1779697323.1135025,tractorbeam,adaptive,sim,0,15.856,177.943,17.089,44.9998395855526,11.00409096505645
1779697323.1734822,tractorbeam,adaptive,sim,0,15.858,177.943,17.857,44.9998283857464,11.004099965374154
1779697323.23469,tractorbeam,adaptive,sim,0,15.858,177.943,19.104,44.99982838575759,11.004099965409592
1779697323.297881,tractorbeam,adaptive,sim,0,15.858,177.943,19.104,44.999823985875686,11.004105565522245
1779697323.362544,tractorbeam,adaptive,sim,0,15.858,177.943,19.594,44.999820186010695,11.004112165600231
1779697323.423219,tractorbeam,adaptive,sim,0,15.858,177.943,20.017,44.99981668615215,11.004119265654433
1779697323.4876976,tractorbeam,adaptive,sim,0,15.869,177.943,20.406,44.99981368630609,11.00412716567696
1779697323.5499587,tractorbeam,adaptive,sim,0,15.869,177.943,20.740,44.99981108646809,11.004135665670809
1779697323.6100116,tractorbeam,adaptive,sim,0,15.905,177.943,21.030,44.999808686643114,11.004144965643723
1779697323.6721995,tractorbeam,adaptive,sim,0,15.905,177.943,21.297,44.999806486830394,11.004154965600243
1779697323.7342927,tractorbeam,adaptive,sim,0,15.905,177.943,21.542,44.99980458702873,11.004165665533566
1779697323.7981393,tractorbeam,adaptive,sim,0,15.940,177.943,21.753,44.999802987237096,11.004177065440473
1779697323.85864,tractorbeam,adaptive,sim,0,15.905,177.943,21.931,44.999801487457894,11.004189165334566
1779697323.922071,tractorbeam,adaptive,sim,0,15.905,177.943,22.098,44.99980028769076,11.004201965208685
1779697323.9861045,tractorbeam,adaptive,sim,0,15.869,177.943,22.232,44.99979918793944,11.00421576505959
1779697324.0492969,tractorbeam,adaptive,sim,0,15.856,177.943,22.354,44.99979848819537,11.004230064886356
1779697324.1095552,tractorbeam,adaptive,sim,0,15.838,177.943,22.432,44.99979778846854,11.00424526470447
1779697324.1718733,tractorbeam,adaptive,sim,0,15.856,177.943,22.510,44.99979728875859,11.004261364506778
1779697324.2344673,tractorbeam,adaptive,sim,0,15.886,177.943,22.566,44.9997971890595,11.004278164282308
1779697324.2974339,tractorbeam,adaptive,sim,0,15.932,177.943,22.577,44.99979718937363,11.004295764040483
1779697324.3593335,tractorbeam,adaptive,sim,0,15.886,177.943,22.577,44.999797289702,11.004314163784525
1779697324.4230723,tractorbeam,adaptive,sim,0,15.932,177.943,22.566,44.99979779004586,11.004333463502377
1779697324.483201,tractorbeam,adaptive,sim,0,15.872,177.943,22.510,44.999798490400174,11.00435336320515
1779697324.545608,tractorbeam,adaptive,sim,0,15.932,177.943,22.432,44.99979939077393,11.004374362886255
1779697324.610452,tractorbeam,adaptive,sim,0,15.999,177.943,22.332,44.999800591159776,11.004396062547388
1779697324.6730323,tractorbeam,adaptive,sim,0,15.999,177.943,22.198,44.99980199156327,11.00441876218817
1779697324.7333317,tractorbeam,adaptive,sim,0,15.901,177.943,22.042,44.99980359197901,11.004442161812555
1779697324.7948973,tractorbeam,adaptive,sim,0,15.999,177.943,21.864,44.99980549241145,11.00446646141755
1779697324.8590364,tractorbeam,adaptive,sim,0,15.957,177.943,21.652,44.999807592856904,11.004491561001611
1779697324.9224036,tractorbeam,adaptive,sim,0,15.901,177.943,21.419,44.99980989331462,11.00451736056928
1779697324.9849868,tractorbeam,adaptive,sim,0,15.901,177.943,21.163,44.99981239379181,11.004544260115276
1779697325.0471077,tractorbeam,adaptive,sim,0,15.901,177.943,20.884,44.9998153942835,11.00457195963604
1779697325.1073658,tractorbeam,adaptive,sim,0,15.950,177.943,20.550,44.99981849478662,11.004600359140774
1779697325.1704443,tractorbeam,adaptive,sim,0,15.950,177.943,20.205,44.999821695301385,11.004629358637231
1779697325.2348497,tractorbeam,adaptive,sim,0,15.950,177.943,19.849,44.999825295828046,11.004659058110137
1779697325.2978513,tractorbeam,adaptive,sim,0,15.950,177.943,19.448,44.99982919636135,11.004689157567022
1779697325.3611922,tractorbeam,adaptive,sim,0,15.950,177.943,19.014,44.99983319690068,11.00471965701183
1779697325.4232585,tractorbeam,adaptive,sim,0,15.901,177.943,18.568,44.999837497444084,11.004750356446484
1779697325.4837391,tractorbeam,adaptive,sim,0,15.872,177.943,18.090,44.999842097995945,11.004781555863806
1779697325.5446274,tractorbeam,adaptive,sim,0,15.872,177.943,17.578,44.999846898554644,11.004813155268684
1779697325.6072183,tractorbeam,adaptive,sim,0,15.936,177.943,17.043,44.999851799114175,11.004844754673208
1779697325.6726327,tractorbeam,adaptive,sim,0,15.886,177.943,16.498,44.99985689968134,11.004876854060752
1779697325.7327316,tractorbeam,adaptive,sim,0,15.886,177.943,15.930,44.99986240024958,11.004909053432662
1779697325.7940829,tractorbeam,adaptive,sim,0,15.886,177.943,15.318,44.99986810082208,11.004941452797992
1779697325.8587654,tractorbeam,adaptive,sim,0,15.886,177.943,14.683,44.99987390140162,11.004974252154463
1779697325.9227405,tractorbeam,adaptive,sim,0,15.886,177.943,14.037,44.999879901978986,11.0050069515051
1779697325.9857585,tractorbeam,adaptive,sim,0,15.871,177.943,13.369,44.99988600256155,11.005039950848197
1779697326.0479434,tractorbeam,adaptive,sim,0,15.844,210.548,12.690,44.99986530308476,11.004640777004044
1779697326.108561,tractorbeam,adaptive,sim,0,15.844,210.548,14.994,44.999871903799026,11.004674076263525
1779697326.1713448,tractorbeam,adaptive,sim,0,15.871,210.548,14.260,44.99987870451726,11.00470757551161
1779697326.2346551,tractorbeam,adaptive,sim,0,15.901,210.548,13.503,44.99988560523969,11.004741274752634
1779697326.2981908,tractorbeam,adaptive,sim,0,15.871,210.548,12.734,44.99989270596394,11.00477507398363
1779697326.3581636,tractorbeam,adaptive,sim,0,15.844,210.548,11.944,44.99989970668948,11.004808973213693
1779697326.4219873,tractorbeam,adaptive,sim,0,15.844,210.548,11.165,44.999906907417916,11.004842972437629
1779697326.4858947,tractorbeam,adaptive,sim,0,15.844,210.548,10.363,44.99991410815401,11.00487737165221
1779697326.5463738,tractorbeam,adaptive,sim,0,15.871,210.548,9.561,44.99992140889315,11.004911870864985
1779697326.6084692,tractorbeam,adaptive,sim,0,15.871,210.548,8.749,44.999928709633444,11.004946470072499
1779697326.672695,tractorbeam,adaptive,sim,0,15.871,210.548,7.936,44.99993611038332,11.00498146927412
1779697326.7335534,tractorbeam,adaptive,sim,0,15.854,210.548,7.112,44.99994371113607,11.00501656846961
1779697326.796954,tractorbeam,adaptive,sim,0,15.854,210.548,6.266,44.99995121189448,11.00505196766144
1779697326.8583977,tractorbeam,adaptive,sim,0,15.803,210.548,5.431,44.99995871265292,11.005087366853273
1779697326.9196918,tractorbeam,adaptive,sim,0,15.803,210.548,4.596,44.99996641341638,11.005122966037607
1779697326.9843764,tractorbeam,adaptive,sim,0,15.803,210.548,3.739,44.99997431418063,11.005158665208016
1779697327.0446596,tractorbeam,adaptive,sim,0,15.768,210.548,2.859,44.99998991572143,11.005230563554568
1779697327.1071453,tractorbeam,adaptive,sim,0,15.768,241.513,1.123,44.99995015432981,11.004832326546678
1779697327.1710289,tractorbeam,adaptive,sim,0,15.768,241.513,5.549,44.99995805523245,11.004868525635418
1779697327.2319088,tractorbeam,adaptive,sim,0,15.768,241.513,4.669,44.99996605613631,11.00490482471318
1779697327.2938206,tractorbeam,adaptive,sim,0,15.768,241.513,3.779,44.99997405704638,11.004941323792597
1779697327.3588104,tractorbeam,adaptive,sim,0,15.768,241.513,2.888,44.999982057955286,11.004977822867492
1779697327.4221132,tractorbeam,adaptive,sim,0,15.746,241.513,1.997,44.999990058867866,11.005014421945477
1779697327.483316,tractorbeam,adaptive,sim,0,15.746,241.513,1.107,44.99999825978514,11.005051221010547
1779697327.5448472,tractorbeam,adaptive,sim,0,15.755,241.513,0.194,45.00000636070259,11.005088020080644
1779697327.6100478,tractorbeam,adaptive,sim,0,15.755,241.513,0.708,45.00001466162982,11.005125219134959
1779697327.7335749,tractorbeam,adaptive,sim,0,15.755,241.513,1.632,45.00003116348555,11.005199617253137
1779697327.794385,tractorbeam,adaptive,sim,0,15.755,241.513,3.469,45.000039464420354,11.005237116303153
1779697327.8550863,tractorbeam,adaptive,sim,0,15.755,241.513,4.393,45.00004776535376,11.005274515359128
1779697327.91899,tractorbeam,adaptive,sim,0,15.863,241.513,5.317,45.00005616629093,11.00531211440269
1779697327.9823983,tractorbeam,adaptive,sim,0,15.863,241.513,6.252,45.0000646672265,11.00534961344718
1779697328.045059,tractorbeam,adaptive,sim,0,15.755,241.513,7.199,45.00007306816619,11.00538731248931
1779697328.1054902,tractorbeam,adaptive,sim,0,15.863,241.513,8.134,45.000081269106246,11.005425011541488
1779697328.1691792,tractorbeam,adaptive,sim,0,15.863,275.802,9.047,45.0000289187211,11.005032115965482
1779697328.2328348,tractorbeam,adaptive,sim,0,15.863,275.802,3.219,45.0000371198082,11.005070014909286
1779697328.2936485,tractorbeam,adaptive,sim,0,15.863,275.802,4.132,45.00004522089258,11.005107813860397
1779697328.357802,tractorbeam,adaptive,sim,0,15.863,275.802,5.034,45.00005322198004,11.005145712815747
1779697328.418478,tractorbeam,adaptive,sim,0,15.863,275.802,5.925,45.0000612230704,11.00518371176956
1779697328.4830885,tractorbeam,adaptive,sim,0,15.993,275.802,6.815,45.00006942415461,11.005221510714902
1779697328.5438817,tractorbeam,adaptive,sim,0,15.886,275.802,7.728,45.00007752524311,11.005259409669678
1779697328.608553,tractorbeam,adaptive,sim,0,15.886,275.802,8.630,45.0000855263347,11.005297408628694
1779697328.6692789,tractorbeam,adaptive,sim,0,16.019,275.802,9.521,45.000093827425744,11.005335407570387
1779697328.7307665,tractorbeam,adaptive,sim,0,16.019,275.802,10.445,45.00010192851716,11.005373406523624
1779697328.7950182,tractorbeam,adaptive,sim,0,15.877,275.802,11.347,45.000110129612985,11.005411605462823
1779697328.8564987,tractorbeam,adaptive,sim,0,15.708,275.802,12.260,45.00011823070731,11.005449704414527
1779697328.9205768,tractorbeam,adaptive,sim,0,15.877,275.802,13.161,45.00012623179889,11.005487703373547
1779697328.9837916,tractorbeam,adaptive,sim,0,15.784,275.802,14.052,45.00013423289049,11.00552570233257
1779697329.0447438,tractorbeam,adaptive,sim,0,15.784,275.802,14.943,45.00014213398103,11.005563701292168
1779697329.1064773,tractorbeam,adaptive,sim,0,15.784,275.802,15.822,45.00014993507297,11.005601700262737
1779697329.1705525,tractorbeam,adaptive,sim,0,15.723,275.802,16.691,45.00015773616369,11.005639699228116
1779697329.2341163,tractorbeam,adaptive,sim,0,15.723,275.802,17.559,45.000165237253256,11.005677598217547
1779697329.295663,tractorbeam,adaptive,sim,0,15.738,275.802,18.394,45.00017273833869,11.005715397203323
1779697329.3566964,tractorbeam,adaptive,sim,0,15.738,275.802,19.229,45.0001800394274,11.005753296199112
1779697329.417468,tractorbeam,adaptive,sim,0,15.738,275.802,20.042,45.00018704051082,11.005790995215298
1779697329.4825864,tractorbeam,adaptive,sim,0,15.784,275.802,20.821,45.00019384158879,11.00582849424611
1779697329.5448062,tractorbeam,adaptive,sim,0,15.784,275.802,21.578,45.00020054266401,11.005865893284234
1779697329.6090431,tractorbeam,adaptive,sim,0,15.784,275.802,22.324,45.00020704374128,11.005903392327177
1779697329.7304049,tractorbeam,adaptive,sim,0,15.784,275.802,23.048,45.00021904587433,11.005977590483102
1779697329.7938747,tractorbeam,adaptive,sim,0,15.784,275.802,24.384,45.00022454694005,11.006014589596676
1779697329.8585014,tractorbeam,adaptive,sim,0,15.740,275.802,24.996,45.0002297480034,11.006051488729106
1779697329.919353,tractorbeam,adaptive,sim,0,15.740,275.802,25.575,45.000235049057856,11.006088087860375
1779697329.9816167,tractorbeam,adaptive,sim,0,15.740,275.802,26.166,45.000239850110276,11.006124587022057
1779697330.0440395,tractorbeam,adaptive,sim,0,15.783,275.802,26.700,45.000244251157596,11.006160886209912
1779697330.1108618,tractorbeam,adaptive,sim,0,15.854,275.802,27.190,45.00024825220147,11.006197085417204
1779697330.229947,tractorbeam,adaptive,sim,0,15.809,275.802,27.635,45.00025405425464,11.006268283961695
1779697330.2944703,tractorbeam,adaptive,sim,0,15.959,275.802,28.281,45.000255855264626,11.006303183316012
1779697330.3557904,tractorbeam,adaptive,sim,0,15.809,275.802,28.482,45.00025725627241,11.006337982694967
1779697330.4207797,tractorbeam,adaptive,sim,0,15.959,275.802,28.638,45.00025795728265,11.006372782119538
1779697330.4810286,tractorbeam,adaptive,sim,0,16.063,275.802,28.716,45.00025785827687,11.00640698159953
1779697330.5446074,tractorbeam,adaptive,sim,0,16.063,275.802,28.705,45.000256759252494,11.006440481148028
1779697330.6074986,tractorbeam,adaptive,sim,0,15.959,275.802,28.582,45.00025426019911,11.006472980782348
1779697330.669816,tractorbeam,adaptive,sim,0,15.842,275.802,28.304,45.00025026112218,11.006504580517122
1779697330.735606,tractorbeam,adaptive,sim,0,15.842,275.802,27.859,45.00024496203716,11.006535780338309
1779697330.8573377,tractorbeam,adaptive,sim,0,15.842,275.802,27.269,45.000234263850764,11.006597779971823
1779697330.9174337,tractorbeam,adaptive,sim,0,15.842,275.802,26.078,45.000229764766026,11.006629079740085
1779697330.9807854,tractorbeam,adaptive,sim,0,15.842,275.802,25.577,45.00022636568176,11.006660379455221
1779697331.044843,tractorbeam,adaptive,sim,0,15.842,275.802,25.199,45.00022386659301,11.006691579119927
1779697331.1052232,tractorbeam,adaptive,sim,0,15.842,275.802,24.921,45.0002221674871,11.006722278740929
1779697331.1685634,tractorbeam,adaptive,sim,0,15.945,275.802,24.732,45.00022106835276,11.006752078335929
1779697331.2323189,tractorbeam,adaptive,sim,0,15.842,275.802,24.609,45.00022056919242,11.006780977915316
1779697331.2931862,tractorbeam,adaptive,sim,0,15.784,275.802,24.554,45.000220369983815,11.006808277496777
1779697331.3568192,tractorbeam,adaptive,sim,0,15.784,275.802,24.531,45.00022037073587,11.006834277081486
1779697331.4170372,tractorbeam,adaptive,sim,0,15.784,275.802,24.532,45.00022037145136,11.006858976691374
1779697331.4804974,tractorbeam,adaptive,sim,0,15.784,275.802,24.532,45.00022027212171,11.006882076336828
1779697331.5412395,tractorbeam,adaptive,sim,0,15.734,275.802,24.521,45.00021997274473,11.006903576013237
1779697331.606753,tractorbeam,adaptive,sim,0,15.784,275.802,24.487,45.000219673324125,11.006923575712705
1779697331.6670256,tractorbeam,adaptive,sim,0,15.784,275.802,24.454,45.00021917385859,11.006941975453515
1779697331.7286456,tractorbeam,adaptive,sim,0,15.784,275.802,24.398,45.00021817434745,11.00695877524779
1779697331.792481,tractorbeam,adaptive,sim,0,15.742,275.802,24.287,45.00021727478839,11.006973975055697
1779697331.8571308,tractorbeam,adaptive,sim,0,15.742,275.802,24.187,45.00021597518765,11.006987674914955
1779697331.980478,tractorbeam,adaptive,sim,0,15.716,275.802,24.042,45.000212575841545,11.007010174739408
1779697332.0443158,tractorbeam,adaptive,sim,0,15.716,275.802,23.664,45.00021047609859,11.007018974714994
1779697332.1048002,tractorbeam,adaptive,sim,0,15.708,275.802,23.430,45.000208176313606,11.007026274730384
1779697332.1674511,tractorbeam,adaptive,sim,0,15.716,275.802,23.174,45.00020577648932,11.007032174778265
1779697332.2323835,tractorbeam,adaptive,sim,0,15.716,275.802,22.907,45.00020297661803,11.007036474868647
1779697332.3540928,tractorbeam,adaptive,sim,0,15.716,275.802,22.595,45.00019687674139,11.0070404751438
1779697332.4190764,tractorbeam,adaptive,sim,0,15.708,275.802,21.916,45.00019367672425,11.007039775328948
1779697332.4797928,tractorbeam,adaptive,sim,0,15.716,275.802,21.560,45.00019007666833,11.007037675563913
1779697332.5409818,tractorbeam,adaptive,sim,0,15.716,275.802,21.159,45.00018627656337,11.007033875836559
1779697332.6061392,tractorbeam,adaptive,sim,0,15.716,275.802,20.736,45.000182176418235,11.007028676148046
1779697332.6686902,tractorbeam,adaptive,sim,0,15.716,275.802,20.280,45.00017797622678,11.00702187648991
1779697332.7320657,tractorbeam,adaptive,sim,0,15.716,275.802,19.812,45.000173675993594,11.007013676853873
1779697332.8529308,tractorbeam,adaptive,sim,0,15.739,275.802,19.334,45.00016407538533,11.006992377709674
1779697332.9163928,tractorbeam,adaptive,sim,0,15.739,275.802,18.265,45.00015907501677,11.006979478186313
1779697332.9802861,tractorbeam,adaptive,sim,0,15.739,275.802,17.708,45.00015397461642,11.006965478685636
1779697333.0406582,tractorbeam,adaptive,sim,0,15.769,275.802,17.140,45.000143173707045,11.006933579794467
1779697333.101867,tractorbeam,adaptive,sim,0,15.769,275.802,15.938,45.00014317370582,11.006933579789271
1779697333.1650047,tractorbeam,adaptive,sim,0,15.780,275.802,15.938,45.0001375731959,11.006915780375882
1779697333.2291813,tractorbeam,adaptive,sim,0,15.771,275.802,15.315,45.00013177265266,11.006896780997689
1779697333.292662,tractorbeam,adaptive,sim,0,15.771,275.802,14.669,45.00012597206873,11.006876381641014
1779697333.353687,tractorbeam,adaptive,sim,0,15.771,275.802,14.023,45.00011997145609,11.006854982311264
1779697333.4152782,tractorbeam,adaptive,sim,0,15.771,275.802,13.355,45.00011397081149,11.006832482998426
1779697333.4797783,tractorbeam,adaptive,sim,0,15.780,304.952,12.687,45.00007818740716,11.006433810539246
1779697333.542777,tractorbeam,adaptive,sim,0,15.780,304.952,8.704,45.00007178661045,11.006408911334772
1779697333.6037023,tractorbeam,adaptive,sim,0,15.780,304.952,7.991,45.00006558578231,11.00638301213912
1779697333.6668706,tractorbeam,adaptive,sim,0,15.785,304.952,7.301,45.00005908493007,11.006356312981248
1779697333.730876,tractorbeam,adaptive,sim,0,15.785,304.952,6.577,45.00005278405483,11.006328913821653
1779697333.8534634,tractorbeam,adaptive,sim,0,15.780,304.952,5.876,45.00003978227328,11.006273015562998
1779697333.9163876,tractorbeam,adaptive,sim,0,15.780,304.952,4.429,45.00003328137182,11.006244716442128
1779697333.9796143,tractorbeam,adaptive,sim,0,15.780,304.952,3.705,45.000026580457764,11.006216017340465
1779697334.0425577,tractorbeam,adaptive,sim,0,15.771,304.952,2.959,45.000019879527535,11.006186818246755
1779697334.1029263,tractorbeam,adaptive,sim,0,15.771,304.952,2.213,45.000013178592106,11.006157419162006
1779697334.166281,tractorbeam,adaptive,sim,0,15.780,304.952,1.467,45.00000617766043,11.006128120094946
1779697334.230652,tractorbeam,adaptive,sim,0,15.816,304.952,0.688,44.99999917673327,11.006098921032084
1779697334.35207,tractorbeam,adaptive,sim,0,15.816,304.952,0.092,44.99998367491716,11.00604162298527
1779697334.416978,tractorbeam,adaptive,sim,0,15.806,304.952,1.817,44.99997567410175,11.006015823932625
1779697334.4777436,tractorbeam,adaptive,sim,0,15.770,304.952,2.708,44.999968273396526,11.005993424793163
1779697334.5400245,tractorbeam,adaptive,sim,0,15.919,334.150,3.532,44.99994291770261,11.005596674910386
1779697334.6047015,tractorbeam,adaptive,sim,0,15.923,334.150,6.354,44.999938117251915,11.005583475521892
1779697334.6672316,tractorbeam,adaptive,sim,0,15.855,334.150,6.889,44.99993501696356,11.005574875944733
1779697334.7292457,tractorbeam,adaptive,sim,0,15.855,334.150,7.234,44.99993331680959,11.00557007621314
1779697334.791661,tractorbeam,adaptive,sim,0,15.923,334.150,7.423,44.999933016777966,11.005568776325603
1779697334.853845,tractorbeam,adaptive,sim,0,16.004,334.150,7.457,44.999933216861876,11.005570776342756
1779697334.9176607,tractorbeam,adaptive,sim,0,15.988,334.150,7.434,44.99993421704554,11.0055755762642
1779697335.039382,tractorbeam,adaptive,sim,0,16.004,334.150,7.323,44.99993711763275,11.005591675886922
1779697335.1049874,tractorbeam,adaptive,sim,0,15.988,334.150,7.000,44.99993901802361,11.005602475621806
1779697335.164882,tractorbeam,adaptive,sim,0,15.988,334.150,6.788,44.99994101845843,11.005614475336527
1779697335.227423,tractorbeam,adaptive,sim,0,15.988,334.150,6.566,44.999943018921755,11.005627275038272
1779697335.291651,tractorbeam,adaptive,sim,0,15.988,334.150,6.343,44.99994531941764,11.005641074689798
1779697335.3512747,tractorbeam,adaptive,sim,0,15.971,334.150,6.087,44.999947719949986,11.005655974303652
1779697335.413412,tractorbeam,adaptive,sim,0,15.971,334.150,5.820,44.99995012051316,11.005671773896541
1779697335.4787984,tractorbeam,adaptive,sim,0,15.907,334.150,5.553,44.9999526211222,11.005688973440515
1779697335.5400898,tractorbeam,adaptive,sim,0,15.907,366.515,5.274,44.999926625624425,11.005292003620381
1779697335.6039488,tractorbeam,adaptive,sim,0,15.907,366.515,8.168,44.99992932637956,11.005311303094635
1779697335.668174,tractorbeam,adaptive,sim,0,15.907,366.515,7.867,44.999932027183206,11.005331802555894
1779697335.7279441,tractorbeam,adaptive,sim,0,15.907,366.515,7.567,44.99993482802722,11.005353401976947
1779697335.7909975,tractorbeam,adaptive,sim,0,15.907,366.515,7.255,44.99993752891197,11.005376101373404
1779697335.8517926,tractorbeam,adaptive,sim,0,15.971,366.515,6.954,44.999940529836756,11.00539990071404
1779697335.9145184,tractorbeam,adaptive,sim,0,15.971,366.515,6.620,44.99994363080067,11.005424700030186
1779697335.9785674,tractorbeam,adaptive,sim,0,15.815,366.515,6.275,44.99994663178957,11.005450199328413
1779697336.0420086,tractorbeam,adaptive,sim,0,15.672,366.515,5.941,44.99994983280959,11.005476498597682
1779697336.102912,tractorbeam,adaptive,sim,0,15.672,366.515,5.585,44.99995323386328,11.005503697829297
1779697336.164154,tractorbeam,adaptive,sim,0,15.672,366.515,5.206,44.99995653493679,11.005531397060379
1779697336.2279265,tractorbeam,adaptive,sim,0,15.750,366.515,4.839,44.99996003602703,11.0055594962762
1779697336.2915602,tractorbeam,adaptive,sim,0,15.672,366.515,4.449,44.99996363714325,11.005588295465513
1779697336.3524785,tractorbeam,adaptive,sim,0,15.743,366.515,4.048,44.99996733827244,11.005617394649034
1779697336.414925,tractorbeam,adaptive,sim,0,15.815,366.515,3.636,44.999971039429134,11.005647193820884
1779697336.4781992,tractorbeam,adaptive,sim,0,15.743,366.515,3.224,44.99997494059861,11.005677292979144
1779697336.540893,tractorbeam,adaptive,sim,0,15.743,400.334,2.790,44.99994486635478,11.00527672501381
1779697336.6033795,tractorbeam,adaptive,sim,0,15.815,400.334,6.137,44.99994886766603,11.00530742411807
1779697336.666017,tractorbeam,adaptive,sim,0,15.815,400.334,5.692,44.99995286900885,11.005338823217938
1779697336.7292418,tractorbeam,adaptive,sim,0,15.827,400.334,5.247,44.99995707034991,11.005370222292992
1779697336.8509517,tractorbeam,adaptive,sim,0,15.832,400.334,4.779,44.9999656730649,11.00543392037965
1779697336.9150388,tractorbeam,adaptive,sim,0,15.832,400.334,3.821,44.999970374446804,11.005466319386954
1779697336.9757574,tractorbeam,adaptive,sim,0,15.832,400.334,3.298,44.99997487583613,11.005498818425039
1779697337.0402045,tractorbeam,adaptive,sim,0,15.832,400.334,2.797,44.99997967724507,11.00553181742112
1779697337.101174,tractorbeam,adaptive,sim,0,15.832,400.334,2.262,44.999984578668176,11.005565116411164
1779697337.1659951,tractorbeam,adaptive,sim,0,15.832,400.334,1.717,44.99998978010368,11.005598715370354
1779697337.2264895,tractorbeam,adaptive,sim,0,15.832,400.334,1.138,44.99999478154383,11.00563241434493
1779697337.291202,tractorbeam,adaptive,sim,0,15.888,400.334,0.581,45.00000018300053,11.005666513278374
1779697337.3519733,tractorbeam,adaptive,sim,0,15.888,400.334,0.020,45.00000548446601,11.00570081221692
1779697337.4122434,tractorbeam,adaptive,sim,0,15.888,400.334,0.611,45.00001098594116,11.005735311142596
1779697337.4737911,tractorbeam,adaptive,sim,0,15.953,400.334,1.223,45.00001648743784,11.00577031005964
1779697337.5397315,tractorbeam,adaptive,sim,0,15.973,400.334,1.835,45.000022088938664,11.0058054089664
1779697337.5995994,tractorbeam,adaptive,sim,0,15.973,434.265,2.459,44.99998668622562,11.00541155098843
1779697337.6616702,tractorbeam,adaptive,sim,0,15.973,434.265,1.482,44.999992587882666,11.005447149798973
1779697337.7240367,tractorbeam,adaptive,sim,0,15.973,434.265,0.825,44.99999828955557,11.005483048631097
1779697337.7857778,tractorbeam,adaptive,sim,0,16.028,434.265,0.190,45.000004291232635,11.005519047433516
1779697337.8483737,tractorbeam,adaptive,sim,0,16.096,434.265,0.478,45.000010292917615,11.005555246223963
1779697337.9148138,tractorbeam,adaptive,sim,0,16.041,434.265,1.146,45.000016394608565,11.00559154501168
1779697337.9774582,tractorbeam,adaptive,sim,0,16.041,434.265,1.825,45.00002249631356,11.005628143794002
1779697338.0992746,tractorbeam,adaptive,sim,0,16.017,434.265,2.504,45.00003529975677,11.005702041298608
1779697338.160654,tractorbeam,adaptive,sim,0,16.017,434.265,3.930,45.00004180148449,11.005739140034724
1779697338.228072,tractorbeam,adaptive,sim,0,16.135,434.265,4.653,45.00004850322739,11.005776538755212
1779697338.2894263,tractorbeam,adaptive,sim,0,16.017,434.265,5.399,45.00005520497495,11.005814037473897
1779697338.3528976,tractorbeam,adaptive,sim,0,16.135,434.265,6.145,45.00006200673173,11.005851736179686
1779697338.412317,tractorbeam,adaptive,sim,0,16.135,434.265,6.903,45.00006870848867,11.005889434894781
1779697338.4733512,tractorbeam,adaptive,sim,0,16.135,434.265,7.649,45.000075710246556,11.005927133590337
1779697338.5396347,tractorbeam,adaptive,sim,0,16.019,434.265,8.428,45.0000826120172,11.00596513228143
1779697338.5992188,tractorbeam,adaptive,sim,0,16.019,434.265,9.196,45.00008941378802,11.006003130981826
1779697338.6608458,tractorbeam,adaptive,sim,0,16.019,468.447,9.953,45.00004713794897,11.00561177279879
1779697338.7273405,tractorbeam,adaptive,sim,0,16.019,468.447,5.247,45.00005403987791,11.005650071401643
1779697338.7866385,tractorbeam,adaptive,sim,0,16.035,468.447,6.016,45.000060841790294,11.005688070011153
1779697338.8489242,tractorbeam,adaptive,sim,0,16.035,468.447,6.773,45.000067643712796,11.005726268616906
1779697338.9123352,tractorbeam,adaptive,sim,0,15.919,468.447,7.530,45.000074545635144,11.005764467212602
1779697338.9774787,tractorbeam,adaptive,sim,0,15.919,468.447,8.298,45.000081447552425,11.005802565810185
1779697339.0383334,tractorbeam,adaptive,sim,0,15.900,468.447,9.067,45.00008844948119,11.005840864402996
1779697339.1008542,tractorbeam,adaptive,sim,0,15.900,468.447,9.846,45.00009545140996,11.00587916299581
1779697339.1642725,tractorbeam,adaptive,sim,0,15.840,468.447,10.626,45.00010245333873,11.005917461588625
1779697339.2861488,tractorbeam,adaptive,sim,0,15.858,468.447,11.405,45.000116457194714,11.00599405876522
1779697339.3512354,tractorbeam,adaptive,sim,0,15.780,468.447,12.964,45.00012345912349,11.006032357358043
1779697339.4116855,tractorbeam,adaptive,sim,0,15.780,468.447,13.743,45.000130561052096,11.006070655940814
1779697339.4769623,tractorbeam,adaptive,sim,0,15.780,468.447,14.534,45.00013756297581,11.006108854535526
1779697339.5388758,tractorbeam,adaptive,sim,0,15.780,468.447,15.313,45.00014466490288,11.00614715310926
1779697339.59986,tractorbeam,adaptive,sim,0,15.780,468.447,16.104,45.00015156681664,11.006185151717796
1779697339.6615765,tractorbeam,adaptive,sim,0,15.858,468.447,16.872,45.0001585687287,11.006223150307237
1779697339.7244802,tractorbeam,adaptive,sim,0,15.858,468.447,17.652,45.0001653706411,11.006261148916783
1779697339.7868674,tractorbeam,adaptive,sim,0,15.871,468.447,18.409,45.000172072548615,11.006299047538265
1779697339.851751,tractorbeam,adaptive,sim,0,15.949,468.447,19.155,45.00017867443453,11.006336546168297
1779697339.911658,tractorbeam,adaptive,sim,0,15.871,468.447,19.890,45.00018517632568,11.006374144806491
1779697339.9732623,tractorbeam,adaptive,sim,0,15.871,468.447,20.614,45.00019147820199,11.006411443470446
1779697340.0365334,tractorbeam,adaptive,sim,0,15.871,468.447,21.315,45.00019758007864,11.006448742154506
1779697340.101115,tractorbeam,adaptive,sim,0,15.809,468.447,21.995,45.00020358194535,11.006485840852385
1779697340.1612153,tractorbeam,adaptive,sim,0,15.884,468.447,22.663,45.000209483802095,11.006522739564081
1779697340.2225733,tractorbeam,adaptive,sim,0,15.884,468.447,23.320,45.000215085642665,11.006559338302544
1779697340.2858603,tractorbeam,adaptive,sim,0,15.884,468.447,23.943,45.00022058747833,11.00659583705295
1779697340.3495286,tractorbeam,adaptive,sim,0,15.819,468.447,24.556,45.00022578930943,11.006632235835385
1779697340.4134402,tractorbeam,adaptive,sim,0,15.819,468.447,25.135,45.00023099112539,11.00666833462348
1779697340.4747915,tractorbeam,adaptive,sim,0,15.819,468.447,25.714,45.00023589293173,11.006704233445497
1779697340.5382984,tractorbeam,adaptive,sim,0,15.819,468.447,26.259,45.000240394723555,11.006739832313373
1779697340.5986958,tractorbeam,adaptive,sim,0,15.819,468.447,26.761,45.00024489650879,11.006775331174085
1779697340.6623256,tractorbeam,adaptive,sim,0,15.884,468.447,27.262,45.000249098280904,11.006810530079655
1779697340.722483,tractorbeam,adaptive,sim,0,15.819,468.447,27.729,45.00025300003683,11.006845429011985
1779697340.7867963,tractorbeam,adaptive,sim,0,15.884,468.447,28.164,45.00025660178971,11.006880227985395
1779697340.8478413,tractorbeam,adaptive,sim,0,15.819,468.447,28.565,45.00026010352608,11.006914726965467
1779697340.9135168,tractorbeam,adaptive,sim,0,15.819,468.447,28.955,45.00026320524793,11.0069489259914
1779697340.9746602,tractorbeam,adaptive,sim,0,15.798,468.447,29.300,45.00026610695495,11.006982825043085
1779697341.0353112,tractorbeam,adaptive,sim,0,15.798,468.447,29.623,45.00026860865759,11.007016624136863
1779697341.0983362,tractorbeam,adaptive,sim,0,15.798,468.447,29.901,45.00027061034086,11.007050023288434
1779697341.161693,tractorbeam,adaptive,sim,0,15.798,468.447,30.124,45.00027251201416,11.00708322245382
1779697341.2260168,tractorbeam,adaptive,sim,0,15.776,468.447,30.336,45.0002741136728,11.007116121655013
1779697341.350572,tractorbeam,adaptive,sim,0,15.758,468.447,30.514,45.00027591695399,11.007181220193225
1779697341.4114494,tractorbeam,adaptive,sim,0,15.758,468.447,30.715,45.00027621857943,11.007213419538274
1779697341.4721053,tractorbeam,adaptive,sim,0,15.758,468.447,30.749,45.000276220188205,11.007245218939103
1779697341.5368967,tractorbeam,adaptive,sim,0,15.758,468.447,30.749,45.00027602179579,11.007277018350988
1779697341.5982604,tractorbeam,adaptive,sim,0,15.940,468.447,30.727,45.00027542338382,11.007308417810618
1779697341.6614482,tractorbeam,adaptive,sim,0,15.940,468.447,30.660,45.00027432496258,11.007339617324268
1779697341.7263887,tractorbeam,adaptive,sim,0,15.940,468.447,30.538,45.00027262652213,11.007370416905761
1779697341.8484232,tractorbeam,adaptive,sim,0,15.940,468.447,30.349,45.000267629603904,11.007431316215625
1779697341.9131675,tractorbeam,adaptive,sim,0,15.697,468.447,29.792,45.00026393111978,11.007461216006051
1779697341.9738147,tractorbeam,adaptive,sim,0,15.697,468.447,29.381,45.00025983261763,11.007490715853264
1779697342.0347896,tractorbeam,adaptive,sim,0,15.697,468.447,28.924,45.00025513410639,11.007520015764547
1779697342.100296,tractorbeam,adaptive,sim,0,15.826,468.447,28.401,45.00024953557796,11.00754891578287
1779697342.1604097,tractorbeam,adaptive,sim,0,15.826,468.447,27.778,45.00024313702407,11.007577315881978
1779697342.2217371,tractorbeam,adaptive,sim,0,15.826,468.447,27.066,45.000235538441856,11.007605116113
1779697342.2854016,tractorbeam,adaptive,sim,0,15.741,468.447,26.220,45.00022693981078,11.007631916463371
1779697342.349622,tractorbeam,adaptive,sim,0,15.741,468.447,25.263,45.00021704115811,11.007658216962865
1779697342.4129374,tractorbeam,adaptive,sim,0,15.741,468.447,24.161,45.00020624243462,11.007683117570148
1779697342.4731956,tractorbeam,adaptive,sim,0,15.795,468.447,22.959,45.00019514357505,11.007705318258456
1779697342.5346253,tractorbeam,adaptive,sim,0,15.795,468.447,21.723,45.00018404453841,11.00772401901271
1779697342.5986376,tractorbeam,adaptive,sim,0,15.795,468.447,20.488,45.000173345293675,11.007738619804007
1779697342.6608815,tractorbeam,adaptive,sim,0,15.795,468.447,19.297,45.000163145865955,11.007749620612879
1779697342.7245219,tractorbeam,adaptive,sim,0,15.795,468.447,18.161,45.000153646253395,11.00775702141018
1779697342.7862983,tractorbeam,adaptive,sim,0,15.735,468.447,17.104,45.00014464647304,11.007761122219403
1779697342.8498578,tractorbeam,adaptive,sim,0,15.795,468.447,16.102,45.00013604652857,11.00776202303967
1779697342.9099255,tractorbeam,adaptive,sim,0,15.820,468.447,15.145,45.00011974625317,11.007756124761954
1779697342.9708722,tractorbeam,adaptive,sim,0,15.820,468.447,13.330,45.000119746247044,11.007756124725779
1779697343.0347466,tractorbeam,adaptive,sim,0,15.820,468.447,13.330,45.0001119459152,11.007749425599785
1779697343.100165,tractorbeam,adaptive,sim,0,15.820,498.908,12.462,45.00008365873188,11.007350560939303
1779697343.162552,tractorbeam,adaptive,sim,0,15.820,498.908,9.313,45.000076158141226,11.007339561897352
1779697343.2867637,tractorbeam,adaptive,sim,0,15.851,498.908,8.478,45.00006085669268,11.007312663920445
1779697343.347011,tractorbeam,adaptive,sim,0,15.820,498.908,6.775,45.00005315584471,11.007296865001805
1779697343.409022,tractorbeam,adaptive,sim,0,15.851,498.908,5.917,45.00004535494674,11.007280166101527
1779697343.4729524,tractorbeam,adaptive,sim,0,15.851,498.908,5.049,45.000037453994224,11.007262367262067
1779697343.5368714,tractorbeam,adaptive,sim,0,15.851,498.908,4.169,45.00002965299138,11.007243668419516
1779697343.599242,tractorbeam,adaptive,sim,0,15.827,498.908,3.301,45.0000216519542,11.007224269631173
1779697343.661623,tractorbeam,adaptive,sim,0,15.897,498.908,2.410,45.00001375086127,11.007203870841659
1779697343.722031,tractorbeam,adaptive,sim,0,15.911,498.908,1.531,45.000005749750045,11.007183072089862
1779697343.7823248,tractorbeam,adaptive,sim,0,15.911,498.908,0.640,44.99999764858656,11.007161273377658
1779697343.846038,tractorbeam,adaptive,sim,0,15.945,498.908,0.262,44.99998944740162,11.007139074683863
1779697343.91071,tractorbeam,adaptive,sim,0,15.945,498.908,1.175,44.99998124616965,11.007115976017015
1779697343.974497,tractorbeam,adaptive,sim,0,15.911,498.908,2.088,44.99997314495373,11.007093177333676
1779697344.0347857,tractorbeam,adaptive,sim,0,15.911,498.908,2.989,44.99996574381375,11.007071778557993
1779697344.0954394,tractorbeam,adaptive,sim,0,15.911,498.908,3.813,44.99995904280223,11.007052779661109
1779697344.1608498,tractorbeam,adaptive,sim,0,15.945,528.513,4.559,44.999941753122116,11.006655836462455
1779697344.2207627,tractorbeam,adaptive,sim,0,15.911,528.513,6.484,44.999937752433176,11.006643537218554
1779697344.2832527,tractorbeam,adaptive,sim,0,15.945,528.513,6.929,44.9999351519269,11.006634437763264
1779697344.3441482,tractorbeam,adaptive,sim,0,15.911,528.513,7.219,44.99993365162835,11.00662893813323
1779697344.410368,tractorbeam,adaptive,sim,0,15.945,528.513,7.386,44.999933351525875,11.006626838320953
1779697344.4731293,tractorbeam,adaptive,sim,0,15.911,528.513,7.419,44.999933651605865,11.006627938378161
1779697344.5329378,tractorbeam,adaptive,sim,0,15.911,528.513,7.386,44.999934551848526,11.006631838333128
1779697344.5945497,tractorbeam,adaptive,sim,0,15.911,528.513,7.286,44.999935752199654,11.006637638217013
1779697344.6590736,tractorbeam,adaptive,sim,0,15.864,528.513,7.152,44.99993715262497,11.006644738052863
1779697344.720729,tractorbeam,adaptive,sim,0,15.820,528.513,6.996,44.99993885312431,11.006653137829286
1779697344.7810836,tractorbeam,adaptive,sim,0,15.864,528.513,6.807,44.99994055365491,11.006662137573551
1779697344.8457327,tractorbeam,adaptive,sim,0,15.921,528.513,6.618,44.99994235422546,11.006671837292826
1779697344.9107509,tractorbeam,adaptive,sim,0,15.864,528.513,6.417,44.99994435482848,11.006682136967415
1779697344.9709344,tractorbeam,adaptive,sim,0,15.820,528.513,6.194,44.99994635545861,11.006692936622041
1779697345.0322464,tractorbeam,adaptive,sim,0,15.820,528.513,5.972,44.9999482561217,11.006704336266152
1779697345.0988545,tractorbeam,adaptive,sim,0,15.820,528.513,5.760,44.99995045681712,11.006716335854184
1779697345.1596117,tractorbeam,adaptive,sim,0,15.820,528.513,5.515,44.999952557534066,11.006728735435589
1779697345.22176,tractorbeam,adaptive,sim,0,16.034,560.406,5.281,44.99993449449443,11.006334056352907
1779697345.2842443,tractorbeam,adaptive,sim,0,16.077,560.406,7.292,44.99993679531645,11.006347455875193
1779697345.3443704,tractorbeam,adaptive,sim,0,15.959,560.406,7.036,44.99993919616876,11.006361355375496
1779697345.407386,tractorbeam,adaptive,sim,0,15.959,560.406,6.769,44.999941597072635,11.006376154836243
1779697345.4717577,tractorbeam,adaptive,sim,0,15.959,560.406,6.501,44.99994409801738,11.006391654260177
1779697345.5345006,tractorbeam,adaptive,sim,0,15.885,560.406,6.223,44.999946699013556,11.006408053632454
1779697345.5945024,tractorbeam,adaptive,sim,0,15.948,560.406,5.933,44.999949200081346,11.006425652982234
1779697345.657412,tractorbeam,adaptive,sim,0,15.948,560.406,5.655,44.999952101213864,11.006444352250991
1779697345.7203853,tractorbeam,adaptive,sim,0,15.948,560.406,5.332,44.99995490241802,11.006464251497256
1779697345.783252,tractorbeam,adaptive,sim,0,15.948,560.406,5.020,44.9999577036892,11.006485250721793
1779697345.8453345,tractorbeam,adaptive,sim,0,15.937,560.406,4.708,44.999960705023774,11.00650734987862
1779697345.910497,tractorbeam,adaptive,sim,0,15.937,560.406,4.374,44.9999638064252,11.006530549001617
1779697345.9714513,tractorbeam,adaptive,sim,0,15.937,560.406,4.029,44.99996710787663,11.006554548095496
1779697346.0329704,tractorbeam,adaptive,sim,0,15.937,560.406,3.662,44.999970409385746,11.006579547147844
1779697346.0943568,tractorbeam,adaptive,sim,0,15.937,560.406,3.294,44.99997371092693,11.006605046201207
1779697346.1583314,tractorbeam,adaptive,sim,0,15.958,560.406,2.926,44.999977112515055,11.006631345215775
1779697346.2218933,tractorbeam,adaptive,sim,0,15.958,593.634,2.548,44.99995555799119,11.006235132382889
1779697346.3441777,tractorbeam,adaptive,sim,0,15.937,593.634,4.947,44.99996276151801,11.006290130244425
1779697346.4076843,tractorbeam,adaptive,sim,0,15.937,593.634,4.145,44.99996636332269,11.006318229180414
1779697346.4722016,tractorbeam,adaptive,sim,0,15.913,593.634,3.744,44.9999701651497,11.00634662810777
1779697346.532691,tractorbeam,adaptive,sim,0,15.871,593.634,3.321,44.99997396700737,11.006375527013487
1779697346.5974166,tractorbeam,adaptive,sim,0,15.871,593.634,2.898,44.99997796888242,11.006404725875926
1779697346.6591492,tractorbeam,adaptive,sim,0,15.835,593.634,2.452,44.9999820707638,11.00643402472351
1779697346.7200284,tractorbeam,adaptive,sim,0,15.871,593.634,1.996,44.99998607267597,11.006463823562289
1779697346.784006,tractorbeam,adaptive,sim,0,15.923,593.634,1.550,44.99999027459909,11.00649382235981
1779697346.84579,tractorbeam,adaptive,sim,0,15.871,593.634,1.083,44.99999447653513,11.006524021153298
1779697346.9080203,tractorbeam,adaptive,sim,0,15.871,593.634,0.615,44.99999887850479,11.006554719922567
1779697346.9682648,tractorbeam,adaptive,sim,0,15.923,593.634,0.125,45.00000338049201,11.006585718661398
1779697347.035328,tractorbeam,adaptive,sim,0,15.982,593.634,0.376,45.000007882498636,11.006617017394177
1779697347.0949302,tractorbeam,adaptive,sim,0,15.957,593.634,0.877,45.000012484519644,11.006648516121631
1779697347.157147,tractorbeam,adaptive,sim,0,16.050,593.634,1.390,45.00001698656834,11.0066804148654
1779697347.2215705,tractorbeam,adaptive,sim,0,16.100,593.634,1.891,45.0000217886278,11.006712513555074
1779697347.2808802,tractorbeam,adaptive,sim,0,16.050,627.233,2.425,44.99999578482612,11.006319111194749
1779697347.3433342,tractorbeam,adaptive,sim,0,16.050,627.233,0.469,45.000000587051204,11.006351809853044
1779697347.404479,tractorbeam,adaptive,sim,0,15.954,627.233,0.065,45.00000548929663,11.006384808491548
1779697347.4691699,tractorbeam,adaptive,sim,0,16.050,627.233,0.611,45.00001039156085,11.00641810711162
1779697347.5322092,tractorbeam,adaptive,sim,0,16.050,627.233,1.157,45.000015393833465,11.00645150572826
1779697347.5933266,tractorbeam,adaptive,sim,0,15.954,627.233,1.714,45.00002039613853,11.006485404322323
1779697347.6591666,tractorbeam,adaptive,sim,0,16.050,627.233,2.270,45.000025698444794,11.006519302887869
1779697347.718838,tractorbeam,adaptive,sim,0,16.100,627.233,2.861,45.000031000771564,11.006553501447204
1779697347.781714,tractorbeam,adaptive,sim,0,16.100,627.233,3.451,45.00003640311867,11.00658799998674
1779697347.8455253,tractorbeam,adaptive,sim,0,16.050,627.233,4.052,45.00004170548646,11.006622798533643
1779697347.9085882,tractorbeam,adaptive,sim,0,16.050,627.233,4.643,45.000047407867235,11.006657797022095
1779697347.9701397,tractorbeam,adaptive,sim,0,15.988,627.233,5.277,45.00005301025672,11.00669289553427
1779697348.0317483,tractorbeam,adaptive,sim,0,15.988,627.233,5.901,45.00005861266671,11.006728294040228
1779697348.0918572,tractorbeam,adaptive,sim,0,16.100,627.233,6.525,45.00006441511053,11.006764192508673
1779697348.1550384,tractorbeam,adaptive,sim,0,16.133,627.233,7.171,45.00007011754256,11.006799891007057
1779697348.2160263,tractorbeam,adaptive,sim,0,16.089,627.233,7.805,45.00007592000689,11.006836089469289
1779697348.2802484,tractorbeam,adaptive,sim,0,16.089,627.233,8.451,45.00008172247294,11.00687228794374
1779697348.342491,tractorbeam,adaptive,sim,0,16.089,661.139,9.097,45.00005046320129,11.006480611120539
1779697348.4054937,tractorbeam,adaptive,sim,0,16.040,661.139,5.618,45.00005626582468,11.006517109522704
1779697348.4698243,tractorbeam,adaptive,sim,0,15.944,661.139,6.263,45.000062168453375,11.00655370789553
1779697348.5325382,tractorbeam,adaptive,sim,0,15.944,661.139,6.921,45.00006787108961,11.006590406294865
1779697348.5925684,tractorbeam,adaptive,sim,0,15.944,661.139,7.555,45.00007387374153,11.006627304659846
1779697348.6543417,tractorbeam,adaptive,sim,0,16.012,661.139,8.224,45.00007987640786,11.006664403020558
1779697348.7171338,tractorbeam,adaptive,sim,0,15.984,661.139,8.892,45.0000858790742,11.006701501381274
1779697348.7796192,tractorbeam,adaptive,sim,0,15.989,661.139,9.560,45.00009188174952,11.006738699752743
1779697348.8412766,tractorbeam,adaptive,sim,0,16.005,661.139,10.228,45.0000979844373,11.006776098092729
1779697348.904926,tractorbeam,adaptive,sim,0,16.005,661.139,10.908,45.000104087126864,11.006813496445607
1779697348.9663956,tractorbeam,adaptive,sim,0,16.005,661.139,11.587,45.00011018982909,11.006851094781329
1779697349.02952,tractorbeam,adaptive,sim,0,16.005,661.139,12.266,45.00011629252585,11.006888593132077
1779697349.0928156,tractorbeam,adaptive,sim,0,16.005,661.139,12.946,45.00012239523528,11.006926291465664
1779697349.1546369,tractorbeam,adaptive,sim,0,16.005,661.139,13.625,45.00012849795368,11.006964089810005
1779697349.2178228,tractorbeam,adaptive,sim,0,16.021,661.139,14.304,45.00013460066312,11.007001788143599
1779697349.279901,tractorbeam,adaptive,sim,0,16.005,661.139,14.984,45.00014070338873,11.007039686485811
1779697349.3407671,tractorbeam,adaptive,sim,0,16.005,661.139,15.663,45.00014670609831,11.007077384833735
1779697349.4047387,tractorbeam,adaptive,sim,0,16.005,661.139,16.331,45.00015260881529,11.007115183193845
1779697349.469003,tractorbeam,adaptive,sim,0,15.998,661.139,16.988,45.00015841152523,11.007152881570423
1779697349.5297964,tractorbeam,adaptive,sim,0,15.977,661.139,17.634,45.000164314235,11.007190579932676
1779697349.5941696,tractorbeam,adaptive,sim,0,15.998,661.139,18.291,45.00016991693805,11.007228178340041
1779697349.6543438,tractorbeam,adaptive,sim,0,15.977,661.139,18.915,45.00017551964833,11.007265876745269
1779697349.7189336,tractorbeam,adaptive,sim,0,15.998,661.139,19.539,45.00018102233713,11.007303275171232
1779697349.7807937,tractorbeam,adaptive,sim,0,15.998,661.139,20.151,45.00018642502434,11.007340673598634
1779697349.8423762,tractorbeam,adaptive,sim,0,15.998,661.139,20.753,45.00019182769889,11.0073778720432
1779697349.9050627,tractorbeam,adaptive,sim,0,15.998,661.139,21.354,45.000197030372014,11.007415070503527
1779697349.9680774,tractorbeam,adaptive,sim,0,15.998,661.139,21.933,45.000202033031066,11.007452068996777
1779697350.0317323,tractorbeam,adaptive,sim,0,15.983,661.139,22.490,45.000206935675855,11.007488867508624
1779697350.092107,tractorbeam,adaptive,sim,0,15.937,661.139,23.036,45.00021163830657,11.007525466053387
1779697350.154954,tractorbeam,adaptive,sim,0,15.937,661.139,23.559,45.000216140952034,11.007562264622532
1779697350.2186654,tractorbeam,adaptive,sim,0,15.937,661.139,24.061,45.00022044356177,11.007598563231005
1779697350.278743,tractorbeam,adaptive,sim,0,15.937,661.139,24.540,45.00022464616272,11.00763476184305
1779697350.342443,tractorbeam,adaptive,sim,0,15.937,661.139,25.007,45.000228648749584,11.007670760488022
1779697350.406418,tractorbeam,adaptive,sim,0,15.937,661.139,25.453,45.000232451315135,11.00770645916805
1779697350.466579,tractorbeam,adaptive,sim,0,15.913,661.139,25.876,45.00023595387577,11.00774205790607
1779697350.5293658,tractorbeam,adaptive,sim,0,15.913,661.139,26.266,45.00023925642054,11.007777456664128
1779697350.5903769,tractorbeam,adaptive,sim,0,15.776,661.139,26.634,45.00024235894401,11.007812555457239
1779697350.6548662,tractorbeam,adaptive,sim,0,15.776,661.139,26.979,45.00024516144459,11.007847354286843
1779697350.7180724,tractorbeam,adaptive,sim,0,15.776,661.139,27.291,45.00024776395448,11.007882253155847
1779697350.779636,tractorbeam,adaptive,sim,0,15.847,661.139,27.581,45.00024996642178,11.007916552094958
1779697350.8446193,tractorbeam,adaptive,sim,0,15.847,661.139,27.826,45.000251968880434,11.007950751051974
1779697350.904607,tractorbeam,adaptive,sim,0,15.847,661.139,28.049,45.00025367131798,11.007984650058365
1779697350.9658036,tractorbeam,adaptive,sim,0,15.847,661.139,28.239,45.000255073750566,11.00801844912275
1779697351.0288875,tractorbeam,adaptive,sim,0,15.887,661.139,28.432,45.00025617615304,11.008051848225763
1779697351.0896413,tractorbeam,adaptive,sim,0,15.887,661.139,28.808,45.00025687853457,11.00808494739248
1779697351.1560962,tractorbeam,adaptive,sim,0,15.887,661.139,29.367,45.00025708090971,11.008117946632947
1779697351.2164278,tractorbeam,adaptive,sim,0,15.860,661.139,30.086,45.00025708326533,11.008150645921356
1779697351.2809303,tractorbeam,adaptive,sim,0,15.860,661.139,30.978,45.000256785605266,11.008183145244121
1779697351.341175,tractorbeam,adaptive,sim,0,15.860,661.139,32.015,45.000255887917355,11.008215244661372
1779697351.405133,tractorbeam,adaptive,sim,0,15.860,661.139,33.143,45.00025459021571,11.008247144140187
1779697351.468651,tractorbeam,adaptive,sim,0,15.860,661.139,34.375,45.00025279248604,11.00827864369916
1779697351.5923672,tractorbeam,adaptive,sim,0,15.860,661.139,35.679,45.00024769697697,11.00834094303402
1779697351.656819,tractorbeam,adaptive,sim,0,15.860,661.139,38.478,45.00024419919247,11.008371642853572
1779697351.716866,tractorbeam,adaptive,sim,0,15.860,661.139,39.934,45.00024030140319,11.008402242745438
1779697351.7769125,tractorbeam,adaptive,sim,0,15.860,661.139,41.450,45.000235803587806,11.008432442744676
1779697351.8425665,tractorbeam,adaptive,sim,0,15.931,661.139,42.985,45.000230805757084,11.008462442806914
1779697351.9026215,tractorbeam,adaptive,sim,0,15.860,661.139,44.555,45.00022510789868,11.008492042977949
1779697351.9653091,tractorbeam,adaptive,sim,0,15.931,661.139,46.131,45.000218509998525,11.008521043290711
1779697352.0301967,tractorbeam,adaptive,sim,0,15.931,661.139,47.684,45.00021071204991,11.008549343790301
1779697352.0927086,tractorbeam,adaptive,sim,0,15.809,661.139,49.194,45.00020171403839,11.008576744480981
1779697352.154551,tractorbeam,adaptive,sim,0,15.844,661.139,50.648,45.00019181597071,11.008603345317661
1779697352.2150247,tractorbeam,adaptive,sim,0,15.844,661.139,52.072,45.00018091782538,11.008628846321058
1779697352.2778711,tractorbeam,adaptive,sim,0,15.874,661.139,53.440,45.00016971950753,11.00865194741871
1779697352.3403277,tractorbeam,adaptive,sim,0,15.753,661.139,54.685,45.00015862091381,11.008671248570337
1779697352.4022486,tractorbeam,adaptive,sim,0,15.713,661.139,55.710,45.00014812202529,11.008686449736519
1779697352.4673865,tractorbeam,adaptive,sim,0,15.753,661.139,56.494,45.00013842286147,11.008697850869314
1779697352.528013,tractorbeam,adaptive,sim,0,15.713,661.139,57.052,45.000129323420964,11.008705451984474
1779697352.5888605,tractorbeam,adaptive,sim,0,15.753,661.139,57.365,45.0001208237289,11.00870955310137
1779697352.6508768,tractorbeam,adaptive,sim,0,15.753,661.139,57.449,45.00011292379441,11.008710354177065
1779697352.7159028,tractorbeam,adaptive,sim,0,15.897,661.139,57.311,45.000105323608864,11.008707655297462
1779697352.778722,tractorbeam,adaptive,sim,0,15.897,661.139,56.923,45.000097823196164,11.008701856443992
1779697352.8392334,tractorbeam,adaptive,sim,0,15.882,661.139,56.309,45.000090522554196,11.008692857643135
1779697352.90297,tractorbeam,adaptive,sim,0,15.993,661.139,55.461,45.00008342167943,11.008680658869118
1779697352.9676366,tractorbeam,adaptive,sim,0,15.993,661.139,54.377,45.000076220601215,11.008665660156359
1779697353.0895083,tractorbeam,adaptive,sim,0,15.882,661.139,53.080,45.00006171780705,11.008626862907409
1779697353.153447,tractorbeam,adaptive,sim,0,15.882,661.139,49.819,45.00005431613627,11.008603664385607
1779697353.2180662,tractorbeam,adaptive,sim,0,15.762,661.139,47.900,45.000046914294224,11.008578065927972
1779697353.279247,tractorbeam,adaptive,sim,0,15.882,661.139,45.801,45.000039412308176,11.008550467527389
1779697353.3399155,tractorbeam,adaptive,sim,0,15.882,661.139,43.551,45.0000320101922,11.008521069150948
1779697353.4033215,tractorbeam,adaptive,sim,0,15.963,661.139,41.170,45.00002470796071,11.008490070794371
1779697353.467518,tractorbeam,adaptive,sim,0,15.934,661.139,38.674,45.000017505637096,11.008457772464139
1779697353.5271482,tractorbeam,adaptive,sim,0,15.934,661.139,36.086,45.000010603224716,11.008424274103692
1779697353.5908477,tractorbeam,adaptive,sim,0,15.934,661.139,33.417,45.00000380074184,11.008389775763181
1779697353.650471,tractorbeam,adaptive,sim,0,15.934,661.139,30.684,44.99999709819213,11.00835437741469
1779697353.7147336,tractorbeam,adaptive,sim,0,15.934,661.139,27.897,44.99999049558094,11.008318079096886
1779697353.7746692,tractorbeam,adaptive,sim,0,15.934,661.139,25.060,44.999983992911886,11.008280980781853
1779697353.842046,tractorbeam,adaptive,sim,0,15.934,661.139,22.189,44.99997779018099,11.008242982468865
1779697353.9044378,tractorbeam,adaptive,sim,0,15.827,661.139,19.285,44.99997168739224,11.008204184158647
1779697353.9652264,tractorbeam,adaptive,sim,0,15.820,661.139,16.378,44.99996578457786,11.00816498585411
1779697354.0263743,tractorbeam,adaptive,sim,0,15.913,661.139,13.534,44.99996018169635,11.00812488751296
1779697354.0912077,tractorbeam,adaptive,sim,0,15.913,688.975,10.784,44.999946583862844,11.007726855201353
1779697354.1510708,tractorbeam,adaptive,sim,0,15.913,688.975,5.946,44.99993687757761,11.007643058467883
1779697354.213216,tractorbeam,adaptive,sim,0,15.913,688.975,7.027,44.99993687757938,11.00764305848133
1779697354.2792127,tractorbeam,adaptive,sim,0,15.913,688.975,7.027,44.99993257435755,11.007600060089702
1779697354.3425965,tractorbeam,adaptive,sim,0,15.815,688.975,7.506,44.99992897109872,11.007556561617687
1779697354.4028876,tractorbeam,adaptive,sim,0,15.913,688.975,7.907,44.99992586783329,11.007512963086556
1779697354.4625285,tractorbeam,adaptive,sim,0,15.934,688.975,8.252,44.99992346457776,11.00746946447557
1779697354.526565,tractorbeam,adaptive,sim,0,15.967,688.975,8.520,44.99992166133806,11.00742616578407
1779697354.591841,tractorbeam,adaptive,sim,0,15.934,688.975,8.721,44.99992085823028,11.007384666890951
1779697354.6516619,tractorbeam,adaptive,sim,0,15.947,688.975,8.810,44.99992085540608,11.00734716767119
1779697354.7136848,tractorbeam,adaptive,sim,0,15.947,688.975,8.810,44.99992155291428,11.007314268153698
1779697354.7770321,tractorbeam,adaptive,sim,0,15.947,688.975,8.733,44.99992285075108,11.007285868382468
1779697354.840786,tractorbeam,adaptive,sim,0,15.840,688.975,8.588,44.9999244488382,11.007260968396952
1779697354.9031284,tractorbeam,adaptive,sim,0,15.840,688.975,8.410,44.9999263471226,11.007238768268161
1779697354.9631577,tractorbeam,adaptive,sim,0,15.840,688.975,8.199,44.99992824558398,11.00721896806082
1779697355.025794,tractorbeam,adaptive,sim,0,15.931,688.975,7.988,44.99993064417237,11.007200867742174
1779697355.0872428,tractorbeam,adaptive,sim,0,15.931,688.975,7.721,44.99993314290353,11.007184667367692
1779697355.1533244,tractorbeam,adaptive,sim,0,15.972,718.923,7.442,44.99991907820827,11.006788143234774
1779697355.2128413,tractorbeam,adaptive,sim,0,15.972,718.923,9.008,44.999922177105134,11.00677474269323
1779697355.2759023,tractorbeam,adaptive,sim,0,15.972,718.923,8.663,44.99992537609002,11.006762442126035
1779697355.3407445,tractorbeam,adaptive,sim,0,15.905,718.923,8.307,44.99992897521383,11.006751941442966
1779697355.4025538,tractorbeam,adaptive,sim,0,15.905,718.923,7.906,44.99993277449259,11.006743440670853
1779697355.4622326,tractorbeam,adaptive,sim,0,15.972,718.923,7.484,44.999936973971316,11.006737539751306
1779697355.525614,tractorbeam,adaptive,sim,0,15.972,718.923,7.016,44.99994127363662,11.006734038749563
1779697355.5867877,tractorbeam,adaptive,sim,0,15.972,718.923,6.537,44.999946073487784,11.006732937603202
1779697355.6500888,tractorbeam,adaptive,sim,0,16.012,718.923,6.003,44.99995097350801,11.006734036364982
1779697355.7141573,tractorbeam,adaptive,sim,0,15.905,718.923,5.458,44.99995587366961,11.006736935087353
1779697355.777302,tractorbeam,adaptive,sim,0,15.817,718.923,4.912,44.99996107394495,11.006741333701978
1779697355.8378878,tractorbeam,adaptive,sim,0,15.942,718.923,4.333,44.99996617433831,11.006747232299373
1779697355.900056,tractorbeam,adaptive,sim,0,15.942,718.923,3.765,44.99997157482967,11.006754430793398
1779697355.9640396,tractorbeam,adaptive,sim,0,15.891,718.923,3.164,44.99997677540779,11.006762729294554
1779697356.0270119,tractorbeam,adaptive,sim,0,15.891,718.923,2.585,44.99998197610015,11.006772527734789
1779697356.0903122,tractorbeam,adaptive,sim,0,15.942,718.923,2.006,44.99998737687071,11.00678332612191
1779697356.150313,tractorbeam,adaptive,sim,0,15.951,718.923,1.405,44.999992677718225,11.006795124488706
1779697356.2122653,tractorbeam,adaptive,sim,0,15.951,751.253,0.815,44.99997037736106,11.00639894596586
1779697356.275925,tractorbeam,adaptive,sim,0,15.891,751.253,3.298,44.99997567845541,11.006413244220353
1779697356.3400142,tractorbeam,adaptive,sim,0,15.891,751.253,2.707,44.99998087964215,11.006428642481037
1779697356.4024317,tractorbeam,adaptive,sim,0,15.817,751.253,2.128,44.99998608093199,11.006445340683028
1779697356.4630373,tractorbeam,adaptive,sim,0,15.854,751.253,1.549,44.999991282316714,11.006463238828578
1779697356.5250335,tractorbeam,adaptive,sim,0,15.854,751.253,0.970,44.99999638383307,11.006482736954357
1779697356.5892704,tractorbeam,adaptive,sim,0,15.817,751.253,0.403,45.00000158545234,11.006503535005125
1779697356.6495588,tractorbeam,adaptive,sim,0,15.817,751.253,0.176,45.000011689021704,11.006548231687738
1779697356.7108314,tractorbeam,adaptive,sim,0,15.817,751.253,1.301,45.000011688938706,11.006548231026953
1779697356.7738578,tractorbeam,adaptive,sim,0,15.817,751.253,1.301,45.00001659081772,11.006572229025126
1779697356.837841,tractorbeam,adaptive,sim,0,15.833,751.253,1.847,45.00002149273596,11.00659672699734
1779697356.9001982,tractorbeam,adaptive,sim,0,15.796,751.253,2.393,45.00002619473674,11.006622224979631
1779697356.9632947,tractorbeam,adaptive,sim,0,15.773,751.253,2.916,45.000030896795,11.006648422946137
1779697357.0235941,tractorbeam,adaptive,sim,0,15.833,751.253,3.439,45.00003529889678,11.006675120965006
1779697357.0858777,tractorbeam,adaptive,sim,0,15.833,751.253,3.929,45.00003960104167,11.006702319003603
1779697357.1502976,tractorbeam,adaptive,sim,0,15.773,751.253,4.408,45.0000439032422,11.006730217011729
1779697357.2133324,tractorbeam,adaptive,sim,0,15.771,785.137,4.887,45.00001507076304,11.006330623986
1779697357.2743163,tractorbeam,adaptive,sim,0,15.772,785.137,1.678,45.00001887315719,11.006359522015643
1779697357.3370316,tractorbeam,adaptive,sim,0,15.772,785.137,2.101,45.00002257557922,11.00638872007068
1779697357.401898,tractorbeam,adaptive,sim,0,15.772,785.137,2.513,45.00002617803582,11.006418318133408
1779697357.4621606,tractorbeam,adaptive,sim,0,15.772,785.137,2.914,45.00002958052343,11.006448316190188
1779697357.5226045,tractorbeam,adaptive,sim,0,15.772,785.137,3.293,45.00003288303036,11.006478514274699
1779697357.585501,tractorbeam,adaptive,sim,0,15.772,785.137,3.661,45.000035985578776,11.006509212366277
1779697357.650587,tractorbeam,adaptive,sim,0,15.833,785.137,4.006,45.00003928814581,11.006540110434397
1779697357.7129524,tractorbeam,adaptive,sim,0,15.772,785.137,4.374,45.000042190765285,11.006571608556715
1779697357.775385,tractorbeam,adaptive,sim,0,15.772,785.137,4.697,45.00004509340192,11.006603306674352
1779697357.8386376,tractorbeam,adaptive,sim,0,15.840,785.137,5.020,45.000048096072696,11.006635404765555
1779697357.9587262,tractorbeam,adaptive,sim,0,15.840,785.137,5.354,45.000053501507175,11.006700601072987
1779697358.0219514,tractorbeam,adaptive,sim,0,15.899,785.137,5.956,45.000056004260166,11.00673359925914
1779697358.0855923,tractorbeam,adaptive,sim,0,15.938,785.137,6.234,45.00005850704941,11.00676699745128
1779697358.1480448,tractorbeam,adaptive,sim,0,15.938,785.137,6.513,45.00006080985817,11.006800595688219
1779697358.2106965,tractorbeam,adaptive,sim,0,15.988,785.137,6.769,45.00006311270987,11.006834693913444
1779697358.2727787,tractorbeam,adaptive,sim,0,15.939,819.102,7.026,45.000033331071876,11.006439863009373
1779697358.336322,tractorbeam,adaptive,sim,0,15.939,819.102,3.710,45.00003543408719,11.006474361202384
1779697358.399575,tractorbeam,adaptive,sim,0,15.939,819.102,3.945,45.00003723710329,11.006508859448829
1779697358.463055,tractorbeam,adaptive,sim,0,15.944,819.102,4.145,45.00003894015746,11.00654375771937
1779697358.5834408,tractorbeam,adaptive,sim,0,15.944,819.102,4.335,45.00004214630917,11.006614054267885
1779697358.64659,tractorbeam,adaptive,sim,0,15.944,819.102,4.692,45.00004354940894,11.006649452579692
1779697358.709979,tractorbeam,adaptive,sim,0,15.988,819.102,4.848,45.00004485252883,11.006685050920467
1779697358.7719035,tractorbeam,adaptive,sim,0,15.944,819.102,4.993,45.000046055656,11.006720749260596
1779697358.8354037,tractorbeam,adaptive,sim,0,15.944,819.102,5.127,45.00004715880331,11.006756647629693
1779697358.8984685,tractorbeam,adaptive,sim,0,15.895,819.102,5.250,45.00004796197829,11.00679284604492
1779697358.9611962,tractorbeam,adaptive,sim,0,15.923,819.102,5.339,45.00004896515275,11.006829044424531
1779697359.0219948,tractorbeam,adaptive,sim,0,15.923,819.102,5.451,45.00004976834254,11.006865342885403
1779697359.087465,tractorbeam,adaptive,sim,0,15.923,819.102,5.540,45.000050371571426,11.006901941470746
1779697359.150108,tractorbeam,adaptive,sim,0,15.923,819.102,5.607,45.00005097485678,11.006939040140066
1779697359.2119043,tractorbeam,adaptive,sim,0,15.923,819.102,5.674,45.00005147819892,11.006976638911178
1779697359.2739563,tractorbeam,adaptive,sim,0,15.923,853.350,5.731,45.00002404013033,11.006581268613555
1779697359.3339584,tractorbeam,adaptive,sim,0,15.972,853.350,2.676,45.00002434366961,11.00661936743097
1779697359.394385,tractorbeam,adaptive,sim,0,15.972,853.350,2.710,45.00002454724457,11.006657866240168
1779697359.4580417,tractorbeam,adaptive,sim,0,15.972,853.350,2.733,45.00002455080879,11.006696265072318
1779697359.5204036,tractorbeam,adaptive,sim,0,15.972,853.350,2.733,45.00002435438293,11.00673476393908
1779697359.5860872,tractorbeam,adaptive,sim,0,15.972,853.350,2.711,45.000024257958785,11.00677326280399
1779697359.6463969,tractorbeam,adaptive,sim,0,15.972,853.350,2.700,45.000023961525876,11.006811661708548
1779697359.710357,tractorbeam,adaptive,sim,0,15.997,853.350,2.667,45.00002336511056,11.006850260647056
1779697359.7740073,tractorbeam,adaptive,sim,0,15.997,853.350,2.601,45.00002286868758,11.006888759586234
1779697359.835834,tractorbeam,adaptive,sim,0,15.972,853.350,2.546,45.00002227225556,11.006927158546494
1779697359.8985255,tractorbeam,adaptive,sim,0,15.997,853.350,2.479,45.00002157584251,11.006965757520287
1779697359.9579546,tractorbeam,adaptive,sim,0,16.040,853.350,2.402,45.00002087942014,11.0070042564966
1779697360.018628,tractorbeam,adaptive,sim,0,16.040,853.350,2.324,45.000019882998636,11.007042755528616
1779697360.0811872,tractorbeam,adaptive,sim,0,16.040,853.350,2.213,45.0000190865652,11.007081154509319
1779697360.1444008,tractorbeam,adaptive,sim,0,16.040,853.350,2.125,45.00001789012361,11.007119453566803
1779697360.2064636,tractorbeam,adaptive,sim,0,16.040,853.350,1.992,45.00001679368372,11.00715775262243
1779697360.269708,tractorbeam,adaptive,sim,0,16.074,853.350,1.869,45.00001559723279,11.007195951682444
1779697360.3340132,tractorbeam,adaptive,sim,0,16.040,887.319,1.736,44.99999342636964,11.006802687669913
1779697360.396287,tractorbeam,adaptive,sim,0,16.040,887.319,0.732,44.99999223002205,11.006840486696998
1779697360.4601905,tractorbeam,adaptive,sim,0,16.040,887.319,0.865,44.999990833682816,11.006878385742752
1779697360.5226684,tractorbeam,adaptive,sim,0,16.004,887.319,1.020,44.99998923732479,11.00691608483231
1779697360.5857913,tractorbeam,adaptive,sim,0,16.004,887.319,1.198,44.999987840948705,11.006953583905805
1779697360.6481378,tractorbeam,adaptive,sim,0,15.974,887.319,1.354,44.99998614458331,11.00699118303466
1779697360.7076478,tractorbeam,adaptive,sim,0,15.999,887.319,1.542,44.99998295182185,11.007065781512582
1779697360.7684343,tractorbeam,adaptive,sim,0,15.999,887.319,1.898,44.999982951797584,11.007065781304044
1779697360.8314738,tractorbeam,adaptive,sim,0,15.999,887.319,1.898,44.99998125539331,11.007102980443266
1779697360.8933568,tractorbeam,adaptive,sim,0,15.999,887.319,2.087,44.99997945897195,11.007139979624368
1779697360.9563563,tractorbeam,adaptive,sim,0,15.999,887.319,2.287,44.99997766254084,11.007176878808057
1779697361.0226626,tractorbeam,adaptive,sim,0,15.999,887.319,2.487,44.99997576608863,11.007213577998872
1779697361.0855982,tractorbeam,adaptive,sim,0,15.999,887.319,2.698,44.999973969636066,11.007250277170373
1779697361.205711,tractorbeam,adaptive,sim,0,15.975,887.319,2.898,44.99997027665918,11.00732297551607
1779697361.268165,tractorbeam,adaptive,sim,0,15.952,887.319,3.309,44.99996838013891,11.00735897472502
1779697361.330704,tractorbeam,adaptive,sim,0,15.952,887.319,3.520,44.99996648361093,11.007394873953947
1779697361.393648,tractorbeam,adaptive,sim,0,15.952,921.245,3.731,44.99994995003037,11.006998815485046
1779697361.455345,tractorbeam,adaptive,sim,0,15.943,921.245,5.572,44.99994795359644,11.007034314711884
1779697361.5213144,tractorbeam,adaptive,sim,0,15.943,921.245,5.794,44.99994595715838,11.007069813902621
1779697361.5815089,tractorbeam,adaptive,sim,0,15.943,921.245,6.016,44.99994416069138,11.007105013079226
1779697361.646426,tractorbeam,adaptive,sim,0,15.975,921.245,6.216,44.999942264214624,11.00714011227855
1779697361.7067425,tractorbeam,adaptive,sim,0,15.943,921.245,6.427,44.99994046770722,11.007174911465752
1779697361.7701623,tractorbeam,adaptive,sim,0,15.978,921.245,6.627,44.9999386711897,11.007209610655607
1779697361.8344257,tractorbeam,adaptive,sim,0,15.943,921.245,6.827,44.99993687464394,11.007244009871462
1779697361.8941422,tractorbeam,adaptive,sim,0,15.943,921.245,7.027,44.99993507808605,11.007278309071912
1779697361.9585185,tractorbeam,adaptive,sim,0,15.943,921.245,7.227,44.999933381519725,11.007312508273005
1779697362.018795,tractorbeam,adaptive,sim,0,15.932,921.245,7.416,44.99993188492236,11.007346407441913
1779697362.0826685,tractorbeam,adaptive,sim,0,15.932,921.245,7.583,44.99993028829305,11.007380006620775
1779697362.1450832,tractorbeam,adaptive,sim,0,15.932,921.245,7.760,44.99992899167478,11.007413705754852
1779697362.2087193,tractorbeam,adaptive,sim,0,15.932,921.245,7.905,44.999927695016126,11.007447004899527
1779697362.270802,tractorbeam,adaptive,sim,0,15.914,921.245,8.049,44.9999264983268,11.007480004032075
1779697362.3346848,tractorbeam,adaptive,sim,0,15.932,921.245,8.182,44.999925501636774,11.007513003124501
1779697362.3944986,tractorbeam,adaptive,sim,0,15.932,954.938,8.293,44.999913228757016,11.007116084337763
1779697362.4555113,tractorbeam,adaptive,sim,0,15.932,954.938,9.659,44.99991313211221,11.007148383224438
1779697362.5162697,tractorbeam,adaptive,sim,0,15.935,954.938,9.670,44.99991343542392,11.007180282038659
1779697362.5832925,tractorbeam,adaptive,sim,0,15.935,954.938,9.636,44.99991403868209,11.007211680803954
1779697362.646712,tractorbeam,adaptive,sim,0,15.934,954.938,9.569,44.99991504191775,11.0072428794914
1779697362.7664084,tractorbeam,adaptive,sim,0,15.845,954.938,9.457,44.99991684804618,11.00730197701573
1779697362.830161,tractorbeam,adaptive,sim,0,16.050,954.938,9.256,44.99991735088777,11.007329375928556
1779697362.8921616,tractorbeam,adaptive,sim,0,15.845,954.938,9.200,44.99991735364958,11.007355974985767
1779697362.9543962,tractorbeam,adaptive,sim,0,15.998,954.938,9.200,44.99991685631906,11.007381674171336
1779697363.0164545,tractorbeam,adaptive,sim,0,15.998,954.938,9.256,44.99991615884269,11.007405973436324
1779697363.079004,tractorbeam,adaptive,sim,0,16.069,954.938,9.333,44.99991506114786,11.00742817284125
1779697363.141273,tractorbeam,adaptive,sim,0,16.069,954.938,9.455,44.99991376324225,11.007448372323065
1779697363.204216,tractorbeam,adaptive,sim,0,16.069,954.938,9.600,44.99991226507758,11.007466071932718
1779697363.2670996,tractorbeam,adaptive,sim,0,16.069,954.938,9.767,44.99991066663048,11.007481071636073
1779697363.3293061,tractorbeam,adaptive,sim,0,16.000,954.938,9.945,44.999908867932724,11.00749367144584
1779697363.3924978,tractorbeam,adaptive,sim,0,16.044,954.938,10.145,44.99990706895007,11.007503571309766
1779697363.454603,tractorbeam,adaptive,sim,0,15.985,986.536,10.345,44.999896530483895,11.007107897266954
1779697363.5154998,tractorbeam,adaptive,sim,0,16.044,986.536,11.518,44.99989443097269,11.007112597318644
1779697363.5782967,tractorbeam,adaptive,sim,0,16.044,986.536,11.752,44.99989233120365,11.007114897455601
1779697363.6422703,tractorbeam,adaptive,sim,0,16.044,986.536,11.986,44.999890031182254,11.007114897660042
1779697363.705716,tractorbeam,adaptive,sim,0,15.985,986.536,12.242,44.99988803101006,11.007113497857752
1779697363.7681963,tractorbeam,adaptive,sim,0,15.985,986.536,12.464,44.999886130739974,11.007111198058665
1779697363.8326924,tractorbeam,adaptive,sim,0,15.941,986.536,12.676,44.99988443042574,11.00710849822754
1779697363.892307,tractorbeam,adaptive,sim,0,15.985,986.536,12.865,44.99988303005814,11.007105298364964
1779697363.9544327,tractorbeam,adaptive,sim,0,15.985,986.536,13.021,44.99988202968888,11.007102098416336
1779697364.0177,tractorbeam,adaptive,sim,0,15.941,986.536,13.132,44.99988122928791,11.007098498551812
1779697364.0820928,tractorbeam,adaptive,sim,0,15.917,986.536,13.221,44.99988092915967,11.007097398549774
1779697364.1450553,tractorbeam,adaptive,sim,0,15.917,986.536,13.255,44.999881029209675,11.007097998376283
1779697364.2049198,tractorbeam,adaptive,sim,0,15.900,986.536,13.244,44.99988102918431,11.007097898243527
1779697364.2659671,tractorbeam,adaptive,sim,0,15.900,986.536,13.244,44.99988102916768,11.00709789808867
1779697364.329279,tractorbeam,adaptive,sim,0,15.889,986.536,13.244,44.999881029151084,11.00709789793381
1779697364.392687,tractorbeam,adaptive,sim,0,15.871,986.536,13.244,44.99988102913239,11.007097897759596
1779697364.4558794,tractorbeam,adaptive,sim,0,15.871,986.536,13.244,44.999881029113695,11.007097897585378
1779697364.518866,tractorbeam,adaptive,sim,0,15.846,986.536,13.244,44.999881029092926,11.007097897391805
1779697364.5792055,tractorbeam,adaptive,sim,0,15.846,986.536,13.244,44.99988102907215,11.007097897198234
1779697364.6428924,tractorbeam,adaptive,sim,0,15.846,986.536,13.244,44.99988102904931,11.007097896985305
1779697364.7064712,tractorbeam,adaptive,sim,0,15.846,986.536,13.244,44.99988102902645,11.007097896772374
1779697364.7687752,tractorbeam,adaptive,sim,0,15.809,986.536,13.244,44.99988102900569,11.007097896578799
1779697364.829384,tractorbeam,adaptive,sim,0,15.809,986.536,13.244,44.999881028982834,11.00709789636587
1779697364.8925035,tractorbeam,adaptive,sim,0,15.809,986.536,13.244,44.99988102895999,11.007097896152942
1779697364.9571884,tractorbeam,adaptive,sim,0,15.809,986.536,13.244,44.99988102893714,11.007097895940008
1779697365.0192385,tractorbeam,adaptive,sim,0,15.809,986.536,13.244,44.99988102891429,11.00709789572708
1779697365.0809221,tractorbeam,adaptive,sim,0,15.809,986.536,13.244,44.99988102889145,11.00709789551415
1779697365.1414385,tractorbeam,adaptive,sim,0,15.842,986.536,13.244,44.99988102887068,11.007097895320577
1779697365.204568,tractorbeam,adaptive,sim,0,15.842,986.536,13.244,44.99988102884783,11.007097895107645
1779697365.268946,tractorbeam,adaptive,sim,0,15.842,986.536,13.244,44.99988102882706,11.007097894914072
1779697365.329331,tractorbeam,adaptive,sim,0,15.842,986.536,13.244,44.999881028806286,11.007097894720497
1779697365.394074,tractorbeam,adaptive,sim,0,15.875,986.536,13.244,44.9998810287876,11.007097894546284
1779697365.4543004,tractorbeam,adaptive,sim,0,15.842,986.536,13.244,44.99988102876891,11.007097894372068
1779697365.5143154,tractorbeam,adaptive,sim,0,15.842,986.536,13.244,44.99988102875021,11.007097894197852
1779697365.5812554,tractorbeam,adaptive,sim,0,15.877,986.536,13.244,44.9998810287336,11.007097894042992
1779697365.641397,tractorbeam,adaptive,sim,0,15.877,986.536,13.244,44.99988102871491,11.007097893868776
1779697365.7020578,tractorbeam,adaptive,sim,0,15.877,986.536,13.244,44.999881028700365,11.007097893733278
1779697365.767293,tractorbeam,adaptive,sim,0,15.955,986.536,13.244,44.99988102868581,11.007097893597775
1779697365.8285584,tractorbeam,adaptive,sim,0,15.921,986.536,13.244,44.99988102867543,11.007097893500987
1779697365.8935943,tractorbeam,adaptive,sim,0,15.921,986.536,13.244,44.99988102866505,11.007097893404202
1779697365.9547894,tractorbeam,adaptive,sim,0,15.921,986.536,13.244,44.99988102865466,11.007097893307416
1779697366.015942,tractorbeam,adaptive,sim,0,16.195,986.536,13.244,44.99988102864636,11.007097893229986
1779697366.075685,tractorbeam,adaptive,sim,0,16.317,986.536,13.244,44.99988102863805,11.007097893152558
1779697366.1400034,tractorbeam,adaptive,sim,0,16.317,986.536,13.244,44.999881028631826,11.007097893094485
1779697366.2059329,tractorbeam,adaptive,sim,0,16.317,986.536,13.244,44.999881028627655,11.00709789305577
1779697366.2646294,tractorbeam,adaptive,sim,0,16.317,986.536,13.244,44.99988102862351,11.007097893017056
1779697366.3306193,tractorbeam,adaptive,sim,0,16.404,986.536,13.244,44.999881028619356,11.00709789297834
1779697366.390698,tractorbeam,adaptive,sim,0,16.317,986.536,13.244,44.99988102861728,11.007097892958983
1779697366.456893,tractorbeam,adaptive,sim,0,16.317,986.536,13.244,44.9998810286152,11.007097892939628
1779697366.5155504,tractorbeam,adaptive,sim,0,16.317,986.536,13.244,44.9998810286152,11.007097892939628
1779697366.5801802,tractorbeam,adaptive,sim,0,16.434,986.536,13.244,44.99988102861728,11.007097892958983
1779697366.6399093,tractorbeam,adaptive,sim,0,16.317,986.536,13.244,44.999881028619356,11.00709789297834
1779697366.7050562,tractorbeam,adaptive,sim,0,16.434,986.536,13.244,44.99988102862143,11.007097892997695
1779697366.764126,tractorbeam,adaptive,sim,0,16.317,986.536,13.244,44.99988102862559,11.007097893036413
1779697366.828608,tractorbeam,adaptive,sim,0,16.317,986.536,13.244,44.99988102862974,11.007097893075128
1779697366.892575,tractorbeam,adaptive,sim,0,16.317,986.536,13.244,44.99988102863389,11.007097893113842
1779697366.9526818,tractorbeam,adaptive,sim,0,15.908,986.536,13.244,44.99988102864012,11.007097893171913
1779697367.0142312,tractorbeam,adaptive,sim,0,15.908,986.536,13.244,44.99988102864636,11.007097893229986
1779697367.0786958,tractorbeam,adaptive,sim,0,16.297,986.536,13.244,44.99988102865466,11.007097893307416
1779697367.1394386,tractorbeam,adaptive,sim,0,15.908,986.536,13.244,44.99988102866298,11.007097893384845
1779697367.2025125,tractorbeam,adaptive,sim,0,16.297,986.536,13.244,44.99988102867128,11.007097893462275
1779697367.2648113,tractorbeam,adaptive,sim,0,16.045,986.536,13.244,44.99988102867959,11.007097893539703
1779697367.3286371,tractorbeam,adaptive,sim,0,16.035,986.536,13.244,44.99988102868996,11.00709789363649
1779697367.3922076,tractorbeam,adaptive,sim,0,15.721,986.536,13.244,44.999881028698276,11.007097893713919
1779697367.4515743,tractorbeam,adaptive,sim,0,16.139,986.536,13.244,44.99988102871074,11.007097893830062
1779697367.5136006,tractorbeam,adaptive,sim,0,16.139,986.536,13.244,44.99988102872113,11.007097893926849
1779697367.5768845,tractorbeam,adaptive,sim,0,15.957,986.536,13.244,44.999881028731515,11.007097894023635
1779697367.6405349,tractorbeam,adaptive,sim,0,15.957,986.536,13.244,44.99988102874606,11.007097894159138
1779697367.7037084,tractorbeam,adaptive,sim,0,15.957,986.536,13.244,44.999881028758516,11.00709789427528
1779697367.7639585,tractorbeam,adaptive,sim,0,15.957,986.536,13.244,44.99988102877097,11.007097894391423
1779697367.827561,tractorbeam,adaptive,sim,0,15.957,986.536,13.244,44.99988102878137,11.007097894488211
1779697367.8907754,tractorbeam,adaptive,sim,0,15.957,986.536,13.244,44.99988102879382,11.007097894604357
1779697367.9518294,tractorbeam,adaptive,sim,0,15.957,986.536,13.244,44.999881028806286,11.007097894720497
1779697368.013024,tractorbeam,adaptive,sim,0,15.957,986.536,13.244,44.99988102881875,11.007097894836642
1779697368.0765557,tractorbeam,adaptive,sim,0,15.841,986.536,13.244,44.99988102883121,11.007097894952786
1779697368.1400874,tractorbeam,adaptive,sim,0,15.841,986.536,13.244,44.999881028843674,11.00709789506893
1779697368.2010064,tractorbeam,adaptive,sim,0,15.841,986.536,13.244,44.99988102885406,11.007097895165716
1779697368.2643738,tractorbeam,adaptive,sim,0,15.841,986.536,13.244,44.99988102886652,11.007097895281861
1779697368.328781,tractorbeam,adaptive,sim,0,15.807,986.536,13.244,44.99988102887899,11.007097895398005
1779697368.389174,tractorbeam,adaptive,sim,0,15.807,986.536,13.244,44.99988102889145,11.00709789551415
1779697368.4538682,tractorbeam,adaptive,sim,0,15.807,986.536,13.244,44.99988102890183,11.007097895610935
1779697368.5146925,tractorbeam,adaptive,sim,0,15.767,986.536,13.244,44.99988102891429,11.00709789572708
1779697368.5755436,tractorbeam,adaptive,sim,0,15.767,986.536,13.244,44.99988102892468,11.007097895823867
1779697368.6391087,tractorbeam,adaptive,sim,0,15.807,986.536,13.244,44.99988102893714,11.007097895940008
1779697368.7029235,tractorbeam,adaptive,sim,0,15.767,986.536,13.244,44.999881028947534,11.007097896036795
1779697368.7640243,tractorbeam,adaptive,sim,0,15.767,986.536,13.244,44.9998810289579,11.007097896133581
1779697368.8257196,tractorbeam,adaptive,sim,0,15.767,986.536,13.244,44.999881028968304,11.007097896230368
1779697368.8886907,tractorbeam,adaptive,sim,0,15.772,986.536,13.244,44.99988102897869,11.007097896327155
1779697368.9522872,tractorbeam,adaptive,sim,0,15.772,986.536,13.244,44.999881028987,11.007097896404586
1779697369.0135863,tractorbeam,adaptive,sim,0,15.772,986.536,13.244,44.999881028997386,11.00709789650137
1779697369.074862,tractorbeam,adaptive,sim,0,15.772,986.536,13.244,44.99988102900569,11.007097896578799
1779697369.1388192,tractorbeam,adaptive,sim,0,15.807,986.536,13.244,44.99988102901399,11.00709789665623
1779697369.2026436,tractorbeam,adaptive,sim,0,15.807,986.536,13.244,44.99988102902022,11.0070978967143
1779697369.2651398,tractorbeam,adaptive,sim,0,15.772,986.536,13.244,44.99988102902645,11.007097896772374
1779697369.325898,tractorbeam,adaptive,sim,0,15.808,986.536,13.244,44.99988102903475,11.007097896849805
1779697369.3888228,tractorbeam,adaptive,sim,0,15.808,986.536,13.244,44.999881029040985,11.007097896907872
1779697369.4531033,tractorbeam,adaptive,sim,0,15.808,986.536,13.244,44.99988102904722,11.007097896965945
1779697369.5133362,tractorbeam,adaptive,sim,0,15.808,986.536,13.244,44.99988102905345,11.007097897024018
1779697369.5756454,tractorbeam,adaptive,sim,0,15.808,986.536,13.244,44.999881029057605,11.007097897062733
1779697369.6358793,tractorbeam,adaptive,sim,0,15.808,986.536,13.244,44.99988102906177,11.007097897101447
1779697369.6995883,tractorbeam,adaptive,sim,0,15.808,986.536,13.244,44.999881029068,11.007097897159518
1779697369.7631307,tractorbeam,adaptive,sim,0,15.808,986.536,13.244,44.999881029070075,11.007097897178877
1779697369.8243537,tractorbeam,adaptive,sim,0,15.729,986.536,13.244,44.99988102907423,11.007097897217589
1779697369.888448,tractorbeam,adaptive,sim,0,15.729,986.536,13.244,44.9998810290763,11.00709789723695
1779697369.9489028,tractorbeam,adaptive,sim,0,15.729,986.536,13.244,44.99988102908046,11.007097897275663
1779697370.0133445,tractorbeam,adaptive,sim,0,15.808,986.536,13.244,44.99988102908252,11.00709789729502
1779697370.0746906,tractorbeam,adaptive,sim,0,15.747,986.536,13.244,44.99988102908252,11.00709789729502
1779697370.1364362,tractorbeam,adaptive,sim,0,15.747,986.536,13.244,44.99988102908461,11.007097897314377
1779697370.2003958,tractorbeam,adaptive,sim,0,15.699,986.536,13.244,44.99988102908461,11.007097897314377
1779697370.263975,tractorbeam,adaptive,sim,0,15.699,986.536,13.244,44.99988102908461,11.007097897314377
1779697370.3253472,tractorbeam,adaptive,sim,0,15.697,986.536,13.244,44.99988102908461,11.007097897314377
1779697370.3879836,tractorbeam,adaptive,sim,0,15.697,986.536,13.244,44.99988102908461,11.007097897314377
1779697370.4486465,tractorbeam,adaptive,sim,0,15.677,986.536,13.244,44.99988102908461,11.007097897314377
1779697370.5108685,tractorbeam,adaptive,sim,0,15.760,986.536,13.244,44.99988102908252,11.00709789729502
1779697370.5754516,tractorbeam,adaptive,sim,0,15.760,986.536,13.244,44.99988102908252,11.00709789729502
1779697370.6361597,tractorbeam,adaptive,sim,0,15.760,986.536,13.244,44.99988102908046,11.007097897275663
1779697370.6975467,tractorbeam,adaptive,sim,0,15.760,986.536,13.244,44.99988102907838,11.007097897256306
1779697370.7615519,tractorbeam,adaptive,sim,0,15.760,986.536,13.244,44.9998810290763,11.00709789723695
1779697370.8246868,tractorbeam,adaptive,sim,0,15.752,986.536,13.244,44.99988102907423,11.007097897217589
1779697370.8878052,tractorbeam,adaptive,sim,0,15.760,986.536,13.244,44.99988102907215,11.007097897198234
1779697370.9518259,tractorbeam,adaptive,sim,0,15.760,986.536,13.244,44.999881029070075,11.007097897178877
1779697371.0731227,tractorbeam,adaptive,sim,0,15.778,986.536,13.244,44.99988102906384,11.007097897120804
1779697371.137109,tractorbeam,adaptive,sim,0,15.763,986.536,13.244,44.99988102905969,11.00709789708209
1779697371.201011,tractorbeam,adaptive,sim,0,15.763,986.536,13.244,44.999881029057605,11.007097897062733
1779697371.3226256,tractorbeam,adaptive,sim,0,15.763,986.536,13.244,44.99988102905138,11.00709789700466
1779697371.3856466,tractorbeam,adaptive,sim,0,15.760,986.536,13.244,44.99988102904931,11.007097896985305
1779697371.4467273,tractorbeam,adaptive,sim,0,15.761,986.536,13.244,44.99988102904722,11.007097896965945
1779697371.511453,tractorbeam,adaptive,sim,0,15.778,986.536,13.244,44.999881029043074,11.007097896927233
1779697371.5725281,tractorbeam,adaptive,sim,0,15.778,986.536,13.244,44.999881029040985,11.007097896907872
1779697371.6369603,tractorbeam,adaptive,sim,0,15.778,986.536,13.244,44.99988102903685,11.00709789686916
1779697371.6976929,tractorbeam,adaptive,sim,0,15.778,986.536,13.244,44.99988102903475,11.007097896849805
1779697371.7598665,tractorbeam,adaptive,sim,0,15.778,986.536,13.244,44.999881029032686,11.007097896830444
1779697371.823117,tractorbeam,adaptive,sim,0,15.778,986.536,13.244,44.999881029028536,11.00709789679173
1779697371.8863366,tractorbeam,adaptive,sim,0,15.778,986.536,13.244,44.99988102902645,11.007097896772374
1779697371.949343,tractorbeam,adaptive,sim,0,15.778,986.536,13.244,44.999881029022305,11.00709789673366
1779697372.0100293,tractorbeam,adaptive,sim,0,15.804,986.536,13.244,44.99988102902022,11.0070978967143
1779697372.0704317,tractorbeam,adaptive,sim,0,15.804,986.536,13.244,44.999881029018155,11.007097896694944
1779697372.1328874,tractorbeam,adaptive,sim,0,15.861,986.536,13.244,44.999881029016066,11.007097896675587
1779697372.1953917,tractorbeam,adaptive,sim,0,15.975,986.536,13.244,44.99988102901399,11.00709789665623
1779697372.2578921,tractorbeam,adaptive,sim,0,16.032,986.536,13.244,44.99988102901192,11.007097896636871
1779697372.32114,tractorbeam,adaptive,sim,0,16.023,986.536,13.244,44.99988102901192,11.007097896636871
1779697372.384155,tractorbeam,adaptive,sim,0,16.023,986.536,13.244,44.99988102900984,11.007097896617516
1779697372.44676,tractorbeam,adaptive,sim,0,16.023,986.536,13.244,44.99988102900776,11.00709789659816
1779697372.5100396,tractorbeam,adaptive,sim,0,16.023,986.536,13.244,44.99988102900569,11.007097896578799
1779697372.5731945,tractorbeam,adaptive,sim,0,16.007,986.536,13.244,44.99988102900569,11.007097896578799
1779697372.63564,tractorbeam,adaptive,sim,0,16.007,986.536,13.244,44.99988102900569,11.007097896578799
1779697372.6991081,tractorbeam,adaptive,sim,0,16.007,986.536,13.244,44.99988102900569,11.007097896578799
1779697372.7616038,tractorbeam,adaptive,sim,0,15.965,986.536,13.244,44.99988102900569,11.007097896578799
1779697372.8243494,tractorbeam,adaptive,sim,0,15.965,986.536,13.244,44.99988102900569,11.007097896578799
1779697372.8841178,tractorbeam,adaptive,sim,0,15.980,986.536,13.244,44.99988102900776,11.00709789659816
1779697372.9445581,tractorbeam,adaptive,sim,0,15.980,986.536,13.244,44.99988102900776,11.00709789659816
1779697373.01106,tractorbeam,adaptive,sim,0,15.980,986.536,13.244,44.99988102900984,11.007097896617516
1779697373.0732756,tractorbeam,adaptive,sim,0,15.953,986.536,13.244,44.99988102900984,11.007097896617516
1779697373.1334243,tractorbeam,adaptive,sim,0,15.953,986.536,13.244,44.99988102901192,11.007097896636871
1779697373.1962793,tractorbeam,adaptive,sim,0,15.980,986.536,13.244,44.99988102901399,11.00709789665623
1779697373.2585933,tractorbeam,adaptive,sim,0,15.987,986.536,13.244,44.999881029016066,11.007097896675587
1779697373.3229198,tractorbeam,adaptive,sim,0,15.987,986.536,13.244,44.999881029018155,11.007097896694944
1779697373.3865795,tractorbeam,adaptive,sim,0,15.975,986.536,13.244,44.99988102902022,11.0070978967143
1779697373.508356,tractorbeam,adaptive,sim,0,15.953,986.536,13.244,44.99988102902438,11.007097896753015
1779697373.5712857,tractorbeam,adaptive,sim,0,15.935,986.536,13.244,44.99988102902645,11.007097896772374
1779697373.6337073,tractorbeam,adaptive,sim,0,15.937,986.536,13.244,44.99988102903061,11.007097896811088
1779697373.6959527,tractorbeam,adaptive,sim,0,15.934,986.536,13.244,44.99988102903475,11.007097896849805
1779697373.7596571,tractorbeam,adaptive,sim,0,15.937,986.536,13.244,44.99988102903685,11.00709789686916
1779697373.8226907,tractorbeam,adaptive,sim,0,15.934,986.536,13.244,44.999881029040985,11.007097896907872
1779697373.8847687,tractorbeam,adaptive,sim,0,15.934,986.536,13.244,44.99988102904514,11.007097896946588
1779697373.947736,tractorbeam,adaptive,sim,0,15.934,986.536,13.244,44.99988102904931,11.007097896985305
1779697374.009145,tractorbeam,adaptive,sim,0,15.934,986.536,13.244,44.99988102905345,11.007097897024018
1779697374.0720565,tractorbeam,adaptive,sim,0,15.951,986.536,13.244,44.999881029057605,11.007097897062733
1779697374.1355705,tractorbeam,adaptive,sim,0,15.934,986.536,13.244,44.99988102906177,11.007097897101447
1779697374.1983178,tractorbeam,adaptive,sim,0,15.925,986.536,13.244,44.99988102906591,11.007097897140161
1779697374.2600665,tractorbeam,adaptive,sim,0,15.925,986.536,13.244,44.999881029070075,11.007097897178877
1779697374.3227372,tractorbeam,adaptive,sim,0,15.934,986.536,13.244,44.99988102907423,11.007097897217589
1779697374.3858094,tractorbeam,adaptive,sim,0,15.934,986.536,13.244,44.99988102907838,11.007097897256306
1779697374.4455945,tractorbeam,adaptive,sim,0,15.934,986.536,13.244,44.99988102908252,11.00709789729502
1779697374.505649,tractorbeam,adaptive,sim,0,15.934,986.536,13.244,44.99988102908669,11.007097897333734
1779697374.569898,tractorbeam,adaptive,sim,0,15.934,986.536,13.244,44.999881029090844,11.00709789737245
1779697374.6334755,tractorbeam,adaptive,sim,0,15.934,986.536,13.244,44.999881029094986,11.007097897411164
1779697374.69529,tractorbeam,adaptive,sim,0,15.934,986.536,13.244,44.99988102909916,11.00709789744988
1779697374.7583952,tractorbeam,adaptive,sim,0,15.934,986.536,13.244,44.99988102910124,11.007097897469235
1779697374.8210719,tractorbeam,adaptive,sim,0,15.934,986.536,13.244,44.99988102910539,11.00709789750795
1779697374.8842223,tractorbeam,adaptive,sim,0,15.907,986.536,13.244,44.99988102910953,11.007097897546664
1779697374.9476497,tractorbeam,adaptive,sim,0,15.943,986.536,13.244,44.99988102911162,11.007097897566023
1779697375.0091827,tractorbeam,adaptive,sim,0,15.907,986.536,13.244,44.99988102911577,11.007097897604737
1779697375.0730822,tractorbeam,adaptive,sim,0,15.943,986.536,13.244,44.999881029119926,11.007097897643451
1779697375.132888,tractorbeam,adaptive,sim,0,15.943,986.536,13.244,44.999881029122,11.007097897662808
1779697375.194402,tractorbeam,adaptive,sim,0,15.943,986.536,13.244,44.999881029124076,11.007097897682169
1779697375.256664,tractorbeam,adaptive,sim,0,15.943,986.536,13.244,44.99988102912823,11.007097897720882
1779697375.3196971,tractorbeam,adaptive,sim,0,15.943,986.536,13.244,44.9998810291303,11.007097897740238
1779697375.3826187,tractorbeam,adaptive,sim,0,15.916,986.536,13.244,44.99988102913239,11.007097897759596
1779697375.4448678,tractorbeam,adaptive,sim,0,15.953,986.536,13.244,44.999881029136525,11.007097897798308
1779697375.5056057,tractorbeam,adaptive,sim,0,15.953,986.536,13.244,44.99988102913863,11.007097897817667
1779697375.569804,tractorbeam,adaptive,sim,0,15.953,986.536,13.244,44.99988102914069,11.007097897837024
1779697375.6331036,tractorbeam,adaptive,sim,0,15.953,986.536,13.244,44.99988102914277,11.007097897856381
1779697375.6956592,tractorbeam,adaptive,sim,0,15.914,986.536,13.244,44.99988102914277,11.007097897856381
1779697375.758869,tractorbeam,adaptive,sim,0,15.914,986.536,13.244,44.99988102914485,11.00709789787574
1779697375.819328,tractorbeam,adaptive,sim,0,15.914,986.536,13.244,44.99988102914692,11.007097897895099
1779697375.8794835,tractorbeam,adaptive,sim,0,15.914,986.536,13.244,44.999881029149,11.007097897914454
1779697375.9428241,tractorbeam,adaptive,sim,0,15.960,986.536,13.244,44.999881029149,11.007097897914454
1779697376.0042696,tractorbeam,adaptive,sim,0,15.914,986.536,13.244,44.999881029151084,11.00709789793381
1779697376.067692,tractorbeam,adaptive,sim,0,15.960,986.536,13.244,44.999881029151084,11.00709789793381
1779697376.130877,tractorbeam,adaptive,sim,0,15.960,986.536,13.244,44.999881029151084,11.00709789793381
1779697376.1945784,tractorbeam,adaptive,sim,0,15.900,986.536,13.244,44.99988102915316,11.00709789795317
1779697376.2571957,tractorbeam,adaptive,sim,0,15.900,986.536,13.244,44.99988102915316,11.00709789795317
1779697376.3208203,tractorbeam,adaptive,sim,0,15.868,986.536,13.244,44.99988102915316,11.00709789795317
1779697376.3816311,tractorbeam,adaptive,sim,0,15.868,986.536,13.244,44.99988102915316,11.00709789795317
1779697376.444034,tractorbeam,adaptive,sim,0,15.868,986.536,13.244,44.99988102915316,11.00709789795317
1779697376.506723,tractorbeam,adaptive,sim,0,15.856,986.536,13.244,44.99988102915316,11.00709789795317
1779697376.570326,tractorbeam,adaptive,sim,0,15.856,986.536,13.244,44.99988102915316,11.00709789795317
1779697376.6309586,tractorbeam,adaptive,sim,0,15.856,986.536,13.244,44.99988102915316,11.00709789795317
1779697376.692347,tractorbeam,adaptive,sim,0,15.856,986.536,13.244,44.99988102915316,11.00709789795317
1779697376.7544253,tractorbeam,adaptive,sim,0,15.820,986.536,13.244,44.99988102915316,11.00709789795317
1779697376.819496,tractorbeam,adaptive,sim,0,15.820,986.536,13.244,44.999881029151084,11.00709789793381
1779697376.8826568,tractorbeam,adaptive,sim,0,15.820,986.536,13.244,44.999881029151084,11.00709789793381
1779697376.9462538,tractorbeam,adaptive,sim,0,15.838,986.536,13.244,44.999881029151084,11.00709789793381
1779697377.0679915,tractorbeam,adaptive,sim,0,15.838,986.536,13.244,44.999881029149,11.007097897914454
1779697377.1309679,tractorbeam,adaptive,sim,0,15.820,986.536,13.244,44.999881029149,11.007097897914454
1779697377.1933928,tractorbeam,adaptive,sim,0,15.820,986.536,13.244,44.99988102914692,11.007097897895099
1779697377.2563868,tractorbeam,adaptive,sim,0,15.807,986.536,13.244,44.99988102914692,11.007097897895099
1779697377.319653,tractorbeam,adaptive,sim,0,15.807,986.536,13.244,44.99988102914485,11.00709789787574
1779697377.382826,tractorbeam,adaptive,sim,0,15.807,986.536,13.244,44.99988102914485,11.00709789787574
1779697377.4430919,tractorbeam,adaptive,sim,0,15.869,986.536,13.244,44.99988102914485,11.00709789787574
1779697377.50586,tractorbeam,adaptive,sim,0,15.869,986.536,13.244,44.99988102914277,11.007097897856381
1779697377.5672748,tractorbeam,adaptive,sim,0,15.833,986.536,13.244,44.99988102914277,11.007097897856381
1779697377.6320956,tractorbeam,adaptive,sim,0,15.905,986.536,13.244,44.99988102914069,11.007097897837024
1779697377.6932716,tractorbeam,adaptive,sim,0,15.905,986.536,13.244,44.99988102914069,11.007097897837024
1779697377.755887,tractorbeam,adaptive,sim,0,15.905,986.536,13.244,44.99988102913863,11.007097897817667
1779697377.816381,tractorbeam,adaptive,sim,0,15.833,986.536,13.244,44.99988102913863,11.007097897817667
1779697377.882598,tractorbeam,adaptive,sim,0,15.905,986.536,13.244,44.99988102913863,11.007097897817667
1779697377.9451191,tractorbeam,adaptive,sim,0,15.833,986.536,13.244,44.999881029136525,11.007097897798308
1779697378.0066843,tractorbeam,adaptive,sim,0,15.844,986.536,13.244,44.999881029136525,11.007097897798308
1779697378.067242,tractorbeam,adaptive,sim,0,15.844,986.536,13.244,44.999881029136525,11.007097897798308
1779697378.1322749,tractorbeam,adaptive,sim,0,15.905,986.536,13.244,44.999881029136525,11.007097897798308
1779697378.1929612,tractorbeam,adaptive,sim,0,15.978,986.536,13.244,44.99988102913446,11.007097897778953
1779697378.2558503,tractorbeam,adaptive,sim,0,15.978,986.536,13.244,44.99988102913446,11.007097897778953
1779697378.3159256,tractorbeam,adaptive,sim,0,15.899,986.536,13.244,44.99988102913446,11.007097897778953
1779697378.379359,tractorbeam,adaptive,sim,0,15.978,986.536,13.244,44.99988102913446,11.007097897778953
1779697378.4434636,tractorbeam,adaptive,sim,0,15.916,986.536,13.244,44.99988102913239,11.007097897759596
1779697378.504772,tractorbeam,adaptive,sim,0,15.916,986.536,13.244,44.99988102913239,11.007097897759596
1779697378.5688834,tractorbeam,adaptive,sim,0,15.916,986.536,13.244,44.99988102913239,11.007097897759596
1779697378.6287713,tractorbeam,adaptive,sim,0,15.916,986.536,13.244,44.99988102913239,11.007097897759596
1779697378.6938152,tractorbeam,adaptive,sim,0,15.986,986.536,13.244,44.99988102913239,11.007097897759596
1779697378.7540514,tractorbeam,adaptive,sim,0,15.986,986.536,13.244,44.99988102913239,11.007097897759596
1779697378.8178802,tractorbeam,adaptive,sim,0,15.986,986.536,13.244,44.99988102913239,11.007097897759596
1779697378.879494,tractorbeam,adaptive,sim,0,15.693,986.536,13.244,44.99988102913446,11.007097897778953
1779697378.9435577,tractorbeam,adaptive,sim,0,16.082,986.536,13.244,44.99988102913446,11.007097897778953
1779697379.004136,tractorbeam,adaptive,sim,0,16.082,986.536,13.244,44.99988102913446,11.007097897778953
1779697379.066664,tractorbeam,adaptive,sim,0,16.082,986.536,13.244,44.99988102913446,11.007097897778953
1779697379.131239,tractorbeam,adaptive,sim,0,15.691,986.536,13.244,44.999881029136525,11.007097897798308
1779697379.1914027,tractorbeam,adaptive,sim,0,15.941,986.536,13.244,44.999881029136525,11.007097897798308
1779697379.2536402,tractorbeam,adaptive,sim,0,15.941,986.536,13.244,44.99988102913863,11.007097897817667
1779697379.3180935,tractorbeam,adaptive,sim,0,15.566,986.536,13.244,44.99988102913863,11.007097897817667
1779697379.3810313,tractorbeam,adaptive,sim,0,15.545,986.536,13.244,44.99988102913863,11.007097897817667
1779697379.4423327,tractorbeam,adaptive,sim,0,15.566,986.536,13.244,44.99988102914069,11.007097897837024
1779697379.5041926,tractorbeam,adaptive,sim,0,15.566,986.536,13.244,44.99988102914069,11.007097897837024
1779697379.5665748,tractorbeam,adaptive,sim,0,15.707,986.536,13.244,44.99988102914277,11.007097897856381
1779697379.6292362,tractorbeam,adaptive,sim,0,15.707,986.536,13.244,44.99988102914485,11.00709789787574
1779697379.6917393,tractorbeam,adaptive,sim,0,15.854,986.536,13.244,44.99988102914485,11.00709789787574
1779697379.7518826,tractorbeam,adaptive,sim,0,15.912,986.536,13.244,44.99988102914692,11.007097897895099
1779697379.8169286,tractorbeam,adaptive,sim,0,15.912,986.536,13.244,44.99988102914692,11.007097897895099
1779697379.8809397,tractorbeam,adaptive,sim,0,15.912,986.536,13.244,44.999881029149,11.007097897914454
1779697379.9410458,tractorbeam,adaptive,sim,0,15.854,986.536,13.244,44.999881029151084,11.00709789793381
1779697380.0042837,tractorbeam,adaptive,sim,0,15.912,986.536,13.244,44.999881029151084,11.00709789793381
1779697380.068314,tractorbeam,adaptive,sim,0,15.854,986.536,13.244,44.99988102915316,11.00709789795317
1779697380.1311927,tractorbeam,adaptive,sim,0,15.854,986.536,13.244,44.999881029155226,11.007097897972526
1779697380.19191,tractorbeam,adaptive,sim,0,15.903,986.536,13.244,44.99988102915731,11.007097897991882
1779697380.2554035,tractorbeam,adaptive,sim,0,15.903,986.536,13.244,44.99988102915731,11.007097897991882
1779697380.3166451,tractorbeam,adaptive,sim,0,15.854,986.536,13.244,44.99988102915939,11.00709789801124
1779697380.3806715,tractorbeam,adaptive,sim,0,15.903,986.536,13.244,44.999881029161465,11.007097898030597
1779697380.4410448,tractorbeam,adaptive,sim,0,15.903,986.536,13.244,44.99988102916354,11.007097898049954
1779697380.5045824,tractorbeam,adaptive,sim,0,15.903,986.536,13.244,44.99988102916562,11.007097898069313
1779697380.5643587,tractorbeam,adaptive,sim,0,15.903,986.536,13.244,44.99988102916562,11.007097898069313
1779697380.6278503,tractorbeam,adaptive,sim,0,15.940,986.536,13.244,44.99988102916768,11.00709789808867
1779697380.691156,tractorbeam,adaptive,sim,0,15.903,986.536,13.244,44.999881029169785,11.007097898108027
1779697380.7511606,tractorbeam,adaptive,sim,0,15.903,986.536,13.244,44.999881029169785,11.007097898108027
1779697380.8151507,tractorbeam,adaptive,sim,0,15.940,986.536,13.244,44.99988102917184,11.007097898127382
1779697380.8748987,tractorbeam,adaptive,sim,0,15.940,986.536,13.244,44.99988102917393,11.007097898146743
1779697380.940004,tractorbeam,adaptive,sim,0,15.945,986.536,13.244,44.999881029176,11.007097898166098
1779697381.0030444,tractorbeam,adaptive,sim,0,15.852,986.536,13.244,44.999881029176,11.007097898166098
1779697381.0676203,tractorbeam,adaptive,sim,0,15.747,986.536,13.244,44.99988102917807,11.007097898185455
1779697381.1285317,tractorbeam,adaptive,sim,0,15.852,986.536,13.244,44.99988102917807,11.007097898185455
1779697381.1907792,tractorbeam,adaptive,sim,0,15.852,986.536,13.244,44.99988102918016,11.007097898204814
1779697381.2531667,tractorbeam,adaptive,sim,0,15.747,986.536,13.244,44.99988102918224,11.00709789822417
1779697381.3168566,tractorbeam,adaptive,sim,0,15.781,986.536,13.244,44.99988102918224,11.00709789822417
1779697381.3778439,tractorbeam,adaptive,sim,0,15.829,986.536,13.244,44.99988102918431,11.007097898243527
1779697381.441122,tractorbeam,adaptive,sim,0,15.829,986.536,13.244,44.99988102918431,11.007097898243527
1779697381.5020032,tractorbeam,adaptive,sim,0,15.768,986.536,13.244,44.99988102918639,11.007097898262884
1779697381.567037,tractorbeam,adaptive,sim,0,15.829,986.536,13.244,44.99988102918639,11.007097898262884
1779697381.6273098,tractorbeam,adaptive,sim,0,15.829,986.536,13.244,44.99988102918639,11.007097898262884
1779697381.6887803,tractorbeam,adaptive,sim,0,15.829,986.536,13.244,44.999881029188465,11.007097898282243
1779697381.7528243,tractorbeam,adaptive,sim,0,15.768,986.536,13.244,44.999881029188465,11.007097898282243
1779697381.8133392,tractorbeam,adaptive,sim,0,15.768,986.536,13.244,44.999881029188465,11.007097898282243
1779697381.8767753,tractorbeam,adaptive,sim,0,15.768,986.536,13.244,44.99988102919054,11.0070978983016
1779697381.9414732,tractorbeam,adaptive,sim,0,15.768,986.536,13.244,44.99988102919054,11.0070978983016
1779697382.0029087,tractorbeam,adaptive,sim,0,15.683,986.536,13.244,44.99988102919054,11.0070978983016
1779697382.0654106,tractorbeam,adaptive,sim,0,15.683,986.536,13.244,44.99988102919054,11.0070978983016
1779697382.126523,tractorbeam,adaptive,sim,0,15.683,986.536,13.244,44.999881029192615,11.007097898320955
1779697382.1888523,tractorbeam,adaptive,sim,0,15.683,986.536,13.244,44.999881029192615,11.007097898320955
1779697382.2510972,tractorbeam,adaptive,sim,0,15.683,986.536,13.244,44.999881029192615,11.007097898320955
1779697382.3146274,tractorbeam,adaptive,sim,0,15.730,986.536,13.244,44.999881029192615,11.007097898320955
1779697382.378385,tractorbeam,adaptive,sim,0,15.730,986.536,13.244,44.999881029192615,11.007097898320955
1779697382.4393198,tractorbeam,adaptive,sim,0,15.763,986.536,13.244,44.999881029192615,11.007097898320955
1779697382.5014603,tractorbeam,adaptive,sim,0,15.763,986.536,13.244,44.999881029192615,11.007097898320955
1779697382.565748,tractorbeam,adaptive,sim,0,15.684,986.536,13.244,44.999881029192615,11.007097898320955
1779697382.6265287,tractorbeam,adaptive,sim,0,15.652,986.536,13.244,44.999881029192615,11.007097898320955
1779697382.687791,tractorbeam,adaptive,sim,0,15.652,986.536,13.244,44.999881029192615,11.007097898320955
1779697382.7505152,tractorbeam,adaptive,sim,0,15.664,986.536,13.244,44.999881029192615,11.007097898320955
1779697382.8148623,tractorbeam,adaptive,sim,0,15.664,986.536,13.244,44.999881029192615,11.007097898320955
1779697382.8783693,tractorbeam,adaptive,sim,0,15.664,986.536,13.244,44.999881029192615,11.007097898320955
1779697382.999359,tractorbeam,adaptive,sim,0,15.691,986.536,13.244,44.99988102919054,11.0070978983016
1779697383.0620813,tractorbeam,adaptive,sim,0,15.707,986.536,13.244,44.99988102919054,11.0070978983016
1779697383.1251757,tractorbeam,adaptive,sim,0,15.707,986.536,13.244,44.99988102919054,11.0070978983016
1779697383.1893756,tractorbeam,adaptive,sim,0,15.713,986.536,13.244,44.99988102919054,11.0070978983016
1779697383.2519188,tractorbeam,adaptive,sim,0,15.713,986.536,13.244,44.99988102919054,11.0070978983016
1779697383.3157587,tractorbeam,adaptive,sim,0,15.713,986.536,13.244,44.99988102919054,11.0070978983016
1779697383.4380612,tractorbeam,adaptive,sim,0,15.720,986.536,13.244,44.999881029188465,11.007097898282243
1779697383.500278,tractorbeam,adaptive,sim,0,15.720,986.536,13.244,44.999881029188465,11.007097898282243
1779697383.5651057,tractorbeam,adaptive,sim,0,15.720,986.536,13.244,44.999881029188465,11.007097898282243
1779697383.6262782,tractorbeam,adaptive,sim,0,15.779,986.536,13.244,44.999881029188465,11.007097898282243
1779697383.689354,tractorbeam,adaptive,sim,0,15.779,986.536,13.244,44.999881029188465,11.007097898282243
1779697383.7522647,tractorbeam,adaptive,sim,0,15.720,986.536,13.244,44.999881029188465,11.007097898282243
1779697383.8133473,tractorbeam,adaptive,sim,0,15.779,986.536,13.244,44.999881029188465,11.007097898282243
1779697383.8763003,tractorbeam,adaptive,sim,0,15.899,986.536,13.244,44.99988102918639,11.007097898262884
1779697383.9380405,tractorbeam,adaptive,sim,0,15.842,986.536,13.244,44.99988102918639,11.007097898262884
1779697384.0016341,tractorbeam,adaptive,sim,0,15.908,986.536,13.244,44.99988102918639,11.007097898262884
1779697384.0616162,tractorbeam,adaptive,sim,0,15.842,986.536,13.244,44.99988102918639,11.007097898262884
1779697384.1265543,tractorbeam,adaptive,sim,0,15.908,986.536,13.244,44.99988102918639,11.007097898262884
1779697384.1865416,tractorbeam,adaptive,sim,0,15.908,986.536,13.244,44.99988102918639,11.007097898262884
1779697384.2502217,tractorbeam,adaptive,sim,0,15.908,986.536,13.244,44.99988102918639,11.007097898262884
1779697384.313964,tractorbeam,adaptive,sim,0,15.908,986.536,13.244,44.99988102918639,11.007097898262884
1779697384.374092,tractorbeam,adaptive,sim,0,15.908,986.536,13.244,44.99988102918639,11.007097898262884
1779697384.4374847,tractorbeam,adaptive,sim,0,15.908,986.536,13.244,44.99988102918639,11.007097898262884
1779697384.500842,tractorbeam,adaptive,sim,0,15.908,986.536,13.244,44.99988102918431,11.007097898243527
1779697384.5641265,tractorbeam,adaptive,sim,0,15.908,986.536,13.244,44.99988102918431,11.007097898243527
1779697384.6268022,tractorbeam,adaptive,sim,0,15.908,986.536,13.244,44.99988102918431,11.007097898243527
1779697384.689056,tractorbeam,adaptive,sim,0,15.889,986.536,13.244,44.99988102918431,11.007097898243527
1779697384.751269,tractorbeam,adaptive,sim,0,15.945,986.536,13.244,44.99988102918431,11.007097898243527
1779697384.8109648,tractorbeam,adaptive,sim,0,15.973,986.536,13.244,44.99988102918639,11.007097898262884
1779697384.87268,tractorbeam,adaptive,sim,0,15.973,986.536,13.244,44.99988102918639,11.007097898262884
1779697384.9351628,tractorbeam,adaptive,sim,0,15.945,986.536,13.244,44.99988102918639,11.007097898262884
1779697384.9969184,tractorbeam,adaptive,sim,0,15.973,986.536,13.244,44.99988102918639,11.007097898262884
1779697385.060485,tractorbeam,adaptive,sim,0,15.993,986.536,13.244,44.99988102918639,11.007097898262884
1779697385.1235154,tractorbeam,adaptive,sim,0,15.954,986.536,13.244,44.99988102918639,11.007097898262884
1779697385.1873562,tractorbeam,adaptive,sim,0,15.954,986.536,13.244,44.99988102918639,11.007097898262884
1779697385.2474353,tractorbeam,adaptive,sim,0,15.888,986.536,13.244,44.99988102918639,11.007097898262884
1779697385.31096,tractorbeam,adaptive,sim,0,15.954,986.536,13.244,44.99988102918639,11.007097898262884
1779697385.3737206,tractorbeam,adaptive,sim,0,15.888,986.536,13.244,44.99988102918639,11.007097898262884
1779697385.4361312,tractorbeam,adaptive,sim,0,15.954,986.536,13.244,44.999881029188465,11.007097898282243
1779697385.4992697,tractorbeam,adaptive,sim,0,15.888,986.536,13.244,44.999881029188465,11.007097898282243
1779697385.561982,tractorbeam,adaptive,sim,0,15.954,986.536,13.244,44.999881029188465,11.007097898282243
1779697385.624889,tractorbeam,adaptive,sim,0,15.954,986.536,13.244,44.999881029188465,11.007097898282243
1779697385.6882617,tractorbeam,adaptive,sim,0,15.932,986.536,13.244,44.999881029188465,11.007097898282243
1779697385.808867,tractorbeam,adaptive,sim,0,15.932,986.536,13.244,44.99988102919054,11.0070978983016
1779697385.8725634,tractorbeam,adaptive,sim,0,15.932,986.536,13.244,44.99988102919054,11.0070978983016
1779697385.934842,tractorbeam,adaptive,sim,0,15.908,986.536,13.244,44.99988102919054,11.0070978983016
1779697385.9977953,tractorbeam,adaptive,sim,0,15.874,986.536,13.244,44.99988102919054,11.0070978983016
1779697386.0611546,tractorbeam,adaptive,sim,0,15.874,986.536,13.244,44.999881029192615,11.007097898320955
1779697386.1247964,tractorbeam,adaptive,sim,0,15.860,986.536,13.244,44.999881029192615,11.007097898320955
1779697386.1869376,tractorbeam,adaptive,sim,0,15.860,986.536,13.244,44.999881029192615,11.007097898320955
1779697386.2490022,tractorbeam,adaptive,sim,0,15.860,986.536,13.244,44.9998810291947,11.007097898340316
1779697386.3093967,tractorbeam,adaptive,sim,0,15.860,986.536,13.244,44.9998810291947,11.007097898340316
1779697386.3713124,tractorbeam,adaptive,sim,0,15.874,986.536,13.244,44.9998810291947,11.007097898340316
1779697386.4334092,tractorbeam,adaptive,sim,0,15.908,986.536,13.244,44.9998810291947,11.007097898340316
1779697386.4957056,tractorbeam,adaptive,sim,0,15.967,986.536,13.244,44.99988102919677,11.007097898359673
1779697386.5588653,tractorbeam,adaptive,sim,0,15.967,986.536,13.244,44.99988102919677,11.007097898359673
1779697386.6216578,tractorbeam,adaptive,sim,0,15.967,986.536,13.244,44.99988102919677,11.007097898359673
1779697386.6846125,tractorbeam,adaptive,sim,0,15.917,986.536,13.244,44.99988102919677,11.007097898359673
1779697386.7479994,tractorbeam,adaptive,sim,0,15.964,986.536,13.244,44.999881029198846,11.007097898379028
1779697386.8077095,tractorbeam,adaptive,sim,0,15.917,986.536,13.244,44.999881029198846,11.007097898379028
1779697386.870652,tractorbeam,adaptive,sim,0,15.964,986.536,13.244,44.999881029198846,11.007097898379028
1779697386.935219,tractorbeam,adaptive,sim,0,15.943,986.536,13.244,44.999881029200935,11.007097898398388
1779697386.9957497,tractorbeam,adaptive,sim,0,15.943,986.536,13.244,44.999881029200935,11.007097898398388
1779697387.058744,tractorbeam,adaptive,sim,0,15.943,986.536,13.244,44.999881029200935,11.007097898398388
1779697387.1220384,tractorbeam,adaptive,sim,0,15.943,986.536,13.244,44.999881029200935,11.007097898398388
1779697387.1842954,tractorbeam,adaptive,sim,0,15.952,986.536,13.244,44.999881029200935,11.007097898398388
1779697387.2467794,tractorbeam,adaptive,sim,0,15.952,986.536,13.244,44.999881029203,11.007097898417744
1779697387.3110113,tractorbeam,adaptive,sim,0,15.952,986.536,13.244,44.999881029203,11.007097898417744
1779697387.373679,tractorbeam,adaptive,sim,0,15.952,986.536,13.244,44.999881029203,11.007097898417744
1779697387.4357793,tractorbeam,adaptive,sim,0,15.956,986.536,13.244,44.999881029203,11.007097898417744
1779697387.4985275,tractorbeam,adaptive,sim,0,15.951,986.536,13.244,44.999881029203,11.007097898417744
1779697387.5583506,tractorbeam,adaptive,sim,0,15.951,986.536,13.244,44.999881029203,11.007097898417744
1779697387.6205106,tractorbeam,adaptive,sim,0,15.951,986.536,13.244,44.99988102920508,11.0070978984371
1779697387.6843483,tractorbeam,adaptive,sim,0,15.948,986.536,13.244,44.99988102920508,11.0070978984371
1779697387.7474422,tractorbeam,adaptive,sim,0,15.918,986.536,13.244,44.99988102920508,11.0070978984371
1779697387.8103936,tractorbeam,adaptive,sim,0,15.918,986.536,13.244,44.99988102920508,11.0070978984371
1779697387.8723462,tractorbeam,adaptive,sim,0,15.918,986.536,13.244,44.99988102920508,11.0070978984371
1779697387.9358785,tractorbeam,adaptive,sim,0,15.934,986.536,13.244,44.99988102920508,11.0070978984371
1779697387.9979692,tractorbeam,adaptive,sim,0,15.918,986.536,13.244,44.99988102920508,11.0070978984371
1779697388.0613065,tractorbeam,adaptive,sim,0,15.934,986.536,13.244,44.99988102920508,11.0070978984371
1779697388.1209545,tractorbeam,adaptive,sim,0,15.934,986.536,13.244,44.99988102920716,11.007097898456458
1779697388.1824446,tractorbeam,adaptive,sim,0,15.934,986.536,13.244,44.99988102920716,11.007097898456458
1779697388.245209,tractorbeam,adaptive,sim,0,15.934,986.536,13.244,44.99988102920716,11.007097898456458
1779697388.3092306,tractorbeam,adaptive,sim,0,15.934,986.536,13.244,44.99988102920716,11.007097898456458
1779697388.3723023,tractorbeam,adaptive,sim,0,15.934,986.536,13.244,44.99988102920716,11.007097898456458
1779697388.4358208,tractorbeam,adaptive,sim,0,15.934,986.536,13.244,44.99988102920716,11.007097898456458
1779697388.4968345,tractorbeam,adaptive,sim,0,15.934,986.536,13.244,44.99988102920716,11.007097898456458
1779697388.5589123,tractorbeam,adaptive,sim,0,15.934,986.536,13.244,44.99988102920716,11.007097898456458
1779697388.6226642,tractorbeam,adaptive,sim,0,15.961,986.536,13.244,44.99988102920716,11.007097898456458
1779697388.6856704,tractorbeam,adaptive,sim,0,15.961,986.536,13.244,44.99988102920716,11.007097898456458
1779697388.7454174,tractorbeam,adaptive,sim,0,15.917,986.536,13.244,44.99988102920716,11.007097898456458
1779697388.8072798,tractorbeam,adaptive,sim,0,15.917,986.536,13.244,44.99988102920716,11.007097898456458
1779697388.8706157,tractorbeam,adaptive,sim,0,15.860,986.536,13.244,44.99988102920716,11.007097898456458
1779697388.9334908,tractorbeam,adaptive,sim,0,15.856,986.536,13.244,44.99988102920716,11.007097898456458
1779697388.9935467,tractorbeam,adaptive,sim,0,15.856,986.536,13.244,44.99988102920716,11.007097898456458
1779697389.0560167,tractorbeam,adaptive,sim,0,15.856,986.536,13.244,44.99988102920716,11.007097898456458
1779697389.1196294,tractorbeam,adaptive,sim,0,15.831,986.536,13.244,44.99988102920716,11.007097898456458
1779697389.182953,tractorbeam,adaptive,sim,0,15.831,986.536,13.244,44.99988102920716,11.007097898456458
1779697389.245643,tractorbeam,adaptive,sim,0,15.831,986.536,13.244,44.99988102920716,11.007097898456458
1779697389.309628,tractorbeam,adaptive,sim,0,15.831,986.536,13.244,44.99988102920508,11.0070978984371
1779697389.369994,tractorbeam,adaptive,sim,0,15.831,986.536,13.244,44.99988102920508,11.0070978984371
1779697389.4330263,tractorbeam,adaptive,sim,0,15.831,986.536,13.244,44.99988102920508,11.0070978984371
1779697389.493145,tractorbeam,adaptive,sim,0,15.831,986.536,13.244,44.99988102920508,11.0070978984371
1779697389.557034,tractorbeam,adaptive,sim,0,15.831,986.536,13.244,44.99988102920508,11.0070978984371
1779697389.6179156,tractorbeam,adaptive,sim,0,15.831,986.536,13.244,44.99988102920508,11.0070978984371
1779697389.6831174,tractorbeam,adaptive,sim,0,15.846,986.536,13.244,44.99988102920508,11.0070978984371
1779697389.7466698,tractorbeam,adaptive,sim,0,15.845,986.536,13.244,44.99988102920508,11.0070978984371
1779697389.8072438,tractorbeam,adaptive,sim,0,15.845,986.536,13.244,44.99988102920508,11.0070978984371
1779697389.8692765,tractorbeam,adaptive,sim,0,15.845,986.536,13.244,44.99988102920508,11.0070978984371
1779697389.9321635,tractorbeam,adaptive,sim,0,15.845,986.536,13.244,44.99988102920508,11.0070978984371
1779697389.9955482,tractorbeam,adaptive,sim,0,15.869,986.536,13.244,44.99988102920508,11.0070978984371
1779697390.056124,tractorbeam,adaptive,sim,0,15.799,986.536,13.244,44.99988102920508,11.0070978984371
1779697390.1184473,tractorbeam,adaptive,sim,0,15.869,986.536,13.244,44.99988102920508,11.0070978984371
1779697390.1819258,tractorbeam,adaptive,sim,0,15.827,986.536,13.244,44.99988102920508,11.0070978984371
1779697390.2450325,tractorbeam,adaptive,sim,0,15.827,986.536,13.244,44.99988102920508,11.0070978984371
1779697390.3088498,tractorbeam,adaptive,sim,0,15.810,986.536,13.244,44.99988102920508,11.0070978984371
1779697390.3695765,tractorbeam,adaptive,sim,0,15.810,986.536,13.244,44.99988102920508,11.0070978984371
1779697390.4322245,tractorbeam,adaptive,sim,0,15.810,986.536,13.244,44.99988102920508,11.0070978984371
1779697390.495166,tractorbeam,adaptive,sim,0,15.810,986.536,13.244,44.99988102920508,11.0070978984371
1779697390.5557988,tractorbeam,adaptive,sim,0,15.860,986.536,13.244,44.99988102920508,11.0070978984371
1779697390.6160784,tractorbeam,adaptive,sim,0,15.860,986.536,13.244,44.99988102920508,11.0070978984371
1779697390.6797247,tractorbeam,adaptive,sim,0,15.860,986.536,13.244,44.99988102920508,11.0070978984371
1779697390.7422373,tractorbeam,adaptive,sim,0,15.860,986.536,13.244,44.99988102920508,11.0070978984371
1779697390.80629,tractorbeam,adaptive,sim,0,15.860,986.536,13.244,44.99988102920508,11.0070978984371
1779697390.869813,tractorbeam,adaptive,sim,0,15.860,986.536,13.244,44.99988102920508,11.0070978984371
1779697390.9330204,tractorbeam,adaptive,sim,0,15.860,986.536,13.244,44.99988102920508,11.0070978984371
1779697391.054226,tractorbeam,adaptive,sim,0,15.860,986.536,13.244,44.99988102920508,11.0070978984371
1779697391.1172433,tractorbeam,adaptive,sim,0,15.810,986.536,13.244,44.99988102920508,11.0070978984371
1779697391.1794374,tractorbeam,adaptive,sim,0,15.860,986.536,13.244,44.99988102920508,11.0070978984371
1779697391.2433255,tractorbeam,adaptive,sim,0,15.867,986.536,13.244,44.99988102920508,11.0070978984371
1779697391.306537,tractorbeam,adaptive,sim,0,15.878,986.536,13.244,44.99988102920508,11.0070978984371
1779697391.3691623,tractorbeam,adaptive,sim,0,15.847,986.536,13.244,44.99988102920508,11.0070978984371
1779697391.4320996,tractorbeam,adaptive,sim,0,15.847,986.536,13.244,44.99988102920508,11.0070978984371
1779697391.493719,tractorbeam,adaptive,sim,0,15.847,986.536,13.244,44.99988102920508,11.0070978984371
1779697391.557171,tractorbeam,adaptive,sim,0,15.878,986.536,13.244,44.99988102920508,11.0070978984371
1779697391.6177523,tractorbeam,adaptive,sim,0,15.878,986.536,13.244,44.99988102920508,11.0070978984371
1779697391.6807141,tractorbeam,adaptive,sim,0,15.878,986.536,13.244,44.99988102920716,11.007097898456458
1779697391.7437422,tractorbeam,adaptive,sim,0,15.878,986.536,13.244,44.99988102920716,11.007097898456458
1779697391.8069415,tractorbeam,adaptive,sim,0,15.878,986.536,13.244,44.99988102920716,11.007097898456458
1779697391.8700058,tractorbeam,adaptive,sim,0,15.847,986.536,13.244,44.99988102920716,11.007097898456458
1779697391.9323604,tractorbeam,adaptive,sim,0,15.847,986.536,13.244,44.99988102920716,11.007097898456458
1779697391.9925277,tractorbeam,adaptive,sim,0,15.848,986.536,13.244,44.99988102920716,11.007097898456458
1779697392.055427,tractorbeam,adaptive,sim,0,15.848,986.536,13.244,44.99988102920716,11.007097898456458
1779697392.1197054,tractorbeam,adaptive,sim,0,15.848,986.536,13.244,44.99988102920716,11.007097898456458
1779697392.1797156,tractorbeam,adaptive,sim,0,15.848,986.536,13.244,44.999881029209234,11.007097898475816
1779697392.2401576,tractorbeam,adaptive,sim,0,15.848,986.536,13.244,44.999881029209234,11.007097898475816
1779697392.3041465,tractorbeam,adaptive,sim,0,15.848,986.536,13.244,44.999881029209234,11.007097898475816
1779697392.3674624,tractorbeam,adaptive,sim,0,15.848,986.536,13.244,44.999881029209234,11.007097898475816
1779697392.4328291,tractorbeam,adaptive,sim,0,15.848,986.536,13.244,44.999881029209234,11.007097898475816
1779697392.5571666,tractorbeam,adaptive,sim,0,15.847,986.536,13.244,44.999881029209234,11.007097898475816
1779697392.6172044,tractorbeam,adaptive,sim,0,15.883,986.536,13.244,44.999881029209234,11.007097898475816
1779697392.6791582,tractorbeam,adaptive,sim,0,15.883,986.536,13.244,44.999881029209234,11.007097898475816
1779697392.7411835,tractorbeam,adaptive,sim,0,15.883,986.536,13.244,44.999881029209234,11.007097898475816
1779697392.805393,tractorbeam,adaptive,sim,0,15.883,986.536,13.244,44.999881029209234,11.007097898475816
1779697392.8693047,tractorbeam,adaptive,sim,0,15.883,986.536,13.244,44.999881029211316,11.007097898495172
1779697392.9296508,tractorbeam,adaptive,sim,0,15.784,986.536,13.244,44.999881029211316,11.007097898495172
1779697392.992835,tractorbeam,adaptive,sim,0,15.883,986.536,13.244,44.999881029211316,11.007097898495172
1779697393.0564868,tractorbeam,adaptive,sim,0,15.784,986.536,13.244,44.999881029211316,11.007097898495172
1779697393.1166453,tractorbeam,adaptive,sim,0,15.799,986.536,13.244,44.999881029211316,11.007097898495172
1779697393.178117,tractorbeam,adaptive,sim,0,15.799,986.536,13.244,44.999881029211316,11.007097898495172
1779697393.2406795,tractorbeam,adaptive,sim,0,15.790,986.536,13.244,44.999881029211316,11.007097898495172
1779697393.305948,tractorbeam,adaptive,sim,0,15.790,986.536,13.244,44.999881029211316,11.007097898495172
1779697393.3692107,tractorbeam,adaptive,sim,0,15.790,986.536,13.244,44.999881029211316,11.007097898495172
1779697393.4319189,tractorbeam,adaptive,sim,0,15.845,986.536,13.244,44.99988102921339,11.007097898514528
1779697393.5526142,tractorbeam,adaptive,sim,0,15.845,986.536,13.244,44.99988102921339,11.007097898514528
1779697393.6159515,tractorbeam,adaptive,sim,0,15.845,986.536,13.244,44.99988102921339,11.007097898514528
1779697393.6781828,tractorbeam,adaptive,sim,0,15.840,986.536,13.244,44.99988102921339,11.007097898514528
1779697393.7430878,tractorbeam,adaptive,sim,0,15.856,986.536,13.244,44.99988102921339,11.007097898514528
1779697393.8060472,tractorbeam,adaptive,sim,0,15.840,986.536,13.244,44.99988102921339,11.007097898514528
1779697393.8665137,tractorbeam,adaptive,sim,0,15.856,986.536,13.244,44.99988102921339,11.007097898514528
1779697393.930032,tractorbeam,adaptive,sim,0,15.856,986.536,13.244,44.99988102921339,11.007097898514528
1779697394.0513856,tractorbeam,adaptive,sim,0,15.856,986.536,13.244,44.99988102921339,11.007097898514528
1779697394.115762,tractorbeam,adaptive,sim,0,15.856,986.536,13.244,44.99988102921339,11.007097898514528
1779697394.1793718,tractorbeam,adaptive,sim,0,15.856,986.536,13.244,44.99988102921339,11.007097898514528
1779697394.2397537,tractorbeam,adaptive,sim,0,15.856,986.536,13.244,44.99988102921339,11.007097898514528
1779697394.3017683,tractorbeam,adaptive,sim,0,15.856,986.536,13.244,44.99988102921339,11.007097898514528
1779697394.3652322,tractorbeam,adaptive,sim,0,15.856,986.536,13.244,44.99988102921339,11.007097898514528
1779697394.4285803,tractorbeam,adaptive,sim,0,15.840,986.536,13.244,44.99988102921339,11.007097898514528
1779697394.4923272,tractorbeam,adaptive,sim,0,15.814,986.536,13.244,44.99988102921339,11.007097898514528
1779697394.5527108,tractorbeam,adaptive,sim,0,15.798,986.536,13.244,44.99988102921339,11.007097898514528
1779697394.614714,tractorbeam,adaptive,sim,0,15.835,986.536,13.244,44.99988102921339,11.007097898514528
1779697394.6784174,tractorbeam,adaptive,sim,0,15.835,986.536,13.244,44.99988102921339,11.007097898514528
1779697394.7419944,tractorbeam,adaptive,sim,0,15.798,986.536,13.244,44.99988102921339,11.007097898514528
1779697394.8032765,tractorbeam,adaptive,sim,0,15.817,986.536,13.244,44.99988102921339,11.007097898514528
1779697394.8648655,tractorbeam,adaptive,sim,0,15.817,986.536,13.244,44.99988102921339,11.007097898514528
1779697394.9283566,tractorbeam,adaptive,sim,0,15.796,986.536,13.244,44.99988102921339,11.007097898514528
1779697394.9893045,tractorbeam,adaptive,sim,0,15.796,986.536,13.244,44.99988102921339,11.007097898514528
1779697395.0511389,tractorbeam,adaptive,sim,0,15.796,986.536,13.244,44.99988102921339,11.007097898514528
1779697395.1153193,tractorbeam,adaptive,sim,0,15.768,986.536,13.244,44.99988102921339,11.007097898514528
1779697395.1792393,tractorbeam,adaptive,sim,0,15.746,986.536,13.244,44.99988102921339,11.007097898514528
1779697395.2399454,tractorbeam,adaptive,sim,0,15.746,986.536,13.244,44.99988102921339,11.007097898514528
1779697395.3022316,tractorbeam,adaptive,sim,0,15.746,986.536,13.244,44.99988102921339,11.007097898514528
1779697395.3666432,tractorbeam,adaptive,sim,0,15.746,986.536,13.244,44.99988102921339,11.007097898514528
1779697395.427626,tractorbeam,adaptive,sim,0,15.796,986.536,13.244,44.99988102921339,11.007097898514528
1779697395.488288,tractorbeam,adaptive,sim,0,15.796,986.536,13.244,44.99988102921339,11.007097898514528
1779697395.5506487,tractorbeam,adaptive,sim,0,15.796,986.536,13.244,44.99988102921339,11.007097898514528
1779697395.6146755,tractorbeam,adaptive,sim,0,15.817,986.536,13.244,44.99988102921339,11.007097898514528
1779697395.674818,tractorbeam,adaptive,sim,0,15.817,986.536,13.244,44.99988102921339,11.007097898514528
1779697395.7391002,tractorbeam,adaptive,sim,0,15.856,986.536,13.244,44.99988102921339,11.007097898514528
1779697395.804076,tractorbeam,adaptive,sim,0,15.853,986.536,13.244,44.99988102921339,11.007097898514528
1779697395.8652394,tractorbeam,adaptive,sim,0,15.787,986.536,13.244,44.99988102921339,11.007097898514528
1779697395.9286454,tractorbeam,adaptive,sim,0,15.787,986.536,13.244,44.99988102921339,11.007097898514528
1779697395.9898586,tractorbeam,adaptive,sim,0,15.825,986.536,13.244,44.99988102921339,11.007097898514528
1779697396.0512524,tractorbeam,adaptive,sim,0,15.825,986.536,13.244,44.99988102921339,11.007097898514528
1779697396.113496,tractorbeam,adaptive,sim,0,15.758,986.536,13.244,44.99988102921339,11.007097898514528
1779697396.1760724,tractorbeam,adaptive,sim,0,15.825,986.536,13.244,44.99988102921339,11.007097898514528
1779697396.2403684,tractorbeam,adaptive,sim,0,15.908,986.536,13.244,44.99988102921339,11.007097898514528
1779697396.300782,tractorbeam,adaptive,sim,0,15.908,986.536,13.244,44.99988102921339,11.007097898514528
1779697396.3641622,tractorbeam,adaptive,sim,0,15.908,986.536,13.244,44.99988102921339,11.007097898514528
1779697396.4270678,tractorbeam,adaptive,sim,0,15.908,986.536,13.244,44.99988102921339,11.007097898514528
1779697396.4877486,tractorbeam,adaptive,sim,0,15.908,986.536,13.244,44.99988102921339,11.007097898514528
1779697396.5509353,tractorbeam,adaptive,sim,0,15.908,986.536,13.244,44.99988102921339,11.007097898514528
1779697396.6152031,tractorbeam,adaptive,sim,0,15.966,986.536,13.244,44.99988102921339,11.007097898514528
1779697396.6779327,tractorbeam,adaptive,sim,0,15.966,986.536,13.244,44.99988102921339,11.007097898514528
1779697396.7376928,tractorbeam,adaptive,sim,0,15.906,986.536,13.244,44.99988102921339,11.007097898514528
1779697396.7995803,tractorbeam,adaptive,sim,0,15.906,986.536,13.244,44.99988102921339,11.007097898514528
1779697396.8630757,tractorbeam,adaptive,sim,0,15.824,986.536,13.244,44.99988102921339,11.007097898514528
1779697396.9264312,tractorbeam,adaptive,sim,0,15.824,986.536,13.244,44.99988102921339,11.007097898514528
1779697396.9903955,tractorbeam,adaptive,sim,0,15.823,986.536,13.244,44.99988102921339,11.007097898514528
1779697397.0512438,tractorbeam,adaptive,sim,0,15.885,986.536,13.244,44.99988102921339,11.007097898514528
1779697397.1140664,tractorbeam,adaptive,sim,0,15.885,986.536,13.244,44.99988102921339,11.007097898514528
1779697397.1771705,tractorbeam,adaptive,sim,0,15.823,986.536,13.244,44.99988102921339,11.007097898514528
1779697397.2988403,tractorbeam,adaptive,sim,0,15.871,986.536,13.244,44.99988102921339,11.007097898514528
1779697397.3619921,tractorbeam,adaptive,sim,0,15.871,986.536,13.244,44.99988102921339,11.007097898514528
1779697397.4249125,tractorbeam,adaptive,sim,0,15.811,986.536,13.244,44.99988102921339,11.007097898514528
1779697397.487305,tractorbeam,adaptive,sim,0,15.811,986.536,13.244,44.99988102921339,11.007097898514528
1779697397.5510077,tractorbeam,adaptive,sim,0,15.871,986.536,13.244,44.99988102921339,11.007097898514528
1779697397.6141238,tractorbeam,adaptive,sim,0,15.811,986.536,13.244,44.99988102921339,11.007097898514528
1779697397.6769955,tractorbeam,adaptive,sim,0,15.844,986.536,13.244,44.99988102921339,11.007097898514528
1779697397.7371743,tractorbeam,adaptive,sim,0,15.861,986.536,13.244,44.99988102921339,11.007097898514528
1779697397.799219,tractorbeam,adaptive,sim,0,15.861,986.536,13.244,44.99988102921339,11.007097898514528
1779697397.8616617,tractorbeam,adaptive,sim,0,15.844,986.536,13.244,44.99988102921339,11.007097898514528
1779697397.9261189,tractorbeam,adaptive,sim,0,15.861,986.536,13.244,44.99988102921339,11.007097898514528
1779697397.9876904,tractorbeam,adaptive,sim,0,15.844,986.536,13.244,44.99988102921339,11.007097898514528
1779697398.051267,tractorbeam,adaptive,sim,0,15.844,986.536,13.244,44.99988102921339,11.007097898514528
1779697398.114966,tractorbeam,adaptive,sim,0,15.844,986.536,13.244,44.99988102921339,11.007097898514528
1779697398.1753366,tractorbeam,adaptive,sim,0,15.844,986.536,13.244,44.99988102921339,11.007097898514528
1779697398.2378788,tractorbeam,adaptive,sim,0,15.844,986.536,13.244,44.99988102921339,11.007097898514528
1779697398.3014636,tractorbeam,adaptive,sim,0,15.844,986.536,13.244,44.99988102921339,11.007097898514528
1779697398.3615804,tractorbeam,adaptive,sim,0,15.844,986.536,13.244,44.99988102921339,11.007097898514528
1779697398.423142,tractorbeam,adaptive,sim,0,15.844,986.536,13.244,44.99988102921339,11.007097898514528
1779697398.4863575,tractorbeam,adaptive,sim,0,15.827,986.536,13.244,44.99988102921339,11.007097898514528
1779697398.5498092,tractorbeam,adaptive,sim,0,15.827,986.536,13.244,44.99988102921339,11.007097898514528
1779697398.612811,tractorbeam,adaptive,sim,0,15.827,986.536,13.244,44.99988102921339,11.007097898514528
1779697398.6761246,tractorbeam,adaptive,sim,0,15.846,986.536,13.244,44.99988102921339,11.007097898514528
1779697398.7380738,tractorbeam,adaptive,sim,0,15.827,986.536,13.244,44.99988102921339,11.007097898514528
1779697398.7988303,tractorbeam,adaptive,sim,0,15.846,986.536,13.244,44.99988102921339,11.007097898514528
1779697398.8593323,tractorbeam,adaptive,sim,0,15.846,986.536,13.244,44.99988102921339,11.007097898514528
1779697398.9224498,tractorbeam,adaptive,sim,0,15.865,986.536,13.244,44.99988102921339,11.007097898514528
1779697398.9861693,tractorbeam,adaptive,sim,0,15.846,986.536,13.244,44.99988102921339,11.007097898514528
1779697399.0500338,tractorbeam,adaptive,sim,0,15.804,986.536,13.244,44.999881029215466,11.007097898533889
1779697399.1134298,tractorbeam,adaptive,sim,0,15.804,986.536,13.244,44.999881029215466,11.007097898533889
1779697399.1740017,tractorbeam,adaptive,sim,0,15.845,986.536,13.244,44.999881029215466,11.007097898533889
1779697399.2351794,tractorbeam,adaptive,sim,0,15.845,986.536,13.244,44.999881029215466,11.007097898533889
1779697399.2991974,tractorbeam,adaptive,sim,0,15.845,986.536,13.244,44.999881029215466,11.007097898533889
1779697399.361823,tractorbeam,adaptive,sim,0,15.845,986.536,13.244,44.999881029215466,11.007097898533889
1779697399.4243023,tractorbeam,adaptive,sim,0,15.865,986.536,13.244,44.999881029215466,11.007097898533889
1779697399.4847333,tractorbeam,adaptive,sim,0,15.845,986.536,13.244,44.999881029215466,11.007097898533889
1779697399.5483928,tractorbeam,adaptive,sim,0,15.865,986.536,13.244,44.999881029215466,11.007097898533889
1779697399.6127458,tractorbeam,adaptive,sim,0,15.865,986.536,13.244,44.999881029215466,11.007097898533889
1779697399.6728053,tractorbeam,adaptive,sim,0,15.865,986.536,13.244,44.999881029215466,11.007097898533889
1779697399.7339325,tractorbeam,adaptive,sim,0,15.865,986.536,13.244,44.999881029215466,11.007097898533889
1779697399.7986777,tractorbeam,adaptive,sim,0,15.835,986.536,13.244,44.999881029215466,11.007097898533889
1779697399.861285,tractorbeam,adaptive,sim,0,15.835,986.536,13.244,44.999881029215466,11.007097898533889
1779697399.9255188,tractorbeam,adaptive,sim,0,15.835,986.536,13.244,44.999881029215466,11.007097898533889
1779697400.0477405,tractorbeam,adaptive,sim,0,15.835,986.536,13.244,44.999881029215466,11.007097898533889
1779697400.1112425,tractorbeam,adaptive,sim,0,15.794,986.536,13.244,44.999881029215466,11.007097898533889
1779697400.1723366,tractorbeam,adaptive,sim,0,15.794,986.536,13.244,44.999881029215466,11.007097898533889
1779697400.2346406,tractorbeam,adaptive,sim,0,15.794,986.536,13.244,44.999881029215466,11.007097898533889
1779697400.2998955,tractorbeam,adaptive,sim,0,15.789,986.536,13.244,44.999881029215466,11.007097898533889
1779697400.3604264,tractorbeam,adaptive,sim,0,15.789,986.536,13.244,44.999881029215466,11.007097898533889
1779697400.4223602,tractorbeam,adaptive,sim,0,15.789,986.536,13.244,44.999881029215466,11.007097898533889
1779697400.4862163,tractorbeam,adaptive,sim,0,15.748,986.536,13.244,44.999881029215466,11.007097898533889
1779697400.5504138,tractorbeam,adaptive,sim,0,15.748,986.536,13.244,44.999881029215466,11.007097898533889
1779697400.610791,tractorbeam,adaptive,sim,0,15.748,986.536,13.244,44.999881029215466,11.007097898533889
1779697400.6732292,tractorbeam,adaptive,sim,0,15.748,986.536,13.244,44.999881029215466,11.007097898533889
1779697400.7367659,tractorbeam,adaptive,sim,0,15.711,986.536,13.244,44.999881029215466,11.007097898533889
1779697400.7980988,tractorbeam,adaptive,sim,0,15.783,986.536,13.244,44.999881029215466,11.007097898533889
1779697400.8606575,tractorbeam,adaptive,sim,0,15.783,986.536,13.244,44.999881029215466,11.007097898533889
1779697400.9248285,tractorbeam,adaptive,sim,0,15.783,986.536,13.244,44.999881029215466,11.007097898533889
1779697401.0457966,tractorbeam,adaptive,sim,0,15.711,986.536,13.244,44.999881029215466,11.007097898533889
1779697401.1094675,tractorbeam,adaptive,sim,0,15.711,986.536,13.244,44.999881029215466,11.007097898533889
1779697401.1731021,tractorbeam,adaptive,sim,0,15.711,986.536,13.244,44.999881029215466,11.007097898533889
1779697401.2337782,tractorbeam,adaptive,sim,0,15.711,986.536,13.244,44.999881029215466,11.007097898533889
1779697401.2971852,tractorbeam,adaptive,sim,0,15.711,986.536,13.244,44.999881029215466,11.007097898533889
1779697401.3607008,tractorbeam,adaptive,sim,0,15.711,986.536,13.244,44.999881029215466,11.007097898533889
1779697401.42201,tractorbeam,adaptive,sim,0,15.686,986.536,13.244,44.999881029215466,11.007097898533889
1779697401.483947,tractorbeam,adaptive,sim,0,15.686,986.536,13.244,44.999881029215466,11.007097898533889
1779697401.5481458,tractorbeam,adaptive,sim,0,15.680,986.536,13.244,44.999881029215466,11.007097898533889
1779697401.6087732,tractorbeam,adaptive,sim,0,15.680,986.536,13.244,44.999881029215466,11.007097898533889
1779697401.6728919,tractorbeam,adaptive,sim,0,15.680,986.536,13.244,44.999881029215466,11.007097898533889
1779697401.7336226,tractorbeam,adaptive,sim,0,15.680,986.536,13.244,44.999881029215466,11.007097898533889
1779697401.7964416,tractorbeam,adaptive,sim,0,15.680,986.536,13.244,44.999881029215466,11.007097898533889
1779697401.857058,tractorbeam,adaptive,sim,0,15.680,986.536,13.244,44.999881029215466,11.007097898533889
1779697401.9209077,tractorbeam,adaptive,sim,0,15.680,986.536,13.244,44.999881029215466,11.007097898533889
1779697401.9851773,tractorbeam,adaptive,sim,0,15.713,986.536,13.244,44.999881029215466,11.007097898533889
1779697402.0461588,tractorbeam,adaptive,sim,0,15.713,986.536,13.244,44.999881029215466,11.007097898533889
1779697402.1081314,tractorbeam,adaptive,sim,0,15.713,986.536,13.244,44.999881029215466,11.007097898533889
1779697402.1715105,tractorbeam,adaptive,sim,0,15.713,986.536,13.244,44.999881029215466,11.007097898533889
1779697402.2346559,tractorbeam,adaptive,sim,0,15.749,986.536,13.244,44.999881029215466,11.007097898533889
1779697402.2955222,tractorbeam,adaptive,sim,0,15.799,986.536,13.244,44.999881029215466,11.007097898533889
1779697402.3574474,tractorbeam,adaptive,sim,0,15.799,986.536,13.244,44.999881029215466,11.007097898533889
1779697402.4208229,tractorbeam,adaptive,sim,0,15.749,986.536,13.244,44.999881029215466,11.007097898533889
1779697402.481664,tractorbeam,adaptive,sim,0,15.796,986.536,13.244,44.999881029215466,11.007097898533889
1779697402.5441654,tractorbeam,adaptive,sim,0,15.796,986.536,13.244,44.999881029215466,11.007097898533889
1779697402.6075647,tractorbeam,adaptive,sim,0,15.796,986.536,13.244,44.999881029215466,11.007097898533889
1779697402.671394,tractorbeam,adaptive,sim,0,15.816,986.536,13.244,44.999881029215466,11.007097898533889
1779697402.734528,tractorbeam,adaptive,sim,0,15.796,986.536,13.244,44.999881029215466,11.007097898533889
1779697402.7954767,tractorbeam,adaptive,sim,0,15.831,986.536,13.244,44.999881029215466,11.007097898533889
1779697402.8569548,tractorbeam,adaptive,sim,0,15.831,986.536,13.244,44.999881029215466,11.007097898533889
1779697402.9217563,tractorbeam,adaptive,sim,0,15.816,986.536,13.244,44.999881029215466,11.007097898533889
1779697402.9824164,tractorbeam,adaptive,sim,0,15.816,986.536,13.244,44.999881029215466,11.007097898533889
1779697403.0461,tractorbeam,adaptive,sim,0,15.816,986.536,13.244,44.999881029215466,11.007097898533889
1779697403.110483,tractorbeam,adaptive,sim,0,15.816,986.536,13.244,44.999881029215466,11.007097898533889
1779697403.172759,tractorbeam,adaptive,sim,0,15.796,986.536,13.244,44.999881029215466,11.007097898533889
1779697403.2943766,tractorbeam,adaptive,sim,0,15.831,986.536,13.244,44.999881029215466,11.007097898533889
1779697403.3578475,tractorbeam,adaptive,sim,0,15.816,986.536,13.244,44.999881029215466,11.007097898533889
1779697403.4209971,tractorbeam,adaptive,sim,0,15.816,986.536,13.244,44.999881029215466,11.007097898533889
1779697403.4854243,tractorbeam,adaptive,sim,0,15.816,986.536,13.244,44.999881029215466,11.007097898533889
1779697403.5468674,tractorbeam,adaptive,sim,0,15.789,986.536,13.244,44.999881029215466,11.007097898533889
1779697403.6075695,tractorbeam,adaptive,sim,0,15.789,986.536,13.244,44.999881029215466,11.007097898533889
1779697403.6714044,tractorbeam,adaptive,sim,0,15.816,986.536,13.244,44.999881029215466,11.007097898533889
1779697403.7930806,tractorbeam,adaptive,sim,0,15.790,986.536,13.244,44.999881029215466,11.007097898533889
1779697403.8573864,tractorbeam,adaptive,sim,0,15.790,986.536,13.244,44.999881029215466,11.007097898533889
1779697403.9212704,tractorbeam,adaptive,sim,0,15.761,986.536,13.244,44.999881029215466,11.007097898533889
1779697403.9819105,tractorbeam,adaptive,sim,0,15.761,986.536,13.244,44.999881029215466,11.007097898533889
1779697404.0429084,tractorbeam,adaptive,sim,0,15.761,986.536,13.244,44.999881029215466,11.007097898533889
1779697404.107998,tractorbeam,adaptive,sim,0,15.761,986.536,13.244,44.999881029215466,11.007097898533889
1779697404.1689136,tractorbeam,adaptive,sim,0,15.801,986.536,13.244,44.999881029215466,11.007097898533889
1779697404.2294922,tractorbeam,adaptive,sim,0,15.801,986.536,13.244,44.999881029215466,11.007097898533889
1779697404.2932637,tractorbeam,adaptive,sim,0,15.801,986.536,13.244,44.999881029215466,11.007097898533889
1779697404.3573947,tractorbeam,adaptive,sim,0,15.801,986.536,13.244,44.999881029215466,11.007097898533889
1779697404.4207323,tractorbeam,adaptive,sim,0,15.801,986.536,13.244,44.999881029215466,11.007097898533889
1779697404.4809504,tractorbeam,adaptive,sim,0,15.801,986.536,13.244,44.999881029215466,11.007097898533889
1779697404.5433192,tractorbeam,adaptive,sim,0,15.801,986.536,13.244,44.999881029215466,11.007097898533889
1779697404.6058044,tractorbeam,adaptive,sim,0,15.801,986.536,13.244,44.999881029215466,11.007097898533889
1779697404.669268,tractorbeam,adaptive,sim,0,15.869,986.536,13.244,44.999881029215466,11.007097898533889
1779697404.7321289,tractorbeam,adaptive,sim,0,15.834,986.536,13.244,44.999881029215466,11.007097898533889
1779697404.795875,tractorbeam,adaptive,sim,0,15.893,986.536,13.244,44.999881029215466,11.007097898533889
1779697404.856047,tractorbeam,adaptive,sim,0,15.828,986.536,13.244,44.999881029215466,11.007097898533889
1779697404.9166439,tractorbeam,adaptive,sim,0,15.828,986.536,13.244,44.999881029215466,11.007097898533889
1779697404.9790745,tractorbeam,adaptive,sim,0,15.893,986.536,13.244,44.999881029215466,11.007097898533889
1779697405.0419133,tractorbeam,adaptive,sim,0,15.881,986.536,13.244,44.999881029215466,11.007097898533889
1779697405.1056533,tractorbeam,adaptive,sim,0,15.881,986.536,13.244,44.999881029215466,11.007097898533889
1779697405.1692162,tractorbeam,adaptive,sim,0,15.893,986.536,13.244,44.999881029215466,11.007097898533889
1779697405.2316895,tractorbeam,adaptive,sim,0,15.893,986.536,13.244,44.999881029215466,11.007097898533889
1779697405.294698,tractorbeam,adaptive,sim,0,15.893,986.536,13.244,44.999881029215466,11.007097898533889
1779697405.3580954,tractorbeam,adaptive,sim,0,15.881,986.536,13.244,44.999881029215466,11.007097898533889
1779697405.418483,tractorbeam,adaptive,sim,0,15.881,986.536,13.244,44.999881029215466,11.007097898533889
1779697405.4789937,tractorbeam,adaptive,sim,0,15.881,986.536,13.244,44.999881029215466,11.007097898533889
1779697405.544095,tractorbeam,adaptive,sim,0,15.881,986.536,13.244,44.999881029215466,11.007097898533889
1779697405.60699,tractorbeam,adaptive,sim,0,15.881,986.536,13.244,44.999881029215466,11.007097898533889
1779697405.6699975,tractorbeam,adaptive,sim,0,15.893,986.536,13.244,44.999881029215466,11.007097898533889
1779697405.731943,tractorbeam,adaptive,sim,0,15.881,986.536,13.244,44.999881029215466,11.007097898533889
1779697405.792417,tractorbeam,adaptive,sim,0,15.893,986.536,13.244,44.999881029215466,11.007097898533889
1779697405.8535998,tractorbeam,adaptive,sim,0,15.893,986.536,13.244,44.999881029215466,11.007097898533889
1779697405.9163826,tractorbeam,adaptive,sim,0,15.888,986.536,13.244,44.999881029215466,11.007097898533889
1779697405.9809608,tractorbeam,adaptive,sim,0,15.888,986.536,13.244,44.999881029215466,11.007097898533889
1779697406.0439181,tractorbeam,adaptive,sim,0,15.882,986.536,13.244,44.999881029215466,11.007097898533889
1779697406.1059933,tractorbeam,adaptive,sim,0,15.882,986.536,13.244,44.999881029215466,11.007097898533889
1779697406.1701832,tractorbeam,adaptive,sim,0,15.882,986.536,13.244,44.999881029215466,11.007097898533889
1779697406.290497,tractorbeam,adaptive,sim,0,15.847,986.536,13.244,44.999881029215466,11.007097898533889
1779697406.3536189,tractorbeam,adaptive,sim,0,15.847,986.536,13.244,44.999881029215466,11.007097898533889
1779697406.4185977,tractorbeam,adaptive,sim,0,15.828,986.536,13.244,44.999881029215466,11.007097898533889
1779697406.4792526,tractorbeam,adaptive,sim,0,15.828,986.536,13.244,44.999881029215466,11.007097898533889
1779697406.5404654,tractorbeam,adaptive,sim,0,15.828,986.536,13.244,44.999881029215466,11.007097898533889
1779697406.6040664,tractorbeam,adaptive,sim,0,15.866,986.536,13.244,44.999881029215466,11.007097898533889
1779697406.665957,tractorbeam,adaptive,sim,0,15.866,986.536,13.244,44.999881029215466,11.007097898533889
1779697406.7283914,tractorbeam,adaptive,sim,0,15.866,986.536,13.244,44.999881029215466,11.007097898533889
1779697406.7920241,tractorbeam,adaptive,sim,0,15.866,986.536,13.244,44.999881029215466,11.007097898533889
1779697406.8549,tractorbeam,adaptive,sim,0,15.866,986.536,13.244,44.999881029215466,11.007097898533889
1779697406.9178267,tractorbeam,adaptive,sim,0,15.866,986.536,13.244,44.999881029215466,11.007097898533889
1779697406.9810474,tractorbeam,adaptive,sim,0,15.866,986.536,13.244,44.999881029215466,11.007097898533889
1779697407.0412107,tractorbeam,adaptive,sim,0,15.866,986.536,13.244,44.999881029215466,11.007097898533889
1779697407.10201,tractorbeam,adaptive,sim,0,15.866,986.536,13.244,44.999881029215466,11.007097898533889
1779697407.1651187,tractorbeam,adaptive,sim,0,15.866,986.536,13.244,44.999881029215466,11.007097898533889
1779697407.22826,tractorbeam,adaptive,sim,0,15.869,986.536,13.244,44.999881029215466,11.007097898533889
1779697407.2914653,tractorbeam,adaptive,sim,0,15.869,986.536,13.244,44.999881029215466,11.007097898533889
1779697407.3543992,tractorbeam,adaptive,sim,0,15.869,986.536,13.244,44.999881029215466,11.007097898533889
1779697407.4177766,tractorbeam,adaptive,sim,0,15.869,986.536,13.244,44.999881029215466,11.007097898533889
1779697407.4778037,tractorbeam,adaptive,sim,0,15.869,986.536,13.244,44.999881029215466,11.007097898533889
1779697407.5397902,tractorbeam,adaptive,sim,0,15.869,986.536,13.244,44.999881029215466,11.007097898533889
1779697407.603304,tractorbeam,adaptive,sim,0,15.869,986.536,13.244,44.999881029215466,11.007097898533889
1779697407.6674924,tractorbeam,adaptive,sim,0,15.869,986.536,13.244,44.999881029215466,11.007097898533889
1779697407.727594,tractorbeam,adaptive,sim,0,15.869,986.536,13.244,44.999881029215466,11.007097898533889
1779697407.7916303,tractorbeam,adaptive,sim,0,15.869,986.536,13.244,44.999881029215466,11.007097898533889
1779697407.855575,tractorbeam,adaptive,sim,0,15.839,986.536,13.244,44.999881029215466,11.007097898533889
1779697407.9158318,tractorbeam,adaptive,sim,0,15.839,986.536,13.244,44.999881029215466,11.007097898533889
1779697407.9767756,tractorbeam,adaptive,sim,0,15.839,986.536,13.244,44.999881029215466,11.007097898533889
1779697408.0396829,tractorbeam,adaptive,sim,0,15.779,986.536,13.244,44.999881029215466,11.007097898533889
1779697408.103673,tractorbeam,adaptive,sim,0,15.834,986.536,13.244,44.999881029215466,11.007097898533889
1779697408.1672776,tractorbeam,adaptive,sim,0,15.827,986.536,13.244,44.999881029215466,11.007097898533889
1779697408.2885618,tractorbeam,adaptive,sim,0,15.827,986.536,13.244,44.999881029215466,11.007097898533889
1779697408.352091,tractorbeam,adaptive,sim,0,15.779,986.536,13.244,44.999881029215466,11.007097898533889
1779697408.4147534,tractorbeam,adaptive,sim,0,15.729,986.536,13.244,44.999881029215466,11.007097898533889
1779697408.4769328,tractorbeam,adaptive,sim,0,15.729,986.536,13.244,44.999881029215466,11.007097898533889
1779697408.540711,tractorbeam,adaptive,sim,0,15.729,986.536,13.244,44.999881029215466,11.007097898533889
1779697408.604315,tractorbeam,adaptive,sim,0,15.729,986.536,13.244,44.999881029215466,11.007097898533889
1779697408.6667771,tractorbeam,adaptive,sim,0,15.729,986.536,13.244,44.999881029215466,11.007097898533889
1779697408.729466,tractorbeam,adaptive,sim,0,15.775,986.536,13.244,44.999881029215466,11.007097898533889
1779697408.8493,tractorbeam,adaptive,sim,0,15.823,986.536,13.244,44.999881029215466,11.007097898533889
1779697408.9138708,tractorbeam,adaptive,sim,0,15.832,986.536,13.244,44.999881029215466,11.007097898533889
1779697408.9770257,tractorbeam,adaptive,sim,0,15.832,986.536,13.244,44.999881029215466,11.007097898533889
1779697409.0418823,tractorbeam,adaptive,sim,0,15.832,986.536,13.244,44.999881029215466,11.007097898533889
1779697409.1027243,tractorbeam,adaptive,sim,0,15.834,986.536,13.244,44.999881029215466,11.007097898533889
1779697409.1645179,tractorbeam,adaptive,sim,0,15.834,986.536,13.244,44.999881029215466,11.007097898533889
1779697409.228152,tractorbeam,adaptive,sim,0,15.832,986.536,13.244,44.999881029215466,11.007097898533889
1779697409.2918572,tractorbeam,adaptive,sim,0,15.832,986.536,13.244,44.999881029215466,11.007097898533889
1779697409.4136558,tractorbeam,adaptive,sim,0,15.834,986.536,13.244,44.999881029215466,11.007097898533889
1779697409.4763863,tractorbeam,adaptive,sim,0,15.834,986.536,13.244,44.999881029215466,11.007097898533889
1779697409.5400405,tractorbeam,adaptive,sim,0,15.834,986.536,13.244,44.999881029215466,11.007097898533889
1779697409.601106,tractorbeam,adaptive,sim,0,15.899,986.536,13.244,44.999881029215466,11.007097898533889
1779697409.6613061,tractorbeam,adaptive,sim,0,15.899,986.536,13.244,44.999881029215466,11.007097898533889
1779697409.7245834,tractorbeam,adaptive,sim,0,15.878,986.536,13.244,44.999881029215466,11.007097898533889
1779697409.7900546,tractorbeam,adaptive,sim,0,15.878,986.536,13.244,44.999881029215466,11.007097898533889
1779697409.850087,tractorbeam,adaptive,sim,0,15.878,986.536,13.244,44.999881029215466,11.007097898533889
1779697409.9137826,tractorbeam,adaptive,sim,0,15.950,986.536,13.244,44.999881029215466,11.007097898533889
1779697409.9764845,tractorbeam,adaptive,sim,0,15.950,986.536,13.244,44.999881029215466,11.007097898533889
1779697410.0398457,tractorbeam,adaptive,sim,0,15.895,986.536,13.244,44.999881029215466,11.007097898533889
1779697410.1035771,tractorbeam,adaptive,sim,0,15.868,986.536,13.244,44.999881029215466,11.007097898533889
1779697410.1642485,tractorbeam,adaptive,sim,0,15.868,986.536,13.244,44.999881029215466,11.007097898533889
1779697410.2276123,tractorbeam,adaptive,sim,0,15.868,986.536,13.244,44.999881029215466,11.007097898533889
1779697410.2887301,tractorbeam,adaptive,sim,0,15.868,986.536,13.244,44.999881029215466,11.007097898533889
1779697410.3506608,tractorbeam,adaptive,sim,0,15.895,986.536,13.244,44.999881029215466,11.007097898533889
1779697410.4149086,tractorbeam,adaptive,sim,0,15.895,986.536,13.244,44.999881029215466,11.007097898533889
1779697410.4773371,tractorbeam,adaptive,sim,0,15.895,986.536,13.244,44.999881029215466,11.007097898533889
1779697410.5375228,tractorbeam,adaptive,sim,0,15.949,986.536,13.244,44.999881029215466,11.007097898533889
1779697410.600693,tractorbeam,adaptive,sim,0,15.949,986.536,13.244,44.999881029215466,11.007097898533889
1779697410.6645193,tractorbeam,adaptive,sim,0,15.895,986.536,13.244,44.999881029215466,11.007097898533889
1779697410.7269127,tractorbeam,adaptive,sim,0,15.895,986.536,13.244,44.999881029215466,11.007097898533889
1779697410.7871664,tractorbeam,adaptive,sim,0,15.895,986.536,13.244,44.999881029215466,11.007097898533889
1779697410.8514738,tractorbeam,adaptive,sim,0,15.949,986.536,13.244,44.999881029215466,11.007097898533889
1779697410.911435,tractorbeam,adaptive,sim,0,15.895,986.536,13.244,44.999881029215466,11.007097898533889
1779697410.9735336,tractorbeam,adaptive,sim,0,15.923,986.536,13.244,44.999881029215466,11.007097898533889
1779697411.0379903,tractorbeam,adaptive,sim,0,15.904,986.536,13.244,44.999881029215466,11.007097898533889
1779697411.098207,tractorbeam,adaptive,sim,0,15.904,986.536,13.244,44.999881029215466,11.007097898533889
1779697411.162004,tractorbeam,adaptive,sim,0,15.904,986.536,13.244,44.999881029215466,11.007097898533889
1779697411.2255263,tractorbeam,adaptive,sim,0,15.904,986.536,13.244,44.999881029215466,11.007097898533889
1779697411.2856858,tractorbeam,adaptive,sim,0,15.902,986.536,13.244,44.999881029215466,11.007097898533889
1779697411.349283,tractorbeam,adaptive,sim,0,15.958,986.536,13.244,44.999881029215466,11.007097898533889
1779697411.4137316,tractorbeam,adaptive,sim,0,15.958,986.536,13.244,44.999881029215466,11.007097898533889
1779697411.4742403,tractorbeam,adaptive,sim,0,15.958,986.536,13.244,44.999881029215466,11.007097898533889
1779697411.5366418,tractorbeam,adaptive,sim,0,15.958,986.536,13.244,44.999881029215466,11.007097898533889
1779697411.6002645,tractorbeam,adaptive,sim,0,15.892,986.536,13.244,44.999881029215466,11.007097898533889
1779697411.6643484,tractorbeam,adaptive,sim,0,15.775,986.536,13.244,44.999881029215466,11.007097898533889
1779697411.7246952,tractorbeam,adaptive,sim,0,15.775,986.536,13.244,44.999881029215466,11.007097898533889
1779697411.7865345,tractorbeam,adaptive,sim,0,15.775,986.536,13.244,44.999881029215466,11.007097898533889
1779697411.8521938,tractorbeam,adaptive,sim,0,15.697,986.536,13.244,44.999881029215466,11.007097898533889
1779697411.9137287,tractorbeam,adaptive,sim,0,15.768,986.536,13.244,44.999881029215466,11.007097898533889
1779697411.9763174,tractorbeam,adaptive,sim,0,15.768,986.536,13.244,44.999881029215466,11.007097898533889
1779697412.0374305,tractorbeam,adaptive,sim,0,15.685,986.536,13.244,44.999881029215466,11.007097898533889
1779697412.1003582,tractorbeam,adaptive,sim,0,15.685,986.536,13.244,44.999881029215466,11.007097898533889
1779697412.1612995,tractorbeam,adaptive,sim,0,15.685,986.536,13.244,44.999881029215466,11.007097898533889
1779697412.2232308,tractorbeam,adaptive,sim,0,15.685,986.536,13.244,44.999881029215466,11.007097898533889
1779697412.2864025,tractorbeam,adaptive,sim,0,15.657,986.536,13.244,44.999881029215466,11.007097898533889
1779697412.3493383,tractorbeam,adaptive,sim,0,15.685,986.536,13.244,44.999881029215466,11.007097898533889
1779697412.4117744,tractorbeam,adaptive,sim,0,15.685,986.536,13.244,44.999881029215466,11.007097898533889
1779697412.4758346,tractorbeam,adaptive,sim,0,15.753,986.536,13.244,44.999881029215466,11.007097898533889
1779697412.5366604,tractorbeam,adaptive,sim,0,15.732,986.536,13.244,44.999881029215466,11.007097898533889
1779697412.5986333,tractorbeam,adaptive,sim,0,15.732,986.536,13.244,44.999881029215466,11.007097898533889
1779697412.66224,tractorbeam,adaptive,sim,0,15.732,986.536,13.244,44.999881029215466,11.007097898533889
1779697412.7230864,tractorbeam,adaptive,sim,0,15.732,986.536,13.244,44.999881029215466,11.007097898533889
1779697412.786901,tractorbeam,adaptive,sim,0,15.732,986.536,13.244,44.999881029215466,11.007097898533889
1779697412.850229,tractorbeam,adaptive,sim,0,15.732,986.536,13.244,44.999881029215466,11.007097898533889
1779697412.9130425,tractorbeam,adaptive,sim,0,15.792,986.536,13.244,44.999881029215466,11.007097898533889
1779697413.0341074,tractorbeam,adaptive,sim,0,15.814,986.536,13.244,44.999881029215466,11.007097898533889
1779697413.09785,tractorbeam,adaptive,sim,0,15.814,986.536,13.244,44.999881029215466,11.007097898533889
1779697413.161563,tractorbeam,adaptive,sim,0,15.814,986.536,13.244,44.999881029215466,11.007097898533889
1779697413.224384,tractorbeam,adaptive,sim,0,15.792,986.536,13.244,44.999881029215466,11.007097898533889
1779697413.284591,tractorbeam,adaptive,sim,0,15.814,986.536,13.244,44.999881029215466,11.007097898533889
1779697413.349165,tractorbeam,adaptive,sim,0,15.814,986.536,13.244,44.999881029215466,11.007097898533889
1779697413.4103608,tractorbeam,adaptive,sim,0,15.814,986.536,13.244,44.999881029215466,11.007097898533889
1779697413.4715786,tractorbeam,adaptive,sim,0,15.814,986.536,13.244,44.999881029215466,11.007097898533889
1779697413.5357864,tractorbeam,adaptive,sim,0,15.840,986.536,13.244,44.999881029215466,11.007097898533889
1779697413.599713,tractorbeam,adaptive,sim,0,15.837,986.536,13.244,44.999881029215466,11.007097898533889
1779697413.6627314,tractorbeam,adaptive,sim,0,15.792,986.536,13.244,44.999881029215466,11.007097898533889
1779697413.7241755,tractorbeam,adaptive,sim,0,15.827,986.536,13.244,44.999881029215466,11.007097898533889
1779697413.786607,tractorbeam,adaptive,sim,0,15.827,986.536,13.244,44.999881029215466,11.007097898533889
1779697413.847183,tractorbeam,adaptive,sim,0,15.790,986.536,13.244,44.999881029215466,11.007097898533889
1779697413.908361,tractorbeam,adaptive,sim,0,15.827,986.536,13.244,44.999881029215466,11.007097898533889
1779697413.9715443,tractorbeam,adaptive,sim,0,15.857,986.536,13.244,44.999881029215466,11.007097898533889
1779697414.0358372,tractorbeam,adaptive,sim,0,15.857,986.536,13.244,44.999881029215466,11.007097898533889
1779697414.099232,tractorbeam,adaptive,sim,0,15.857,986.536,13.244,44.999881029215466,11.007097898533889
1779697414.1621616,tractorbeam,adaptive,sim,0,15.857,986.536,13.244,44.999881029215466,11.007097898533889
1779697414.2225673,tractorbeam,adaptive,sim,0,15.827,986.536,13.244,44.999881029215466,11.007097898533889
1779697414.2857893,tractorbeam,adaptive,sim,0,15.827,986.536,13.244,44.999881029215466,11.007097898533889
1779697414.3503332,tractorbeam,adaptive,sim,0,15.827,986.536,13.244,44.999881029215466,11.007097898533889
1779697414.4104438,tractorbeam,adaptive,sim,0,15.827,986.536,13.244,44.999881029215466,11.007097898533889
1779697414.472089,tractorbeam,adaptive,sim,0,15.857,986.536,13.244,44.999881029215466,11.007097898533889
1779697414.5359662,tractorbeam,adaptive,sim,0,15.857,986.536,13.244,44.999881029215466,11.007097898533889
1779697414.5959027,tractorbeam,adaptive,sim,0,15.857,986.536,13.244,44.999881029215466,11.007097898533889
1779697414.6583645,tractorbeam,adaptive,sim,0,15.857,986.536,13.244,44.999881029215466,11.007097898533889
1779697414.7204747,tractorbeam,adaptive,sim,0,15.827,986.536,13.244,44.999881029215466,11.007097898533889
1779697414.784002,tractorbeam,adaptive,sim,0,15.827,986.536,13.244,44.999881029215466,11.007097898533889
1779697414.846536,tractorbeam,adaptive,sim,0,15.827,986.536,13.244,44.999881029215466,11.007097898533889
1779697414.908958,tractorbeam,adaptive,sim,0,15.866,986.536,13.244,44.999881029215466,11.007097898533889
1779697414.9714408,tractorbeam,adaptive,sim,0,15.924,986.536,13.244,44.999881029215466,11.007097898533889
1779697415.034885,tractorbeam,adaptive,sim,0,15.924,986.536,13.244,44.999881029215466,11.007097898533889
1779697415.0989504,tractorbeam,adaptive,sim,0,15.924,986.536,13.244,44.999881029215466,11.007097898533889
1779697415.1594687,tractorbeam,adaptive,sim,0,15.849,986.536,13.244,44.999881029215466,11.007097898533889
1779697415.2206647,tractorbeam,adaptive,sim,0,15.849,986.536,13.244,44.999881029215466,11.007097898533889
1779697415.2844226,tractorbeam,adaptive,sim,0,15.847,986.536,13.244,44.999881029215466,11.007097898533889
1779697415.3470488,tractorbeam,adaptive,sim,0,15.847,986.536,13.244,44.999881029215466,11.007097898533889
1779697415.4098873,tractorbeam,adaptive,sim,0,15.829,986.536,13.244,44.999881029215466,11.007097898533889
1779697415.4698462,tractorbeam,adaptive,sim,0,15.922,986.536,13.244,44.999881029215466,11.007097898533889
1779697415.5328968,tractorbeam,adaptive,sim,0,15.922,986.536,13.244,44.999881029215466,11.007097898533889
1779697415.5952308,tractorbeam,adaptive,sim,0,15.922,986.536,13.244,44.999881029215466,11.007097898533889
1779697415.6586745,tractorbeam,adaptive,sim,0,15.957,986.536,13.244,44.999881029215466,11.007097898533889
1779697415.721659,tractorbeam,adaptive,sim,0,15.920,986.536,13.244,44.999881029215466,11.007097898533889
1779697415.7822025,tractorbeam,adaptive,sim,0,15.858,986.536,13.244,44.999881029215466,11.007097898533889
1779697415.8436165,tractorbeam,adaptive,sim,0,15.920,986.536,13.244,44.999881029215466,11.007097898533889
1779697415.907577,tractorbeam,adaptive,sim,0,15.920,986.536,13.244,44.999881029215466,11.007097898533889
1779697415.9705546,tractorbeam,adaptive,sim,0,15.920,986.536,13.244,44.999881029215466,11.007097898533889
1779697416.0351148,tractorbeam,adaptive,sim,0,15.884,986.536,13.244,44.999881029215466,11.007097898533889
1779697416.0953565,tractorbeam,adaptive,sim,0,15.884,986.536,13.244,44.999881029215466,11.007097898533889
1779697416.157159,tractorbeam,adaptive,sim,0,15.884,986.536,13.244,44.999881029215466,11.007097898533889
1779697416.2224152,tractorbeam,adaptive,sim,0,15.858,986.536,13.244,44.999881029215466,11.007097898533889
1779697416.2828472,tractorbeam,adaptive,sim,0,15.813,986.536,13.244,44.999881029215466,11.007097898533889
1779697416.3445106,tractorbeam,adaptive,sim,0,15.858,986.536,13.244,44.999881029215466,11.007097898533889
1779697416.4079437,tractorbeam,adaptive,sim,0,15.884,986.536,13.244,44.999881029215466,11.007097898533889
1779697416.4709182,tractorbeam,adaptive,sim,0,15.858,986.536,13.244,44.999881029215466,11.007097898533889
1779697416.534415,tractorbeam,adaptive,sim,0,15.858,986.536,13.244,44.999881029215466,11.007097898533889
1779697416.5973728,tractorbeam,adaptive,sim,0,15.858,986.536,13.244,44.999881029215466,11.007097898533889
1779697416.6579242,tractorbeam,adaptive,sim,0,15.858,986.536,13.244,44.999881029215466,11.007097898533889
1779697416.7191632,tractorbeam,adaptive,sim,0,15.858,986.536,13.244,44.999881029215466,11.007097898533889
1779697416.7827322,tractorbeam,adaptive,sim,0,15.858,986.536,13.244,44.999881029215466,11.007097898533889
1779697416.842826,tractorbeam,adaptive,sim,0,15.858,986.536,13.244,44.999881029215466,11.007097898533889
1779697416.9053335,tractorbeam,adaptive,sim,0,15.858,986.536,13.244,44.999881029215466,11.007097898533889
1779697416.9681246,tractorbeam,adaptive,sim,0,15.858,986.536,13.244,44.999881029215466,11.007097898533889
1779697417.033016,tractorbeam,adaptive,sim,0,15.888,986.536,13.244,44.999881029215466,11.007097898533889
1779697417.0941114,tractorbeam,adaptive,sim,0,15.805,986.536,13.244,44.999881029215466,11.007097898533889
1779697417.1549156,tractorbeam,adaptive,sim,0,15.805,986.536,13.244,44.999881029215466,11.007097898533889
1779697417.2185817,tractorbeam,adaptive,sim,0,15.825,986.536,13.244,44.999881029215466,11.007097898533889
1779697417.2816336,tractorbeam,adaptive,sim,0,15.829,986.536,13.244,44.999881029215466,11.007097898533889
1779697417.3438373,tractorbeam,adaptive,sim,0,15.861,986.536,13.244,44.999881029215466,11.007097898533889
1779697417.4064305,tractorbeam,adaptive,sim,0,15.861,986.536,13.244,44.999881029215466,11.007097898533889
1779697417.4691417,tractorbeam,adaptive,sim,0,15.895,986.536,13.244,44.999881029215466,11.007097898533889
1779697417.5332427,tractorbeam,adaptive,sim,0,15.905,986.536,13.244,44.999881029215466,11.007097898533889
1779697417.5961645,tractorbeam,adaptive,sim,0,15.895,986.536,13.244,44.999881029215466,11.007097898533889
1779697417.6564867,tractorbeam,adaptive,sim,0,15.895,986.536,13.244,44.999881029215466,11.007097898533889
1779697417.7188954,tractorbeam,adaptive,sim,0,15.905,986.536,13.244,44.999881029215466,11.007097898533889
1779697417.78326,tractorbeam,adaptive,sim,0,15.901,986.536,13.244,44.999881029215466,11.007097898533889
1779697417.8463192,tractorbeam,adaptive,sim,0,15.901,986.536,13.244,44.999881029215466,11.007097898533889
1779697417.906182,tractorbeam,adaptive,sim,0,15.907,986.536,13.244,44.999881029215466,11.007097898533889
1779697417.9665773,tractorbeam,adaptive,sim,0,15.907,986.536,13.244,44.999881029215466,11.007097898533889
1779697418.0293834,tractorbeam,adaptive,sim,0,15.930,986.536,13.244,44.999881029215466,11.007097898533889
1779697418.092071,tractorbeam,adaptive,sim,0,15.930,986.536,13.244,44.999881029215466,11.007097898533889
1779697418.1560798,tractorbeam,adaptive,sim,0,15.907,986.536,13.244,44.999881029215466,11.007097898533889
1779697418.2195957,tractorbeam,adaptive,sim,0,15.907,986.536,13.244,44.999881029215466,11.007097898533889
1779697418.2794657,tractorbeam,adaptive,sim,0,15.901,986.536,13.244,44.999881029215466,11.007097898533889
1779697418.343645,tractorbeam,adaptive,sim,0,15.907,986.536,13.244,44.999881029215466,11.007097898533889
1779697418.4065447,tractorbeam,adaptive,sim,0,15.901,986.536,13.244,44.999881029215466,11.007097898533889
1779697418.4689186,tractorbeam,adaptive,sim,0,15.901,986.536,13.244,44.999881029215466,11.007097898533889
1779697418.5318043,tractorbeam,adaptive,sim,0,15.901,986.536,13.244,44.999881029215466,11.007097898533889
1779697418.5947084,tractorbeam,adaptive,sim,0,15.901,986.536,13.244,44.999881029215466,11.007097898533889
1779697418.6546798,tractorbeam,adaptive,sim,0,15.926,986.536,13.244,44.999881029215466,11.007097898533889
1779697418.715607,tractorbeam,adaptive,sim,0,15.926,986.536,13.244,44.999881029215466,11.007097898533889
1779697418.778965,tractorbeam,adaptive,sim,0,15.890,986.536,13.244,44.999881029215466,11.007097898533889
1779697418.841081,tractorbeam,adaptive,sim,0,15.890,986.536,13.244,44.999881029215466,11.007097898533889
1779697418.905451,tractorbeam,adaptive,sim,0,15.890,986.536,13.244,44.999881029215466,11.007097898533889
1779697418.9690347,tractorbeam,adaptive,sim,0,15.870,986.536,13.244,44.999881029215466,11.007097898533889
1779697419.0291133,tractorbeam,adaptive,sim,0,15.844,986.536,13.244,44.999881029215466,11.007097898533889
1779697419.0912077,tractorbeam,adaptive,sim,0,15.870,986.536,13.244,44.999881029215466,11.007097898533889
1779697419.1537943,tractorbeam,adaptive,sim,0,15.870,986.536,13.244,44.999881029215466,11.007097898533889
1779697419.2160678,tractorbeam,adaptive,sim,0,15.870,986.536,13.244,44.999881029215466,11.007097898533889
1779697419.2795715,tractorbeam,adaptive,sim,0,15.870,986.536,13.244,44.999881029215466,11.007097898533889
1779697419.3431683,tractorbeam,adaptive,sim,0,15.844,986.536,13.244,44.999881029215466,11.007097898533889
1779697419.4053361,tractorbeam,adaptive,sim,0,15.863,986.536,13.244,44.999881029215466,11.007097898533889
1779697419.4681115,tractorbeam,adaptive,sim,0,15.884,986.536,13.244,44.999881029215466,11.007097898533889
1779697419.5312536,tractorbeam,adaptive,sim,0,15.910,986.536,13.244,44.999881029215466,11.007097898533889
1779697419.5922396,tractorbeam,adaptive,sim,0,15.884,986.536,13.244,44.999881029215466,11.007097898533889
1779697419.6536937,tractorbeam,adaptive,sim,0,15.910,986.536,13.244,44.999881029215466,11.007097898533889
1779697419.7173607,tractorbeam,adaptive,sim,0,15.937,986.536,13.244,44.999881029215466,11.007097898533889
1779697419.7821352,tractorbeam,adaptive,sim,0,15.910,986.536,13.244,44.999881029215466,11.007097898533889
1779697419.8419847,tractorbeam,adaptive,sim,0,15.910,986.536,13.244,44.999881029215466,11.007097898533889
1779697419.9043941,tractorbeam,adaptive,sim,0,15.910,986.536,13.244,44.999881029215466,11.007097898533889
1779697419.96701,tractorbeam,adaptive,sim,0,15.910,986.536,13.244,44.999881029215466,11.007097898533889
1779697420.0320256,tractorbeam,adaptive,sim,0,15.937,986.536,13.244,44.999881029215466,11.007097898533889
1779697420.09159,tractorbeam,adaptive,sim,0,15.959,986.536,13.244,44.999881029215466,11.007097898533889
1779697420.1528053,tractorbeam,adaptive,sim,0,15.959,986.536,13.244,44.999881029215466,11.007097898533889
1779697420.2159812,tractorbeam,adaptive,sim,0,15.959,986.536,13.244,44.999881029215466,11.007097898533889
1779697420.2806656,tractorbeam,adaptive,sim,0,15.959,986.536,13.244,44.999881029215466,11.007097898533889
1779697420.343612,tractorbeam,adaptive,sim,0,15.932,986.536,13.244,44.999881029215466,11.007097898533889
1779697420.4057362,tractorbeam,adaptive,sim,0,15.932,986.536,13.244,44.999881029215466,11.007097898533889
1779697420.4657156,tractorbeam,adaptive,sim,0,15.908,986.536,13.244,44.999881029215466,11.007097898533889
1779697420.5275726,tractorbeam,adaptive,sim,0,15.908,986.536,13.244,44.999881029215466,11.007097898533889
1779697420.5902286,tractorbeam,adaptive,sim,0,15.908,986.536,13.244,44.999881029215466,11.007097898533889
1779697420.6528425,tractorbeam,adaptive,sim,0,15.908,986.536,13.244,44.999881029215466,11.007097898533889
1779697420.715118,tractorbeam,adaptive,sim,0,15.908,986.536,13.244,44.999881029215466,11.007097898533889
1779697420.7782583,tractorbeam,adaptive,sim,0,15.908,986.536,13.244,44.999881029215466,11.007097898533889
1779697420.8424623,tractorbeam,adaptive,sim,0,15.908,986.536,13.244,44.999881029215466,11.007097898533889
1779697420.9028382,tractorbeam,adaptive,sim,0,15.898,986.536,13.244,44.999881029215466,11.007097898533889
1779697420.9657,tractorbeam,adaptive,sim,0,15.898,986.536,13.244,44.999881029215466,11.007097898533889
1779697421.0302365,tractorbeam,adaptive,sim,0,15.898,986.536,13.244,44.999881029215466,11.007097898533889
1779697421.090017,tractorbeam,adaptive,sim,0,15.898,986.536,13.244,44.999881029215466,11.007097898533889
1779697421.1552224,tractorbeam,adaptive,sim,0,15.898,986.536,13.244,44.999881029215466,11.007097898533889
1779697421.215368,tractorbeam,adaptive,sim,0,15.827,986.536,13.244,44.999881029215466,11.007097898533889
1779697421.2764926,tractorbeam,adaptive,sim,0,15.827,986.536,13.244,44.999881029215466,11.007097898533889
1779697421.3389523,tractorbeam,adaptive,sim,0,15.827,986.536,13.244,44.999881029215466,11.007097898533889
1779697421.402117,tractorbeam,adaptive,sim,0,15.827,986.536,13.244,44.999881029215466,11.007097898533889
1779697421.4648156,tractorbeam,adaptive,sim,0,15.827,986.536,13.244,44.999881029215466,11.007097898533889
1779697421.5282097,tractorbeam,adaptive,sim,0,15.899,986.536,13.244,44.999881029215466,11.007097898533889
1779697421.5918055,tractorbeam,adaptive,sim,0,15.899,986.536,13.244,44.999881029215466,11.007097898533889
1779697421.6550295,tractorbeam,adaptive,sim,0,15.839,986.536,13.244,44.999881029215466,11.007097898533889
1779697421.7165256,tractorbeam,adaptive,sim,0,15.830,986.536,13.244,44.999881029215466,11.007097898533889
1779697421.7793782,tractorbeam,adaptive,sim,0,15.830,986.536,13.244,44.999881029215466,11.007097898533889
1779697421.8416715,tractorbeam,adaptive,sim,0,15.907,986.536,13.244,44.999881029215466,11.007097898533889
1779697421.9045463,tractorbeam,adaptive,sim,0,15.930,986.536,13.244,44.999881029215466,11.007097898533889
1779697421.9651508,tractorbeam,adaptive,sim,0,15.907,986.536,13.244,44.999881029215466,11.007097898533889
1779697422.0278022,tractorbeam,adaptive,sim,0,15.907,986.536,13.244,44.999881029215466,11.007097898533889
1779697422.090671,tractorbeam,adaptive,sim,0,15.907,986.536,13.244,44.999881029215466,11.007097898533889
1779697422.154178,tractorbeam,adaptive,sim,0,15.930,986.536,13.244,44.999881029215466,11.007097898533889
1779697422.214046,tractorbeam,adaptive,sim,0,15.930,986.536,13.244,44.999881029215466,11.007097898533889
1779697422.2757227,tractorbeam,adaptive,sim,0,15.930,986.536,13.244,44.999881029215466,11.007097898533889
1779697422.3388803,tractorbeam,adaptive,sim,0,15.930,986.536,13.244,44.999881029215466,11.007097898533889
1779697422.4046936,tractorbeam,adaptive,sim,0,15.907,986.536,13.244,44.999881029215466,11.007097898533889
1779697422.464472,tractorbeam,adaptive,sim,0,15.907,986.536,13.244,44.999881029215466,11.007097898533889
1779697422.5268528,tractorbeam,adaptive,sim,0,15.907,986.536,13.244,44.999881029215466,11.007097898533889
1779697422.5902057,tractorbeam,adaptive,sim,0,15.907,986.536,13.244,44.999881029215466,11.007097898533889
1779697422.6529086,tractorbeam,adaptive,sim,0,15.867,986.536,13.244,44.999881029215466,11.007097898533889
1779697422.7155182,tractorbeam,adaptive,sim,0,15.844,986.536,13.244,44.999881029215466,11.007097898533889
1779697422.778386,tractorbeam,adaptive,sim,0,15.844,986.536,13.244,44.999881029215466,11.007097898533889
1779697422.8411949,tractorbeam,adaptive,sim,0,15.844,986.536,13.244,44.999881029215466,11.007097898533889
1779697422.9010637,tractorbeam,adaptive,sim,0,15.894,986.536,13.244,44.999881029215466,11.007097898533889
1779697422.9638934,tractorbeam,adaptive,sim,0,15.894,986.536,13.244,44.999881029215466,11.007097898533889
1779697423.0277872,tractorbeam,adaptive,sim,0,15.844,986.536,13.244,44.999881029215466,11.007097898533889
1779697423.0910294,tractorbeam,adaptive,sim,0,15.836,986.536,13.244,44.999881029215466,11.007097898533889
1779697423.211449,tractorbeam,adaptive,sim,0,15.844,986.536,13.244,44.999881029215466,11.007097898533889
1779697423.2751465,tractorbeam,adaptive,sim,0,15.836,986.536,13.244,44.999881029215466,11.007097898533889
1779697423.3388836,tractorbeam,adaptive,sim,0,15.844,986.536,13.244,44.999881029215466,11.007097898533889
1779697423.401161,tractorbeam,adaptive,sim,0,15.836,986.536,13.244,44.999881029215466,11.007097898533889
1779697423.4639013,tractorbeam,adaptive,sim,0,15.844,986.536,13.244,44.999881029215466,11.007097898533889
1779697423.5280368,tractorbeam,adaptive,sim,0,15.844,986.536,13.244,44.999881029215466,11.007097898533889
1779697423.5903168,tractorbeam,adaptive,sim,0,15.844,986.536,13.244,44.999881029215466,11.007097898533889
1779697423.7104707,tractorbeam,adaptive,sim,0,15.870,986.536,13.244,44.999881029215466,11.007097898533889
1779697423.7739475,tractorbeam,adaptive,sim,0,15.870,986.536,13.244,44.999881029215466,11.007097898533889
1779697423.8362353,tractorbeam,adaptive,sim,0,15.870,986.536,13.244,44.999881029215466,11.007097898533889
1779697423.898341,tractorbeam,adaptive,sim,0,15.933,986.536,13.244,44.999881029215466,11.007097898533889
1779697423.9610028,tractorbeam,adaptive,sim,0,16.003,986.536,13.244,44.999881029215466,11.007097898533889
1779697424.024396,tractorbeam,adaptive,sim,0,15.969,986.536,13.244,44.999881029215466,11.007097898533889
1779697424.087563,tractorbeam,adaptive,sim,0,15.969,986.536,13.244,44.999881029215466,11.007097898533889
1779697424.1512,tractorbeam,adaptive,sim,0,15.908,986.536,13.244,44.999881029215466,11.007097898533889
1779697424.2135863,tractorbeam,adaptive,sim,0,15.893,986.536,13.244,44.999881029215466,11.007097898533889
1779697424.2764616,tractorbeam,adaptive,sim,0,15.929,986.536,13.244,44.999881029215466,11.007097898533889
1779697424.3391933,tractorbeam,adaptive,sim,0,15.929,986.536,13.244,44.999881029215466,11.007097898533889
1779697424.3994374,tractorbeam,adaptive,sim,0,15.902,986.536,13.244,44.999881029215466,11.007097898533889
1779697424.4610634,tractorbeam,adaptive,sim,0,15.902,986.536,13.244,44.999881029215466,11.007097898533889
1779697424.524555,tractorbeam,adaptive,sim,0,15.902,986.536,13.244,44.999881029215466,11.007097898533889
1779697424.588147,tractorbeam,adaptive,sim,0,15.902,986.536,13.244,44.999881029215466,11.007097898533889
1779697424.651101,tractorbeam,adaptive,sim,0,15.902,986.536,13.244,44.999881029215466,11.007097898533889
1779697424.7130587,tractorbeam,adaptive,sim,0,15.902,986.536,13.244,44.999881029215466,11.007097898533889
1779697424.7753344,tractorbeam,adaptive,sim,0,15.902,986.536,13.244,44.999881029215466,11.007097898533889
1779697424.8351245,tractorbeam,adaptive,sim,0,15.921,986.536,13.244,44.999881029215466,11.007097898533889
1779697424.8981352,tractorbeam,adaptive,sim,0,15.936,986.536,13.244,44.999881029215466,11.007097898533889
1779697424.96121,tractorbeam,adaptive,sim,0,15.926,986.536,13.244,44.999881029215466,11.007097898533889
1779697425.0261235,tractorbeam,adaptive,sim,0,15.920,986.536,13.244,44.999881029215466,11.007097898533889
1779697425.0869353,tractorbeam,adaptive,sim,0,15.920,986.536,13.244,44.999881029215466,11.007097898533889
1779697425.150304,tractorbeam,adaptive,sim,0,15.920,986.536,13.244,44.999881029215466,11.007097898533889
1779697425.2102084,tractorbeam,adaptive,sim,0,15.902,986.536,13.244,44.999881029215466,11.007097898533889
1779697425.275206,tractorbeam,adaptive,sim,0,15.902,986.536,13.244,44.999881029215466,11.007097898533889
1779697425.339177,tractorbeam,adaptive,sim,0,15.902,986.536,13.244,44.999881029215466,11.007097898533889
1779697425.4000623,tractorbeam,adaptive,sim,0,15.907,986.536,13.244,44.999881029215466,11.007097898533889
1779697425.460169,tractorbeam,adaptive,sim,0,15.907,986.536,13.244,44.999881029215466,11.007097898533889
1779697425.5250406,tractorbeam,adaptive,sim,0,15.907,986.536,13.244,44.999881029215466,11.007097898533889
1779697425.588302,tractorbeam,adaptive,sim,0,15.907,986.536,13.244,44.999881029215466,11.007097898533889
1779697425.6485589,tractorbeam,adaptive,sim,0,15.903,986.536,13.244,44.999881029215466,11.007097898533889
1779697425.7093556,tractorbeam,adaptive,sim,0,15.903,986.536,13.244,44.999881029215466,11.007097898533889
1779697425.7765427,tractorbeam,adaptive,sim,0,15.926,986.536,13.244,44.999881029215466,11.007097898533889
1779697425.8363538,tractorbeam,adaptive,sim,0,15.926,986.536,13.244,44.999881029215466,11.007097898533889
1779697425.9009047,tractorbeam,adaptive,sim,0,15.953,986.536,13.244,44.999881029215466,11.007097898533889
1779697425.9605713,tractorbeam,adaptive,sim,0,15.926,986.536,13.244,44.999881029215466,11.007097898533889
1779697426.0246677,tractorbeam,adaptive,sim,0,15.926,986.536,13.244,44.999881029215466,11.007097898533889
1779697426.0851078,tractorbeam,adaptive,sim,0,15.909,986.536,13.244,44.999881029215466,11.007097898533889
1779697426.1475906,tractorbeam,adaptive,sim,0,15.909,986.536,13.244,44.999881029215466,11.007097898533889
1779697426.209845,tractorbeam,adaptive,sim,0,15.886,986.536,13.244,44.999881029215466,11.007097898533889
1779697426.274656,tractorbeam,adaptive,sim,0,15.932,986.536,13.244,44.999881029215466,11.007097898533889
1779697426.3381991,tractorbeam,adaptive,sim,0,15.932,986.536,13.244,44.999881029215466,11.007097898533889
1779697426.399197,tractorbeam,adaptive,sim,0,15.932,986.536,13.244,44.999881029215466,11.007097898533889
1779697426.4617941,tractorbeam,adaptive,sim,0,15.932,986.536,13.244,44.999881029215466,11.007097898533889
1779697426.5236266,tractorbeam,adaptive,sim,0,15.727,986.536,13.244,44.999881029215466,11.007097898533889
1779697426.5879006,tractorbeam,adaptive,sim,0,15.932,986.536,13.244,44.999881029215466,11.007097898533889
1779697426.6485724,tractorbeam,adaptive,sim,0,15.932,986.536,13.244,44.999881029215466,11.007097898533889
1779697426.708363,tractorbeam,adaptive,sim,0,15.932,986.536,13.244,44.999881029215466,11.007097898533889
1779697426.772816,tractorbeam,adaptive,sim,0,15.932,986.536,13.244,44.999881029215466,11.007097898533889
1779697426.836548,tractorbeam,adaptive,sim,0,15.932,986.536,13.244,44.999881029215466,11.007097898533889
1779697426.897018,tractorbeam,adaptive,sim,0,15.932,986.536,13.244,44.999881029215466,11.007097898533889
1779697426.9596052,tractorbeam,adaptive,sim,0,15.932,986.536,13.244,44.999881029215466,11.007097898533889
1779697427.0244448,tractorbeam,adaptive,sim,0,15.866,986.536,13.244,44.999881029215466,11.007097898533889
1779697427.0875943,tractorbeam,adaptive,sim,0,15.866,986.536,13.244,44.999881029215466,11.007097898533889
1779697427.14979,tractorbeam,adaptive,sim,0,15.715,986.536,13.244,44.999881029215466,11.007097898533889
1779697427.2702723,tractorbeam,adaptive,sim,0,15.715,986.536,13.244,44.999881029215466,11.007097898533889
1779697427.3345342,tractorbeam,adaptive,sim,0,15.732,986.536,13.244,44.999881029215466,11.007097898533889
1779697427.3986394,tractorbeam,adaptive,sim,0,15.665,986.536,13.244,44.999881029215466,11.007097898533889
1779697427.5202963,tractorbeam,adaptive,sim,0,15.668,986.536,13.244,44.999881029215466,11.007097898533889
1779697427.583982,tractorbeam,adaptive,sim,0,15.668,986.536,13.244,44.999881029215466,11.007097898533889
1779697427.6475098,tractorbeam,adaptive,sim,0,15.772,986.536,13.244,44.999881029215466,11.007097898533889
1779697427.7100356,tractorbeam,adaptive,sim,0,15.668,986.536,13.244,44.999881029215466,11.007097898533889
1779697427.7739995,tractorbeam,adaptive,sim,0,15.772,986.536,13.244,44.999881029215466,11.007097898533889
1779697427.8344295,tractorbeam,adaptive,sim,0,15.772,986.536,13.244,44.999881029215466,11.007097898533889
1779697427.896445,tractorbeam,adaptive,sim,0,15.772,986.536,13.244,44.999881029215466,11.007097898533889
1779697427.9597826,tractorbeam,adaptive,sim,0,15.668,986.536,13.244,44.999881029215466,11.007097898533889
1779697428.0205414,tractorbeam,adaptive,sim,0,15.772,986.536,13.244,44.999881029215466,11.007097898533889
1779697428.0827887,tractorbeam,adaptive,sim,0,15.772,986.536,13.244,44.999881029215466,11.007097898533889
1779697428.1456394,tractorbeam,adaptive,sim,0,15.772,986.536,13.244,44.999881029215466,11.007097898533889
1779697428.2079928,tractorbeam,adaptive,sim,0,15.751,986.536,13.244,44.999881029215466,11.007097898533889
1779697428.2720206,tractorbeam,adaptive,sim,0,15.751,986.536,13.244,44.999881029215466,11.007097898533889
1779697428.3356433,tractorbeam,adaptive,sim,0,15.751,986.536,13.244,44.999881029215466,11.007097898533889
1779697428.3964815,tractorbeam,adaptive,sim,0,15.849,986.536,13.244,44.999881029215466,11.007097898533889
1779697428.4577866,tractorbeam,adaptive,sim,0,15.849,986.536,13.244,44.999881029215466,11.007097898533889
1779697428.521892,tractorbeam,adaptive,sim,0,15.827,986.536,13.244,44.999881029215466,11.007097898533889
1779697428.5853412,tractorbeam,adaptive,sim,0,15.827,986.536,13.244,44.999881029215466,11.007097898533889
1779697428.6454523,tractorbeam,adaptive,sim,0,15.881,986.536,13.244,44.999881029215466,11.007097898533889
1779697428.7063577,tractorbeam,adaptive,sim,0,15.881,986.536,13.244,44.999881029215466,11.007097898533889
1779697428.7700782,tractorbeam,adaptive,sim,0,15.844,986.536,13.244,44.999881029215466,11.007097898533889
1779697428.8331654,tractorbeam,adaptive,sim,0,15.844,986.536,13.244,44.999881029215466,11.007097898533889
1779697428.89632,tractorbeam,adaptive,sim,0,15.844,986.536,13.244,44.999881029215466,11.007097898533889
1779697428.9594207,tractorbeam,adaptive,sim,0,15.890,986.536,13.244,44.999881029215466,11.007097898533889
1779697429.0200126,tractorbeam,adaptive,sim,0,15.899,986.536,13.244,44.999881029215466,11.007097898533889
1779697429.0819592,tractorbeam,adaptive,sim,0,15.899,986.536,13.244,44.999881029215466,11.007097898533889
1779697429.1453762,tractorbeam,adaptive,sim,0,15.867,986.536,13.244,44.999881029215466,11.007097898533889
1779697429.2088323,tractorbeam,adaptive,sim,0,15.899,986.536,13.244,44.999881029215466,11.007097898533889
1779697429.2731752,tractorbeam,adaptive,sim,0,15.867,986.536,13.244,44.999881029215466,11.007097898533889
1779697429.3331213,tractorbeam,adaptive,sim,0,15.867,986.536,13.244,44.999881029215466,11.007097898533889
1779697429.393295,tractorbeam,adaptive,sim,0,15.867,986.536,13.244,44.999881029215466,11.007097898533889
1779697429.4560184,tractorbeam,adaptive,sim,0,15.899,986.536,13.244,44.999881029215466,11.007097898533889
1779697429.5190434,tractorbeam,adaptive,sim,0,15.867,986.536,13.244,44.999881029215466,11.007097898533889
1779697429.5828853,tractorbeam,adaptive,sim,0,15.873,986.536,13.244,44.999881029215466,11.007097898533889
1779697429.6463954,tractorbeam,adaptive,sim,0,15.865,986.536,13.244,44.999881029215466,11.007097898533889
1779697429.7670553,tractorbeam,adaptive,sim,0,15.852,986.536,13.244,44.999881029215466,11.007097898533889
1779697429.8300776,tractorbeam,adaptive,sim,0,15.852,986.536,13.244,44.999881029215466,11.007097898533889
1779697429.8939269,tractorbeam,adaptive,sim,0,15.873,986.536,13.244,44.999881029215466,11.007097898533889
1779697429.9563348,tractorbeam,adaptive,sim,0,15.852,986.536,13.244,44.999881029215466,11.007097898533889
1779697430.019238,tractorbeam,adaptive,sim,0,15.873,986.536,13.244,44.999881029215466,11.007097898533889
1779697430.0820448,tractorbeam,adaptive,sim,0,15.873,986.536,13.244,44.999881029215466,11.007097898533889
1779697430.1451735,tractorbeam,adaptive,sim,0,15.873,986.536,13.244,44.999881029215466,11.007097898533889
1779697430.2084796,tractorbeam,adaptive,sim,0,15.873,986.536,13.244,44.999881029215466,11.007097898533889
1779697430.2690523,tractorbeam,adaptive,sim,0,15.873,986.536,13.244,44.999881029215466,11.007097898533889
1779697430.3320577,tractorbeam,adaptive,sim,0,15.873,986.536,13.244,44.999881029215466,11.007097898533889
1779697430.397418,tractorbeam,adaptive,sim,0,15.873,986.536,13.244,44.999881029215466,11.007097898533889
1779697430.4580941,tractorbeam,adaptive,sim,0,15.873,986.536,13.244,44.999881029215466,11.007097898533889
1779697430.5211267,tractorbeam,adaptive,sim,0,15.873,986.536,13.244,44.999881029215466,11.007097898533889
1779697430.581499,tractorbeam,adaptive,sim,0,15.873,986.536,13.244,44.999881029215466,11.007097898533889
1779697430.6415942,tractorbeam,adaptive,sim,0,15.873,986.536,13.244,44.999881029215466,11.007097898533889
1779697430.708242,tractorbeam,adaptive,sim,0,15.873,986.536,13.244,44.999881029215466,11.007097898533889
1779697430.770228,tractorbeam,adaptive,sim,0,15.873,986.536,13.244,44.999881029215466,11.007097898533889
1779697430.83405,tractorbeam,adaptive,sim,0,15.895,986.536,13.244,44.999881029215466,11.007097898533889
1779697430.8943596,tractorbeam,adaptive,sim,0,15.895,986.536,13.244,44.999881029215466,11.007097898533889
1779697430.9562693,tractorbeam,adaptive,sim,0,15.921,986.536,13.244,44.999881029215466,11.007097898533889
1779697431.0198069,tractorbeam,adaptive,sim,0,15.898,986.536,13.244,44.999881029215466,11.007097898533889
1779697431.083956,tractorbeam,adaptive,sim,0,15.898,986.536,13.244,44.999881029215466,11.007097898533889
1779697431.143851,tractorbeam,adaptive,sim,0,15.898,986.536,13.244,44.999881029215466,11.007097898533889
1779697431.2041621,tractorbeam,adaptive,sim,0,15.898,986.536,13.244,44.999881029215466,11.007097898533889
1779697431.2685506,tractorbeam,adaptive,sim,0,15.898,986.536,13.244,44.999881029215466,11.007097898533889
1779697431.3309648,tractorbeam,adaptive,sim,0,15.898,986.536,13.244,44.999881029215466,11.007097898533889
1779697431.3946574,tractorbeam,adaptive,sim,0,15.898,986.536,13.244,44.999881029215466,11.007097898533889
1779697431.4575355,tractorbeam,adaptive,sim,0,15.898,986.536,13.244,44.999881029215466,11.007097898533889
1779697431.517421,tractorbeam,adaptive,sim,0,15.894,986.536,13.244,44.999881029215466,11.007097898533889
1779697431.5791824,tractorbeam,adaptive,sim,0,15.894,986.536,13.244,44.999881029215466,11.007097898533889
1779697431.6417603,tractorbeam,adaptive,sim,0,15.894,986.536,13.244,44.999881029215466,11.007097898533889
1779697431.7041624,tractorbeam,adaptive,sim,0,15.937,986.536,13.244,44.999881029215466,11.007097898533889
1779697431.768443,tractorbeam,adaptive,sim,0,15.937,986.536,13.244,44.999881029215466,11.007097898533889
1779697431.8290145,tractorbeam,adaptive,sim,0,15.937,986.536,13.244,44.999881029215466,11.007097898533889
1779697431.8927162,tractorbeam,adaptive,sim,0,15.937,986.536,13.244,44.999881029215466,11.007097898533889
1779697431.9560964,tractorbeam,adaptive,sim,0,15.894,986.536,13.244,44.999881029215466,11.007097898533889
1779697432.0171976,tractorbeam,adaptive,sim,0,15.918,986.536,13.244,44.999881029215466,11.007097898533889
1779697432.079122,tractorbeam,adaptive,sim,0,15.918,986.536,13.244,44.999881029215466,11.007097898533889
1779697432.1434987,tractorbeam,adaptive,sim,0,15.918,986.536,13.244,44.999881029215466,11.007097898533889
1779697432.2035067,tractorbeam,adaptive,sim,0,15.905,986.536,13.244,44.999881029215466,11.007097898533889
1779697432.268193,tractorbeam,adaptive,sim,0,15.918,986.536,13.244,44.999881029215466,11.007097898533889
1779697432.3319669,tractorbeam,adaptive,sim,0,15.918,986.536,13.244,44.999881029215466,11.007097898533889
1779697432.393261,tractorbeam,adaptive,sim,0,15.918,986.536,13.244,44.999881029215466,11.007097898533889
1779697432.4538763,tractorbeam,adaptive,sim,0,15.918,986.536,13.244,44.999881029215466,11.007097898533889
1779697432.518037,tractorbeam,adaptive,sim,0,15.918,986.536,13.244,44.999881029215466,11.007097898533889
1779697432.581082,tractorbeam,adaptive,sim,0,15.918,986.536,13.244,44.999881029215466,11.007097898533889
1779697432.6439526,tractorbeam,adaptive,sim,0,15.918,986.536,13.244,44.999881029215466,11.007097898533889
1779697432.7060263,tractorbeam,adaptive,sim,0,15.924,986.536,13.244,44.999881029215466,11.007097898533889
1779697432.769128,tractorbeam,adaptive,sim,0,15.929,986.536,13.244,44.999881029215466,11.007097898533889
1779697432.8289013,tractorbeam,adaptive,sim,0,15.929,986.536,13.244,44.999881029215466,11.007097898533889
1779697432.8901744,tractorbeam,adaptive,sim,0,15.929,986.536,13.244,44.999881029215466,11.007097898533889
1779697432.953518,tractorbeam,adaptive,sim,0,15.924,986.536,13.244,44.999881029215466,11.007097898533889
1779697433.0175014,tractorbeam,adaptive,sim,0,15.912,986.536,13.244,44.999881029215466,11.007097898533889
1779697433.0809386,tractorbeam,adaptive,sim,0,15.912,986.536,13.244,44.999881029215466,11.007097898533889
1779697433.144331,tractorbeam,adaptive,sim,0,15.882,986.536,13.244,44.999881029215466,11.007097898533889
1779697433.2648902,tractorbeam,adaptive,sim,0,15.912,986.536,13.244,44.999881029215466,11.007097898533889
1779697433.3297703,tractorbeam,adaptive,sim,0,15.882,986.536,13.244,44.999881029215466,11.007097898533889
1779697433.3940823,tractorbeam,adaptive,sim,0,15.857,986.536,13.244,44.999881029215466,11.007097898533889
1779697433.5154834,tractorbeam,adaptive,sim,0,15.857,986.536,13.244,44.999881029215466,11.007097898533889
1779697433.5785701,tractorbeam,adaptive,sim,0,15.857,986.536,13.244,44.999881029215466,11.007097898533889
1779697433.6422153,tractorbeam,adaptive,sim,0,15.857,986.536,13.244,44.999881029215466,11.007097898533889
1779697433.7042954,tractorbeam,adaptive,sim,0,15.818,986.536,13.244,44.999881029215466,11.007097898533889
1779697433.767835,tractorbeam,adaptive,sim,0,15.818,986.536,13.244,44.999881029215466,11.007097898533889
1779697433.8306434,tractorbeam,adaptive,sim,0,15.818,986.536,13.244,44.999881029215466,11.007097898533889
1779697433.8909953,tractorbeam,adaptive,sim,0,15.818,986.536,13.244,44.999881029215466,11.007097898533889
1779697433.9527764,tractorbeam,adaptive,sim,0,15.818,986.536,13.244,44.999881029215466,11.007097898533889
1779697434.0174537,tractorbeam,adaptive,sim,0,15.780,986.536,13.244,44.999881029215466,11.007097898533889
1779697434.0809019,tractorbeam,adaptive,sim,0,15.771,986.536,13.244,44.999881029215466,11.007097898533889
1779697434.2004597,tractorbeam,adaptive,sim,0,15.780,986.536,13.244,44.999881029215466,11.007097898533889
1779697434.2638853,tractorbeam,adaptive,sim,0,15.780,986.536,13.244,44.999881029215466,11.007097898533889
1779697434.3275564,tractorbeam,adaptive,sim,0,15.780,986.536,13.244,44.999881029215466,11.007097898533889
1779697434.3907185,tractorbeam,adaptive,sim,0,15.780,986.536,13.244,44.999881029215466,11.007097898533889
1779697434.455193,tractorbeam,adaptive,sim,0,15.767,986.536,13.244,44.999881029215466,11.007097898533889
1779697434.5767455,tractorbeam,adaptive,sim,0,15.767,986.536,13.244,44.999881029215466,11.007097898533889
1779697434.638867,tractorbeam,adaptive,sim,0,15.780,986.536,13.244,44.999881029215466,11.007097898533889
1779697434.7011087,tractorbeam,adaptive,sim,0,15.814,986.536,13.244,44.999881029215466,11.007097898533889
1779697434.7648482,tractorbeam,adaptive,sim,0,15.814,986.536,13.244,44.999881029215466,11.007097898533889
1779697434.8270574,tractorbeam,adaptive,sim,0,15.814,986.536,13.244,44.999881029215466,11.007097898533889
1779697434.8903704,tractorbeam,adaptive,sim,0,15.853,986.536,13.244,44.999881029215466,11.007097898533889
1779697434.953768,tractorbeam,adaptive,sim,0,15.871,986.536,13.244,44.999881029215466,11.007097898533889
1779697435.0167189,tractorbeam,adaptive,sim,0,15.853,986.536,13.244,44.999881029215466,11.007097898533889
1779697435.0777583,tractorbeam,adaptive,sim,0,15.853,986.536,13.244,44.999881029215466,11.007097898533889
1779697435.1397917,tractorbeam,adaptive,sim,0,15.853,986.536,13.244,44.999881029215466,11.007097898533889
1779697435.2020953,tractorbeam,adaptive,sim,0,15.853,986.536,13.244,44.999881029215466,11.007097898533889
1779697435.2649143,tractorbeam,adaptive,sim,0,15.887,986.536,13.244,44.999881029215466,11.007097898533889
1779697435.3270748,tractorbeam,adaptive,sim,0,15.930,986.536,13.244,44.999881029215466,11.007097898533889
1779697435.389577,tractorbeam,adaptive,sim,0,15.947,986.536,13.244,44.999881029215466,11.007097898533889
1779697435.4515564,tractorbeam,adaptive,sim,0,15.947,986.536,13.244,44.999881029215466,11.007097898533889
1779697435.5142295,tractorbeam,adaptive,sim,0,15.947,986.536,13.244,44.999881029215466,11.007097898533889
1779697435.576239,tractorbeam,adaptive,sim,0,15.947,986.536,13.244,44.999881029215466,11.007097898533889
1779697435.6387656,tractorbeam,adaptive,sim,0,15.947,986.536,13.244,44.999881029215466,11.007097898533889
1779697435.700808,tractorbeam,adaptive,sim,0,15.950,986.536,13.244,44.999881029215466,11.007097898533889
1779697435.7639813,tractorbeam,adaptive,sim,0,15.964,986.536,13.244,44.999881029215466,11.007097898533889
1779697435.8256865,tractorbeam,adaptive,sim,0,15.950,986.536,13.244,44.999881029215466,11.007097898533889
1779697435.888132,tractorbeam,adaptive,sim,0,15.964,986.536,13.244,44.999881029215466,11.007097898533889
1779697435.9499156,tractorbeam,adaptive,sim,0,15.964,986.536,13.244,44.999881029215466,11.007097898533889
1779697436.0127254,tractorbeam,adaptive,sim,0,15.964,986.536,13.244,44.999881029215466,11.007097898533889
1779697436.0750732,tractorbeam,adaptive,sim,0,15.964,986.536,13.244,44.999881029215466,11.007097898533889
1779697436.1381207,tractorbeam,adaptive,sim,0,15.969,986.536,13.244,44.999881029215466,11.007097898533889
1779697436.2000227,tractorbeam,adaptive,sim,0,15.990,986.536,13.244,44.999881029215466,11.007097898533889
1779697436.2631857,tractorbeam,adaptive,sim,0,16.011,986.536,13.244,44.999881029215466,11.007097898533889
1779697436.3257937,tractorbeam,adaptive,sim,0,16.011,986.536,13.244,44.999881029215466,11.007097898533889
1779697436.3881805,tractorbeam,adaptive,sim,0,15.990,986.536,13.244,44.999881029215466,11.007097898533889
1779697436.451583,tractorbeam,adaptive,sim,0,15.990,986.536,13.244,44.999881029215466,11.007097898533889
1779697436.51522,tractorbeam,adaptive,sim,0,15.990,986.536,13.244,44.999881029215466,11.007097898533889
1779697436.578576,tractorbeam,adaptive,sim,0,15.990,986.536,13.244,44.999881029215466,11.007097898533889
1779697436.640729,tractorbeam,adaptive,sim,0,15.983,986.536,13.244,44.999881029215466,11.007097898533889
1779697436.761125,tractorbeam,adaptive,sim,0,15.983,986.536,13.244,44.999881029215466,11.007097898533889
1779697436.8234322,tractorbeam,adaptive,sim,0,15.983,986.536,13.244,44.999881029215466,11.007097898533889
1779697436.8862302,tractorbeam,adaptive,sim,0,16.016,986.536,13.244,44.999881029215466,11.007097898533889
1779697436.9483984,tractorbeam,adaptive,sim,0,15.983,986.536,13.244,44.999881029215466,11.007097898533889
1779697437.0110276,tractorbeam,adaptive,sim,0,15.983,986.536,13.244,44.999881029215466,11.007097898533889
1779697437.0740588,tractorbeam,adaptive,sim,0,15.983,986.536,13.244,44.999881029215466,11.007097898533889
1779697437.1375265,tractorbeam,adaptive,sim,0,15.982,986.536,13.244,44.999881029215466,11.007097898533889
1779697437.1996548,tractorbeam,adaptive,sim,0,15.956,986.536,13.244,44.999881029215466,11.007097898533889
1779697437.2631829,tractorbeam,adaptive,sim,0,15.956,986.536,13.244,44.999881029215466,11.007097898533889
1779697437.3257492,tractorbeam,adaptive,sim,0,15.956,986.536,13.244,44.999881029215466,11.007097898533889
1779697437.3884647,tractorbeam,adaptive,sim,0,15.930,986.536,13.244,44.999881029215466,11.007097898533889
1779697437.4508765,tractorbeam,adaptive,sim,0,15.930,986.536,13.244,44.999881029215466,11.007097898533889
1779697437.5140796,tractorbeam,adaptive,sim,0,15.930,986.536,13.244,44.999881029215466,11.007097898533889
1779697437.5771027,tractorbeam,adaptive,sim,0,15.930,986.536,13.244,44.999881029215466,11.007097898533889
1779697437.6368902,tractorbeam,adaptive,sim,0,15.930,986.536,13.244,44.999881029215466,11.007097898533889
1779697437.6972308,tractorbeam,adaptive,sim,0,15.930,986.536,13.244,44.999881029215466,11.007097898533889
1779697437.7607255,tractorbeam,adaptive,sim,0,15.973,986.536,13.244,44.999881029215466,11.007097898533889
1779697437.823417,tractorbeam,adaptive,sim,0,15.973,986.536,13.244,44.999881029215466,11.007097898533889
1779697437.8876173,tractorbeam,adaptive,sim,0,15.999,986.536,13.244,44.999881029215466,11.007097898533889
1779697437.9507976,tractorbeam,adaptive,sim,0,15.973,986.536,13.244,44.999881029215466,11.007097898533889
1779697438.0140224,tractorbeam,adaptive,sim,0,15.912,986.536,13.244,44.999881029215466,11.007097898533889
1779697438.13635,tractorbeam,adaptive,sim,0,15.912,986.536,13.244,44.999881029215466,11.007097898533889
1779697438.1990378,tractorbeam,adaptive,sim,0,15.869,986.536,13.244,44.999881029215466,11.007097898533889
1779697438.2642128,tractorbeam,adaptive,sim,0,15.869,986.536,13.244,44.999881029215466,11.007097898533889
1779697438.3855562,tractorbeam,adaptive,sim,0,15.869,986.536,13.244,44.999881029215466,11.007097898533889
1779697438.448619,tractorbeam,adaptive,sim,0,15.869,986.536,13.244,44.999881029215466,11.007097898533889
1779697438.5117931,tractorbeam,adaptive,sim,0,15.869,986.536,13.244,44.999881029215466,11.007097898533889
1779697438.5736084,tractorbeam,adaptive,sim,0,15.869,986.536,13.244,44.999881029215466,11.007097898533889
1779697438.6370382,tractorbeam,adaptive,sim,0,15.912,986.536,13.244,44.999881029215466,11.007097898533889
1779697438.70021,tractorbeam,adaptive,sim,0,15.864,986.536,13.244,44.999881029215466,11.007097898533889
1779697438.7606456,tractorbeam,adaptive,sim,0,15.864,986.536,13.244,44.999881029215466,11.007097898533889
1779697438.8221908,tractorbeam,adaptive,sim,0,15.864,986.536,13.244,44.999881029215466,11.007097898533889
1779697438.8843772,tractorbeam,adaptive,sim,0,15.864,986.536,13.244,44.999881029215466,11.007097898533889
1779697438.9478452,tractorbeam,adaptive,sim,0,15.864,986.536,13.244,44.999881029215466,11.007097898533889
1779697439.011161,tractorbeam,adaptive,sim,0,15.864,986.536,13.244,44.999881029215466,11.007097898533889
1779697439.0750527,tractorbeam,adaptive,sim,0,15.864,986.536,13.244,44.999881029215466,11.007097898533889
1779697439.135822,tractorbeam,adaptive,sim,0,15.864,986.536,13.244,44.999881029215466,11.007097898533889
1779697439.1971319,tractorbeam,adaptive,sim,0,15.864,986.536,13.244,44.999881029215466,11.007097898533889
1779697439.2604592,tractorbeam,adaptive,sim,0,15.859,986.536,13.244,44.999881029215466,11.007097898533889
1779697439.3243573,tractorbeam,adaptive,sim,0,15.859,986.536,13.244,44.999881029215466,11.007097898533889
1779697439.3884823,tractorbeam,adaptive,sim,0,15.850,986.536,13.244,44.999881029215466,11.007097898533889
1779697439.4489388,tractorbeam,adaptive,sim,0,15.850,986.536,13.244,44.999881029215466,11.007097898533889
1779697439.5102975,tractorbeam,adaptive,sim,0,15.850,986.536,13.244,44.999881029215466,11.007097898533889
1779697439.5738237,tractorbeam,adaptive,sim,0,15.850,986.536,13.244,44.999881029215466,11.007097898533889
1779697439.6379552,tractorbeam,adaptive,sim,0,15.850,986.536,13.244,44.999881029215466,11.007097898533889
1779697439.6979365,tractorbeam,adaptive,sim,0,15.850,986.536,13.244,44.999881029215466,11.007097898533889
1779697439.7611892,tractorbeam,adaptive,sim,0,15.850,986.536,13.244,44.999881029215466,11.007097898533889
1779697439.824572,tractorbeam,adaptive,sim,0,15.850,986.536,13.244,44.999881029215466,11.007097898533889
1779697439.8847008,tractorbeam,adaptive,sim,0,15.834,986.536,13.244,44.999881029215466,11.007097898533889
1779697439.9460073,tractorbeam,adaptive,sim,0,15.834,986.536,13.244,44.999881029215466,11.007097898533889
1779697440.0093365,tractorbeam,adaptive,sim,0,15.829,986.536,13.244,44.999881029215466,11.007097898533889
1779697440.0733285,tractorbeam,adaptive,sim,0,15.795,986.536,13.244,44.999881029215466,11.007097898533889
1779697440.137349,tractorbeam,adaptive,sim,0,15.795,986.536,13.244,44.999881029215466,11.007097898533889
1779697440.2594023,tractorbeam,adaptive,sim,0,15.755,986.536,13.244,44.999881029215466,11.007097898533889
1779697440.3229105,tractorbeam,adaptive,sim,0,15.755,986.536,13.244,44.999881029215466,11.007097898533889
1779697440.3856323,tractorbeam,adaptive,sim,0,15.729,986.536,13.244,44.999881029215466,11.007097898533889
1779697440.4493048,tractorbeam,adaptive,sim,0,15.729,986.536,13.244,44.999881029215466,11.007097898533889
1779697440.5097475,tractorbeam,adaptive,sim,0,15.729,986.536,13.244,44.999881029215466,11.007097898533889
1779697440.5705948,tractorbeam,adaptive,sim,0,15.755,986.536,13.244,44.999881029215466,11.007097898533889
1779697440.6332185,tractorbeam,adaptive,sim,0,15.784,986.536,13.244,44.999881029215466,11.007097898533889
1779697440.6969519,tractorbeam,adaptive,sim,0,15.784,986.536,13.244,44.999881029215466,11.007097898533889
1779697440.760917,tractorbeam,adaptive,sim,0,15.759,986.536,13.244,44.999881029215466,11.007097898533889
1779697440.8222513,tractorbeam,adaptive,sim,0,15.759,986.536,13.244,44.999881029215466,11.007097898533889
1779697440.8853817,tractorbeam,adaptive,sim,0,15.759,986.536,13.244,44.999881029215466,11.007097898533889
1779697440.9457011,tractorbeam,adaptive,sim,0,15.759,986.536,13.244,44.999881029215466,11.007097898533889
1779697441.0102158,tractorbeam,adaptive,sim,0,15.759,986.536,13.244,44.999881029215466,11.007097898533889
1779697441.070922,tractorbeam,adaptive,sim,0,15.759,986.536,13.244,44.999881029215466,11.007097898533889
1779697441.1354756,tractorbeam,adaptive,sim,0,15.759,986.536,13.244,44.999881029215466,11.007097898533889
1779697441.1965775,tractorbeam,adaptive,sim,0,15.739,986.536,13.244,44.999881029215466,11.007097898533889
1779697441.261445,tractorbeam,adaptive,sim,0,15.759,986.536,13.244,44.999881029215466,11.007097898533889
1779697441.3225465,tractorbeam,adaptive,sim,0,15.767,986.536,13.244,44.999881029215466,11.007097898533889
1779697441.385457,tractorbeam,adaptive,sim,0,15.767,986.536,13.244,44.999881029215466,11.007097898533889
1779697441.4468887,tractorbeam,adaptive,sim,0,15.767,986.536,13.244,44.999881029215466,11.007097898533889
1779697441.5093603,tractorbeam,adaptive,sim,0,15.767,986.536,13.244,44.999881029215466,11.007097898533889
1779697441.56988,tractorbeam,adaptive,sim,0,15.767,986.536,13.244,44.999881029215466,11.007097898533889
1779697441.6341348,tractorbeam,adaptive,sim,0,15.799,986.536,13.244,44.999881029215466,11.007097898533889
1779697441.694476,tractorbeam,adaptive,sim,0,15.767,986.536,13.244,44.999881029215466,11.007097898533889
1779697441.760025,tractorbeam,adaptive,sim,0,16.153,986.536,13.244,44.999881029215466,11.007097898533889
1779697441.8211377,tractorbeam,adaptive,sim,0,15.702,986.536,13.244,44.999881029215466,11.007097898533889
1779697441.8837998,tractorbeam,adaptive,sim,0,15.702,986.536,13.244,44.999881029215466,11.007097898533889
1779697441.94485,tractorbeam,adaptive,sim,0,15.701,986.536,13.244,44.999881029215466,11.007097898533889
1779697442.0110676,tractorbeam,adaptive,sim,0,16.078,986.536,13.244,44.999881029215466,11.007097898533889
1779697442.0704327,tractorbeam,adaptive,sim,0,16.019,986.536,13.244,44.999881029215466,11.007097898533889
1779697442.135568,tractorbeam,adaptive,sim,0,16.019,986.536,13.244,44.999881029215466,11.007097898533889
1779697442.1950169,tractorbeam,adaptive,sim,0,16.019,986.536,13.244,44.999881029215466,11.007097898533889
1779697442.2585511,tractorbeam,adaptive,sim,0,16.019,986.536,13.244,44.999881029215466,11.007097898533889
1779697442.3236883,tractorbeam,adaptive,sim,0,16.019,986.536,13.244,44.999881029215466,11.007097898533889
1779697442.3850532,tractorbeam,adaptive,sim,0,16.019,986.536,13.244,44.999881029215466,11.007097898533889
1779697442.4466305,tractorbeam,adaptive,sim,0,16.019,986.536,13.244,44.999881029215466,11.007097898533889
1779697442.507964,tractorbeam,adaptive,sim,0,15.630,986.536,13.244,44.999881029215466,11.007097898533889
1779697442.5709636,tractorbeam,adaptive,sim,0,16.106,986.536,13.244,44.999881029215466,11.007097898533889
1779697442.6352062,tractorbeam,adaptive,sim,0,15.630,986.536,13.244,44.999881029215466,11.007097898533889
1779697442.7548413,tractorbeam,adaptive,sim,0,15.759,986.536,13.244,44.999881029215466,11.007097898533889
1779697442.8177795,tractorbeam,adaptive,sim,0,15.893,986.536,13.244,44.999881029215466,11.007097898533889
1779697442.8816712,tractorbeam,adaptive,sim,0,15.780,986.536,13.244,44.999881029215466,11.007097898533889
1779697442.9460502,tractorbeam,adaptive,sim,0,15.780,986.536,13.244,44.999881029215466,11.007097898533889
1779697443.0070653,tractorbeam,adaptive,sim,0,15.780,986.536,13.244,44.999881029215466,11.007097898533889
1779697443.0689325,tractorbeam,adaptive,sim,0,15.780,986.536,13.244,44.999881029215466,11.007097898533889
1779697443.1334076,tractorbeam,adaptive,sim,0,15.741,986.536,13.244,44.999881029215466,11.007097898533889
1779697443.1966183,tractorbeam,adaptive,sim,0,15.741,986.536,13.244,44.999881029215466,11.007097898533889
1779697443.257128,tractorbeam,adaptive,sim,0,15.741,986.536,13.244,44.999881029215466,11.007097898533889
1779697443.31956,tractorbeam,adaptive,sim,0,15.765,986.536,13.244,44.999881029215466,11.007097898533889
1779697443.3824801,tractorbeam,adaptive,sim,0,15.741,986.536,13.244,44.999881029215466,11.007097898533889
1779697443.4457045,tractorbeam,adaptive,sim,0,15.765,986.536,13.244,44.999881029215466,11.007097898533889
1779697443.5072067,tractorbeam,adaptive,sim,0,15.790,986.536,13.244,44.999881029215466,11.007097898533889
1779697443.568404,tractorbeam,adaptive,sim,0,15.790,986.536,13.244,44.999881029215466,11.007097898533889
1779697443.6308842,tractorbeam,adaptive,sim,0,15.836,986.536,13.244,44.999881029215466,11.007097898533889
1779697443.6946213,tractorbeam,adaptive,sim,0,15.812,986.536,13.244,44.999881029215466,11.007097898533889
1779697443.7592142,tractorbeam,adaptive,sim,0,15.837,986.536,13.244,44.999881029215466,11.007097898533889
1779697443.8805246,tractorbeam,adaptive,sim,0,15.837,986.536,13.244,44.999881029215466,11.007097898533889
1779697443.944795,tractorbeam,adaptive,sim,0,15.837,986.536,13.244,44.999881029215466,11.007097898533889
1779697444.0066288,tractorbeam,adaptive,sim,0,15.797,986.536,13.244,44.999881029215466,11.007097898533889
1779697444.0698931,tractorbeam,adaptive,sim,0,15.797,986.536,13.244,44.999881029215466,11.007097898533889
1779697444.1307054,tractorbeam,adaptive,sim,0,15.797,986.536,13.244,44.999881029215466,11.007097898533889
1779697444.19271,tractorbeam,adaptive,sim,0,15.837,986.536,13.244,44.999881029215466,11.007097898533889
1779697444.257619,tractorbeam,adaptive,sim,0,15.861,986.536,13.244,44.999881029215466,11.007097898533889
1779697444.3181517,tractorbeam,adaptive,sim,0,15.861,986.536,13.244,44.999881029215466,11.007097898533889
1779697444.3809445,tractorbeam,adaptive,sim,0,15.861,986.536,13.244,44.999881029215466,11.007097898533889
1779697444.4444916,tractorbeam,adaptive,sim,0,15.861,986.536,13.244,44.999881029215466,11.007097898533889
1779697444.5048335,tractorbeam,adaptive,sim,0,15.861,986.536,13.244,44.999881029215466,11.007097898533889
1779697444.5682545,tractorbeam,adaptive,sim,0,15.861,986.536,13.244,44.999881029215466,11.007097898533889
1779697444.6334734,tractorbeam,adaptive,sim,0,15.861,986.536,13.244,44.999881029215466,11.007097898533889
1779697444.7566893,tractorbeam,adaptive,sim,0,15.837,986.536,13.244,44.999881029215466,11.007097898533889
1779697444.820401,tractorbeam,adaptive,sim,0,15.794,986.536,13.244,44.999881029215466,11.007097898533889
1779697444.8806741,tractorbeam,adaptive,sim,0,15.774,986.536,13.244,44.999881029215466,11.007097898533889
1779697444.9436972,tractorbeam,adaptive,sim,0,15.774,986.536,13.244,44.999881029215466,11.007097898533889
1779697445.0083835,tractorbeam,adaptive,sim,0,15.725,986.536,13.244,44.999881029215466,11.007097898533889
1779697445.069073,tractorbeam,adaptive,sim,0,15.725,986.536,13.244,44.999881029215466,11.007097898533889
1779697445.1320658,tractorbeam,adaptive,sim,0,15.725,986.536,13.244,44.999881029215466,11.007097898533889
1779697445.2546177,tractorbeam,adaptive,sim,0,15.774,986.536,13.244,44.999881029215466,11.007097898533889
1779697445.319108,tractorbeam,adaptive,sim,0,15.704,986.536,13.244,44.999881029215466,11.007097898533889
1779697445.3799143,tractorbeam,adaptive,sim,0,15.704,986.536,13.244,44.999881029215466,11.007097898533889
1779697445.4437323,tractorbeam,adaptive,sim,0,15.704,986.536,13.244,44.999881029215466,11.007097898533889
1779697445.5055003,tractorbeam,adaptive,sim,0,15.704,986.536,13.244,44.999881029215466,11.007097898533889
1779697445.5675871,tractorbeam,adaptive,sim,0,15.704,986.536,13.244,44.999881029215466,11.007097898533889
1779697445.6307771,tractorbeam,adaptive,sim,0,15.653,986.536,13.244,44.999881029215466,11.007097898533889
1779697445.6916893,tractorbeam,adaptive,sim,0,15.653,986.536,13.244,44.999881029215466,11.007097898533889
1779697445.7529283,tractorbeam,adaptive,sim,0,15.653,986.536,13.244,44.999881029215466,11.007097898533889
1779697445.8166444,tractorbeam,adaptive,sim,0,15.653,986.536,13.244,44.999881029215466,11.007097898533889
1779697445.8804843,tractorbeam,adaptive,sim,0,15.654,986.536,13.244,44.999881029215466,11.007097898533889
1779697445.9432204,tractorbeam,adaptive,sim,0,15.660,986.536,13.244,44.999881029215466,11.007097898533889
1779697446.0040472,tractorbeam,adaptive,sim,0,15.712,986.536,13.244,44.999881029215466,11.007097898533889
1779697446.0655928,tractorbeam,adaptive,sim,0,15.712,986.536,13.244,44.999881029215466,11.007097898533889
1779697446.128438,tractorbeam,adaptive,sim,0,15.712,986.536,13.244,44.999881029215466,11.007097898533889
1779697446.1914504,tractorbeam,adaptive,sim,0,15.712,986.536,13.244,44.999881029215466,11.007097898533889
1779697446.25643,tractorbeam,adaptive,sim,0,15.781,986.536,13.244,44.999881029215466,11.007097898533889
1779697446.316874,tractorbeam,adaptive,sim,0,15.781,986.536,13.244,44.999881029215466,11.007097898533889
1779697446.3775597,tractorbeam,adaptive,sim,0,15.781,986.536,13.244,44.999881029215466,11.007097898533889
1779697446.4411247,tractorbeam,adaptive,sim,0,15.781,986.536,13.244,44.999881029215466,11.007097898533889
1779697446.505333,tractorbeam,adaptive,sim,0,15.781,986.536,13.244,44.999881029215466,11.007097898533889
1779697446.568267,tractorbeam,adaptive,sim,0,15.781,986.536,13.244,44.999881029215466,11.007097898533889
1779697446.6311188,tractorbeam,adaptive,sim,0,15.844,986.536,13.244,44.999881029215466,11.007097898533889
1779697446.7528245,tractorbeam,adaptive,sim,0,15.844,986.536,13.244,44.999881029215466,11.007097898533889
1779697446.8161507,tractorbeam,adaptive,sim,0,15.783,986.536,13.244,44.999881029215466,11.007097898533889
1779697446.8802998,tractorbeam,adaptive,sim,0,15.783,986.536,13.244,44.999881029215466,11.007097898533889
1779697446.9405358,tractorbeam,adaptive,sim,0,15.844,986.536,13.244,44.999881029215466,11.007097898533889
1779697447.003281,tractorbeam,adaptive,sim,0,15.844,986.536,13.244,44.999881029215466,11.007097898533889
1779697447.066426,tractorbeam,adaptive,sim,0,15.844,986.536,13.244,44.999881029215466,11.007097898533889
1779697447.1302598,tractorbeam,adaptive,sim,0,15.877,986.536,13.244,44.999881029215466,11.007097898533889
1779697447.2516325,tractorbeam,adaptive,sim,0,15.877,986.536,13.244,44.999881029215466,11.007097898533889
1779697447.3153944,tractorbeam,adaptive,sim,0,15.836,986.536,13.244,44.999881029215466,11.007097898533889
1779697447.3788137,tractorbeam,adaptive,sim,0,15.815,986.536,13.244,44.999881029215466,11.007097898533889
1779697447.4425237,tractorbeam,adaptive,sim,0,15.783,986.536,13.244,44.999881029215466,11.007097898533889
1779697447.5052447,tractorbeam,adaptive,sim,0,15.735,986.536,13.244,44.999881029215466,11.007097898533889
1779697447.5656495,tractorbeam,adaptive,sim,0,15.783,986.536,13.244,44.999881029215466,11.007097898533889
1779697447.6273987,tractorbeam,adaptive,sim,0,15.783,986.536,13.244,44.999881029215466,11.007097898533889
1779697447.6900246,tractorbeam,adaptive,sim,0,15.836,986.536,13.244,44.999881029215466,11.007097898533889
1779697447.7535915,tractorbeam,adaptive,sim,0,15.826,986.536,13.244,44.999881029215466,11.007097898533889
1779697447.8173275,tractorbeam,adaptive,sim,0,15.826,986.536,13.244,44.999881029215466,11.007097898533889
1779697447.879383,tractorbeam,adaptive,sim,0,15.790,986.536,13.244,44.999881029215466,11.007097898533889
1779697447.9395926,tractorbeam,adaptive,sim,0,15.826,986.536,13.244,44.999881029215466,11.007097898533889
1779697448.0017612,tractorbeam,adaptive,sim,0,15.826,986.536,13.244,44.999881029215466,11.007097898533889
1779697448.0648096,tractorbeam,adaptive,sim,0,15.826,986.536,13.244,44.999881029215466,11.007097898533889
1779697448.1287541,tractorbeam,adaptive,sim,0,15.826,986.536,13.244,44.999881029215466,11.007097898533889
1779697448.25068,tractorbeam,adaptive,sim,0,15.790,986.536,13.244,44.999881029215466,11.007097898533889
1779697448.3135135,tractorbeam,adaptive,sim,0,15.790,986.536,13.244,44.999881029215466,11.007097898533889
1779697448.375521,tractorbeam,adaptive,sim,0,15.790,986.536,13.244,44.999881029215466,11.007097898533889
1779697448.4380467,tractorbeam,adaptive,sim,0,15.826,986.536,13.244,44.999881029215466,11.007097898533889
1779697448.5005765,tractorbeam,adaptive,sim,0,15.826,986.536,13.244,44.999881029215466,11.007097898533889
1779697448.5626388,tractorbeam,adaptive,sim,0,15.864,986.536,13.244,44.999881029215466,11.007097898533889
1779697448.6248972,tractorbeam,adaptive,sim,0,15.881,986.536,13.244,44.999881029215466,11.007097898533889
1779697448.6874294,tractorbeam,adaptive,sim,0,15.881,986.536,13.244,44.999881029215466,11.007097898533889
1779697448.7500467,tractorbeam,adaptive,sim,0,15.892,986.536,13.244,44.999881029215466,11.007097898533889
1779697448.8119178,tractorbeam,adaptive,sim,0,15.892,986.536,13.244,44.999881029215466,11.007097898533889
1779697448.8750503,tractorbeam,adaptive,sim,0,15.892,986.536,13.244,44.999881029215466,11.007097898533889
1779697448.9378302,tractorbeam,adaptive,sim,0,15.883,986.536,13.244,44.999881029215466,11.007097898533889
1779697449.0007267,tractorbeam,adaptive,sim,0,15.914,986.536,13.244,44.999881029215466,11.007097898533889
1779697449.0631611,tractorbeam,adaptive,sim,0,15.916,986.536,13.244,44.999881029215466,11.007097898533889
1779697449.1284497,tractorbeam,adaptive,sim,0,15.932,986.536,13.244,44.999881029215466,11.007097898533889
1779697449.1882708,tractorbeam,adaptive,sim,0,15.916,986.536,13.244,44.999881029215466,11.007097898533889
1779697449.2503965,tractorbeam,adaptive,sim,0,15.916,986.536,13.244,44.999881029215466,11.007097898533889
1779697449.3125663,tractorbeam,adaptive,sim,0,15.916,986.536,13.244,44.999881029215466,11.007097898533889
1779697449.3758051,tractorbeam,adaptive,sim,0,15.932,986.536,13.244,44.999881029215466,11.007097898533889
1779697449.4388907,tractorbeam,adaptive,sim,0,15.932,986.536,13.244,44.999881029215466,11.007097898533889
1779697449.5029118,tractorbeam,adaptive,sim,0,15.924,986.536,13.244,44.999881029215466,11.007097898533889
1779697449.5646963,tractorbeam,adaptive,sim,0,15.924,986.536,13.244,44.999881029215466,11.007097898533889
1779697449.6272042,tractorbeam,adaptive,sim,0,15.924,986.536,13.244,44.999881029215466,11.007097898533889
1779697449.6887398,tractorbeam,adaptive,sim,0,15.932,986.536,13.244,44.999881029215466,11.007097898533889
1779697449.751389,tractorbeam,adaptive,sim,0,15.932,986.536,13.244,44.999881029215466,11.007097898533889
1779697449.8133647,tractorbeam,adaptive,sim,0,15.936,986.536,13.244,44.999881029215466,11.007097898533889
1779697449.876889,tractorbeam,adaptive,sim,0,15.936,986.536,13.244,44.999881029215466,11.007097898533889
1779697449.9404845,tractorbeam,adaptive,sim,0,15.936,986.536,13.244,44.999881029215466,11.007097898533889
1779697450.000672,tractorbeam,adaptive,sim,0,15.924,986.536,13.244,44.999881029215466,11.007097898533889
1779697450.0638292,tractorbeam,adaptive,sim,0,15.936,986.536,13.244,44.999881029215466,11.007097898533889
1779697450.1284316,tractorbeam,adaptive,sim,0,15.936,986.536,13.244,44.999881029215466,11.007097898533889
1779697450.2487473,tractorbeam,adaptive,sim,0,15.963,986.536,13.244,44.999881029215466,11.007097898533889
1779697450.3126457,tractorbeam,adaptive,sim,0,15.963,986.536,13.244,44.999881029215466,11.007097898533889
1779697450.3756137,tractorbeam,adaptive,sim,0,15.934,986.536,13.244,44.999881029215466,11.007097898533889
1779697450.4392078,tractorbeam,adaptive,sim,0,15.934,986.536,13.244,44.999881029215466,11.007097898533889
1779697450.5622785,tractorbeam,adaptive,sim,0,15.934,986.536,13.244,44.999881029215466,11.007097898533889
1779697450.6257157,tractorbeam,adaptive,sim,0,15.902,986.536,13.244,44.999881029215466,11.007097898533889
1779697450.6893637,tractorbeam,adaptive,sim,0,15.881,986.536,13.244,44.999881029215466,11.007097898533889
1779697450.7495189,tractorbeam,adaptive,sim,0,15.825,986.536,13.244,44.999881029215466,11.007097898533889
1779697450.812596,tractorbeam,adaptive,sim,0,15.892,986.536,13.244,44.999881029215466,11.007097898533889
1779697450.876528,tractorbeam,adaptive,sim,0,15.825,986.536,13.244,44.999881029215466,11.007097898533889
1779697450.9392953,tractorbeam,adaptive,sim,0,15.825,986.536,13.244,44.999881029215466,11.007097898533889
1779697451.0608041,tractorbeam,adaptive,sim,0,15.825,986.536,13.244,44.999881029215466,11.007097898533889
1779697451.1236458,tractorbeam,adaptive,sim,0,15.797,986.536,13.244,44.999881029215466,11.007097898533889
1779697451.1872323,tractorbeam,adaptive,sim,0,15.825,986.536,13.244,44.999881029215466,11.007097898533889
1779697451.2515733,tractorbeam,adaptive,sim,0,15.825,986.536,13.244,44.999881029215466,11.007097898533889
1779697451.312242,tractorbeam,adaptive,sim,0,15.799,986.536,13.244,44.999881029215466,11.007097898533889
1779697451.3732584,tractorbeam,adaptive,sim,0,15.799,986.536,13.244,44.999881029215466,11.007097898533889
1779697451.436468,tractorbeam,adaptive,sim,0,15.825,986.536,13.244,44.999881029215466,11.007097898533889
1779697451.4997163,tractorbeam,adaptive,sim,0,15.807,986.536,13.244,44.999881029215466,11.007097898533889
1779697451.562312,tractorbeam,adaptive,sim,0,15.825,986.536,13.244,44.999881029215466,11.007097898533889
1779697451.62476,tractorbeam,adaptive,sim,0,15.844,986.536,13.244,44.999881029215466,11.007097898533889
1779697451.6870155,tractorbeam,adaptive,sim,0,15.878,986.536,13.244,44.999881029215466,11.007097898533889
1779697451.752065,tractorbeam,adaptive,sim,0,15.912,986.536,13.244,44.999881029215466,11.007097898533889
1779697451.8121402,tractorbeam,adaptive,sim,0,15.912,986.536,13.244,44.999881029215466,11.007097898533889
1779697451.8732316,tractorbeam,adaptive,sim,0,15.912,986.536,13.244,44.999881029215466,11.007097898533889
1779697451.9372802,tractorbeam,adaptive,sim,0,15.932,986.536,13.244,44.999881029215466,11.007097898533889
1779697451.9969718,tractorbeam,adaptive,sim,0,15.932,986.536,13.244,44.999881029215466,11.007097898533889
1779697452.059597,tractorbeam,adaptive,sim,0,15.932,986.536,13.244,44.999881029215466,11.007097898533889
1779697452.122659,tractorbeam,adaptive,sim,0,15.932,986.536,13.244,44.999881029215466,11.007097898533889
1779697452.1852214,tractorbeam,adaptive,sim,0,15.932,986.536,13.244,44.999881029215466,11.007097898533889
1779697452.249267,tractorbeam,adaptive,sim,0,15.932,986.536,13.244,44.999881029215466,11.007097898533889
1779697452.3125029,tractorbeam,adaptive,sim,0,15.912,986.536,13.244,44.999881029215466,11.007097898533889
1779697452.3725166,tractorbeam,adaptive,sim,0,15.932,986.536,13.244,44.999881029215466,11.007097898533889
1779697452.4329467,tractorbeam,adaptive,sim,0,15.932,986.536,13.244,44.999881029215466,11.007097898533889
1779697452.4960053,tractorbeam,adaptive,sim,0,15.947,986.536,13.244,44.999881029215466,11.007097898533889
1779697452.5591533,tractorbeam,adaptive,sim,0,15.947,986.536,13.244,44.999881029215466,11.007097898533889
1779697452.622608,tractorbeam,adaptive,sim,0,15.932,986.536,13.244,44.999881029215466,11.007097898533889
1779697452.6873863,tractorbeam,adaptive,sim,0,15.906,986.536,13.244,44.999881029215466,11.007097898533889
1779697452.748041,tractorbeam,adaptive,sim,0,15.906,986.536,13.244,44.999881029215466,11.007097898533889
1779697452.8113725,tractorbeam,adaptive,sim,0,15.932,986.536,13.244,44.999881029215466,11.007097898533889
1779697452.8712502,tractorbeam,adaptive,sim,0,15.921,986.536,13.244,44.999881029215466,11.007097898533889
1779697452.9350922,tractorbeam,adaptive,sim,0,15.921,986.536,13.244,44.999881029215466,11.007097898533889
1779697452.9991548,tractorbeam,adaptive,sim,0,15.882,986.536,13.244,44.999881029215466,11.007097898533889
1779697453.0594535,tractorbeam,adaptive,sim,0,15.882,986.536,13.244,44.999881029215466,11.007097898533889
1779697453.1221387,tractorbeam,adaptive,sim,0,15.882,986.536,13.244,44.999881029215466,11.007097898533889
1779697453.185864,tractorbeam,adaptive,sim,0,15.800,986.536,13.244,44.999881029215466,11.007097898533889
1779697453.246465,tractorbeam,adaptive,sim,0,15.800,986.536,13.244,44.999881029215466,11.007097898533889
1779697453.3094797,tractorbeam,adaptive,sim,0,15.800,986.536,13.244,44.999881029215466,11.007097898533889
1779697453.374124,tractorbeam,adaptive,sim,0,15.778,986.536,13.244,44.999881029215466,11.007097898533889
1779697453.4346538,tractorbeam,adaptive,sim,0,15.700,986.536,13.244,44.999881029215466,11.007097898533889
1779697453.4973006,tractorbeam,adaptive,sim,0,15.700,986.536,13.244,44.999881029215466,11.007097898533889
1779697453.5606024,tractorbeam,adaptive,sim,0,15.700,986.536,13.244,44.999881029215466,11.007097898533889
1779697453.622317,tractorbeam,adaptive,sim,0,15.686,986.536,13.244,44.999881029215466,11.007097898533889
1779697453.6839669,tractorbeam,adaptive,sim,0,15.686,986.536,13.244,44.999881029215466,11.007097898533889
1779697453.747937,tractorbeam,adaptive,sim,0,15.658,986.536,13.244,44.999881029215466,11.007097898533889
1779697453.8123689,tractorbeam,adaptive,sim,0,15.658,986.536,13.244,44.999881029215466,11.007097898533889
1779697453.8733613,tractorbeam,adaptive,sim,0,15.658,986.536,13.244,44.999881029215466,11.007097898533889
1779697453.9352558,tractorbeam,adaptive,sim,0,15.658,986.536,13.244,44.999881029215466,11.007097898533889
1779697453.9965582,tractorbeam,adaptive,sim,0,15.658,986.536,13.244,44.999881029215466,11.007097898533889
1779697454.0596092,tractorbeam,adaptive,sim,0,15.658,986.536,13.244,44.999881029215466,11.007097898533889
1779697454.1235247,tractorbeam,adaptive,sim,0,15.658,986.536,13.244,44.999881029215466,11.007097898533889
1779697454.2470891,tractorbeam,adaptive,sim,0,15.667,986.536,13.244,44.999881029215466,11.007097898533889
1779697454.311252,tractorbeam,adaptive,sim,0,15.664,986.536,13.244,44.999881029215466,11.007097898533889
1779697454.37212,tractorbeam,adaptive,sim,0,15.664,986.536,13.244,44.999881029215466,11.007097898533889
1779697454.433465,tractorbeam,adaptive,sim,0,15.664,986.536,13.244,44.999881029215466,11.007097898533889
1779697454.4982178,tractorbeam,adaptive,sim,0,15.684,986.536,13.244,44.999881029215466,11.007097898533889
1779697454.558819,tractorbeam,adaptive,sim,0,15.684,986.536,13.244,44.999881029215466,11.007097898533889
1779697454.6198304,tractorbeam,adaptive,sim,0,15.684,986.536,13.244,44.999881029215466,11.007097898533889
1779697454.682253,tractorbeam,adaptive,sim,0,15.684,986.536,13.244,44.999881029215466,11.007097898533889
1779697454.745835,tractorbeam,adaptive,sim,0,15.684,986.536,13.244,44.999881029215466,11.007097898533889
1779697454.8089402,tractorbeam,adaptive,sim,0,15.684,986.536,13.244,44.999881029215466,11.007097898533889
1779697454.8731744,tractorbeam,adaptive,sim,0,15.772,986.536,13.244,44.999881029215466,11.007097898533889
1779697454.9334588,tractorbeam,adaptive,sim,0,15.782,986.536,13.244,44.999881029215466,11.007097898533889
1779697454.9954438,tractorbeam,adaptive,sim,0,15.782,986.536,13.244,44.999881029215466,11.007097898533889
1779697455.0590372,tractorbeam,adaptive,sim,0,15.782,986.536,13.244,44.999881029215466,11.007097898533889
1779697455.1237962,tractorbeam,adaptive,sim,0,15.836,986.536,13.244,44.999881029215466,11.007097898533889
1779697455.2463381,tractorbeam,adaptive,sim,0,15.836,986.536,13.244,44.999881029215466,11.007097898533889
1779697455.3094077,tractorbeam,adaptive,sim,0,15.769,986.536,13.244,44.999881029215466,11.007097898533889
1779697455.3734763,tractorbeam,adaptive,sim,0,15.836,986.536,13.244,44.999881029215466,11.007097898533889
1779697455.4337444,tractorbeam,adaptive,sim,0,15.836,986.536,13.244,44.999881029215466,11.007097898533889
1779697455.4958048,tractorbeam,adaptive,sim,0,15.836,986.536,13.244,44.999881029215466,11.007097898533889
1779697455.5594501,tractorbeam,adaptive,sim,0,15.836,986.536,13.244,44.999881029215466,11.007097898533889
1779697455.6196704,tractorbeam,adaptive,sim,0,15.836,986.536,13.244,44.999881029215466,11.007097898533889
1779697455.6811957,tractorbeam,adaptive,sim,0,15.836,986.536,13.244,44.999881029215466,11.007097898533889
1779697455.7445781,tractorbeam,adaptive,sim,0,15.815,986.536,13.244,44.999881029215466,11.007097898533889
1779697455.8086271,tractorbeam,adaptive,sim,0,15.815,986.536,13.244,44.999881029215466,11.007097898533889
1779697455.8726776,tractorbeam,adaptive,sim,0,15.784,986.536,13.244,44.999881029215466,11.007097898533889
1779697455.933332,tractorbeam,adaptive,sim,0,15.740,986.536,13.244,44.999881029215466,11.007097898533889
1779697455.9964228,tractorbeam,adaptive,sim,0,15.740,986.536,13.244,44.999881029215466,11.007097898533889
1779697456.0575886,tractorbeam,adaptive,sim,0,15.740,986.536,13.244,44.999881029215466,11.007097898533889
1779697456.1222591,tractorbeam,adaptive,sim,0,15.740,986.536,13.244,44.999881029215466,11.007097898533889
1779697456.1827507,tractorbeam,adaptive,sim,0,15.740,986.536,13.244,44.999881029215466,11.007097898533889
1779697456.245965,tractorbeam,adaptive,sim,0,15.740,986.536,13.244,44.999881029215466,11.007097898533889
1779697456.3067784,tractorbeam,adaptive,sim,0,15.740,986.536,13.244,44.999881029215466,11.007097898533889
1779697456.3700545,tractorbeam,adaptive,sim,0,15.740,986.536,13.244,44.999881029215466,11.007097898533889
1779697456.4335723,tractorbeam,adaptive,sim,0,15.740,986.536,13.244,44.999881029215466,11.007097898533889
1779697456.4941845,tractorbeam,adaptive,sim,0,15.740,986.536,13.244,44.999881029215466,11.007097898533889
1779697456.558226,tractorbeam,adaptive,sim,0,15.784,986.536,13.244,44.999881029215466,11.007097898533889
1779697456.6188462,tractorbeam,adaptive,sim,0,15.784,986.536,13.244,44.999881029215466,11.007097898533889
1779697456.6805794,tractorbeam,adaptive,sim,0,15.784,986.536,13.244,44.999881029215466,11.007097898533889
1779697456.7469544,tractorbeam,adaptive,sim,0,15.745,986.536,13.244,44.999881029215466,11.007097898533889
1779697456.8073165,tractorbeam,adaptive,sim,0,15.768,986.536,13.244,44.999881029215466,11.007097898533889
1779697456.8694427,tractorbeam,adaptive,sim,0,15.768,986.536,13.244,44.999881029215466,11.007097898533889
1779697456.9332216,tractorbeam,adaptive,sim,0,15.725,986.536,13.244,44.999881029215466,11.007097898533889
1779697456.9944453,tractorbeam,adaptive,sim,0,15.698,986.536,13.244,44.999881029215466,11.007097898533889
1779697457.0560505,tractorbeam,adaptive,sim,0,15.698,986.536,13.244,44.999881029215466,11.007097898533889
1779697457.1196134,tractorbeam,adaptive,sim,0,15.698,986.536,13.244,44.999881029215466,11.007097898533889
1779697457.1823347,tractorbeam,adaptive,sim,0,15.777,986.536,13.244,44.999881029215466,11.007097898533889
1779697457.2461572,tractorbeam,adaptive,sim,0,15.777,986.536,13.244,44.999881029215466,11.007097898533889
1779697457.3065627,tractorbeam,adaptive,sim,0,15.777,986.536,13.244,44.999881029215466,11.007097898533889
1779697457.3682852,tractorbeam,adaptive,sim,0,15.777,986.536,13.244,44.999881029215466,11.007097898533889
1779697457.4314394,tractorbeam,adaptive,sim,0,15.814,986.536,13.244,44.999881029215466,11.007097898533889
1779697457.4956949,tractorbeam,adaptive,sim,0,15.798,986.536,13.244,44.999881029215466,11.007097898533889
1779697457.6164227,tractorbeam,adaptive,sim,0,15.798,986.536,13.244,44.999881029215466,11.007097898533889
1779697457.6786704,tractorbeam,adaptive,sim,0,15.814,986.536,13.244,44.999881029215466,11.007097898533889
1779697457.7414942,tractorbeam,adaptive,sim,0,15.849,986.536,13.244,44.999881029215466,11.007097898533889
1779697457.8055239,tractorbeam,adaptive,sim,0,15.849,986.536,13.244,44.999881029215466,11.007097898533889
1779697457.8707328,tractorbeam,adaptive,sim,0,15.849,986.536,13.244,44.999881029215466,11.007097898533889
1779697457.9912302,tractorbeam,adaptive,sim,0,15.849,986.536,13.244,44.999881029215466,11.007097898533889
1779697458.0541542,tractorbeam,adaptive,sim,0,15.922,986.536,13.244,44.999881029215466,11.007097898533889
1779697458.1165712,tractorbeam,adaptive,sim,0,15.918,986.536,13.244,44.999881029215466,11.007097898533889
1779697458.1782694,tractorbeam,adaptive,sim,0,15.943,986.536,13.244,44.999881029215466,11.007097898533889
1779697458.2405796,tractorbeam,adaptive,sim,0,15.955,986.536,13.244,44.999881029215466,11.007097898533889
1779697458.3044531,tractorbeam,adaptive,sim,0,15.955,986.536,13.244,44.999881029215466,11.007097898533889
1779697458.3665137,tractorbeam,adaptive,sim,0,15.955,986.536,13.244,44.999881029215466,11.007097898533889
1779697458.4287355,tractorbeam,adaptive,sim,0,15.965,986.536,13.244,44.999881029215466,11.007097898533889
1779697458.4912665,tractorbeam,adaptive,sim,0,15.965,986.536,13.244,44.999881029215466,11.007097898533889
1779697458.5535252,tractorbeam,adaptive,sim,0,15.975,986.536,13.244,44.999881029215466,11.007097898533889
1779697458.6163752,tractorbeam,adaptive,sim,0,15.975,986.536,13.244,44.999881029215466,11.007097898533889
1779697458.6784403,tractorbeam,adaptive,sim,0,15.975,986.536,13.244,44.999881029215466,11.007097898533889
1779697458.742094,tractorbeam,adaptive,sim,0,15.985,986.536,13.244,44.999881029215466,11.007097898533889
1779697458.8053887,tractorbeam,adaptive,sim,0,15.985,986.536,13.244,44.999881029215466,11.007097898533889
1779697458.8695397,tractorbeam,adaptive,sim,0,15.975,986.536,13.244,44.999881029215466,11.007097898533889
1779697458.9294357,tractorbeam,adaptive,sim,0,15.975,986.536,13.244,44.999881029215466,11.007097898533889
1779697458.992629,tractorbeam,adaptive,sim,0,15.975,986.536,13.244,44.999881029215466,11.007097898533889
1779697459.0567732,tractorbeam,adaptive,sim,0,15.975,986.536,13.244,44.999881029215466,11.007097898533889
1779697459.1165233,tractorbeam,adaptive,sim,0,15.975,986.536,13.244,44.999881029215466,11.007097898533889
1779697459.1787257,tractorbeam,adaptive,sim,0,15.985,986.536,13.244,44.999881029215466,11.007097898533889
1779697459.2432134,tractorbeam,adaptive,sim,0,15.981,986.536,13.244,44.999881029215466,11.007097898533889
1779697459.3037415,tractorbeam,adaptive,sim,0,15.981,986.536,13.244,44.999881029215466,11.007097898533889
1779697459.3659267,tractorbeam,adaptive,sim,0,15.981,986.536,13.244,44.999881029215466,11.007097898533889
1779697459.4294508,tractorbeam,adaptive,sim,0,15.973,986.536,13.244,44.999881029215466,11.007097898533889
1779697459.4912574,tractorbeam,adaptive,sim,0,15.941,986.536,13.244,44.999881029215466,11.007097898533889
1779697459.555763,tractorbeam,adaptive,sim,0,15.947,986.536,13.244,44.999881029215466,11.007097898533889
1779697459.616187,tractorbeam,adaptive,sim,0,15.947,986.536,13.244,44.999881029215466,11.007097898533889
1779697459.6768909,tractorbeam,adaptive,sim,0,15.947,986.536,13.244,44.999881029215466,11.007097898533889
1779697459.7411098,tractorbeam,adaptive,sim,0,15.947,986.536,13.244,44.999881029215466,11.007097898533889
1779697459.8034627,tractorbeam,adaptive,sim,0,15.870,986.536,13.244,44.999881029215466,11.007097898533889
1779697459.866758,tractorbeam,adaptive,sim,0,15.870,986.536,13.244,44.999881029215466,11.007097898533889
1779697459.9300172,tractorbeam,adaptive,sim,0,15.826,986.536,13.244,44.999881029215466,11.007097898533889
1779697459.9935591,tractorbeam,adaptive,sim,0,15.826,986.536,13.244,44.999881029215466,11.007097898533889
1779697460.1146255,tractorbeam,adaptive,sim,0,15.857,986.536,13.244,44.999881029215466,11.007097898533889
1779697460.1771553,tractorbeam,adaptive,sim,0,15.857,986.536,13.244,44.999881029215466,11.007097898533889
1779697460.2402427,tractorbeam,adaptive,sim,0,15.857,986.536,13.244,44.999881029215466,11.007097898533889
1779697460.3018856,tractorbeam,adaptive,sim,0,15.857,986.536,13.244,44.999881029215466,11.007097898533889
1779697460.3645802,tractorbeam,adaptive,sim,0,15.933,986.536,13.244,44.999881029215466,11.007097898533889
1779697460.4262347,tractorbeam,adaptive,sim,0,15.929,986.536,13.244,44.999881029215466,11.007097898533889
1779697460.4886703,tractorbeam,adaptive,sim,0,15.929,986.536,13.244,44.999881029215466,11.007097898533889
1779697460.551061,tractorbeam,adaptive,sim,0,15.944,986.536,13.244,44.999881029215466,11.007097898533889
1779697460.6135817,tractorbeam,adaptive,sim,0,15.944,986.536,13.244,44.999881029215466,11.007097898533889
1779697460.6751168,tractorbeam,adaptive,sim,0,15.987,986.536,13.244,44.999881029215466,11.007097898533889
1779697460.7377546,tractorbeam,adaptive,sim,0,16.010,986.536,13.244,44.999881029215466,11.007097898533889
1779697460.8048444,tractorbeam,adaptive,sim,0,16.009,986.536,13.244,44.999881029215466,11.007097898533889
1779697460.9295952,tractorbeam,adaptive,sim,0,16.009,986.536,13.244,44.999881029215466,11.007097898533889
1779697460.9920468,tractorbeam,adaptive,sim,0,15.987,986.536,13.244,44.999881029215466,11.007097898533889
1779697461.0546117,tractorbeam,adaptive,sim,0,16.009,986.536,13.244,44.999881029215466,11.007097898533889
1779697461.1167648,tractorbeam,adaptive,sim,0,16.011,986.536,13.244,44.999881029215466,11.007097898533889
1779697461.1790612,tractorbeam,adaptive,sim,0,16.016,986.536,13.244,44.999881029215466,11.007097898533889
1779697461.2415943,tractorbeam,adaptive,sim,0,16.017,986.536,13.244,44.999881029215466,11.007097898533889
1779697461.3042688,tractorbeam,adaptive,sim,0,16.017,986.536,13.244,44.999881029215466,11.007097898533889
1779697461.3669195,tractorbeam,adaptive,sim,0,16.017,986.536,13.244,44.999881029215466,11.007097898533889
1779697461.4287777,tractorbeam,adaptive,sim,0,16.017,986.536,13.244,44.999881029215466,11.007097898533889
1779697461.4916117,tractorbeam,adaptive,sim,0,16.033,986.536,13.244,44.999881029215466,11.007097898533889
1779697461.5536969,tractorbeam,adaptive,sim,0,16.033,986.536,13.244,44.999881029215466,11.007097898533889
1779697461.6161544,tractorbeam,adaptive,sim,0,16.025,986.536,13.244,44.999881029215466,11.007097898533889
1779697461.677623,tractorbeam,adaptive,sim,0,16.041,986.536,13.244,44.999881029215466,11.007097898533889
1779697461.7400045,tractorbeam,adaptive,sim,0,16.041,986.536,13.244,44.999881029215466,11.007097898533889
1779697461.8019319,tractorbeam,adaptive,sim,0,16.041,986.536,13.244,44.999881029215466,11.007097898533889
1779697461.8641672,tractorbeam,adaptive,sim,0,16.057,986.536,13.244,44.999881029215466,11.007097898533889
1779697461.926278,tractorbeam,adaptive,sim,0,16.057,986.536,13.244,44.999881029215466,11.007097898533889
1779697461.989415,tractorbeam,adaptive,sim,0,16.057,986.536,13.244,44.999881029215466,11.007097898533889
1779697462.0514717,tractorbeam,adaptive,sim,0,16.057,986.536,13.244,44.999881029215466,11.007097898533889
1779697462.114445,tractorbeam,adaptive,sim,0,16.070,986.536,13.244,44.999881029215466,11.007097898533889
1779697462.1771758,tractorbeam,adaptive,sim,0,16.057,986.536,13.244,44.999881029215466,11.007097898533889
1779697462.2413337,tractorbeam,adaptive,sim,0,16.057,986.536,13.244,44.999881029215466,11.007097898533889
1779697462.3011887,tractorbeam,adaptive,sim,0,16.070,986.536,13.244,44.999881029215466,11.007097898533889
1779697462.3623388,tractorbeam,adaptive,sim,0,16.070,986.536,13.244,44.999881029215466,11.007097898533889
1779697462.4262803,tractorbeam,adaptive,sim,0,16.049,986.536,13.244,44.999881029215466,11.007097898533889
1779697462.4893343,tractorbeam,adaptive,sim,0,16.016,986.536,13.244,44.999881029215466,11.007097898533889
1779697462.5519493,tractorbeam,adaptive,sim,0,16.016,986.536,13.244,44.999881029215466,11.007097898533889
1779697462.6118577,tractorbeam,adaptive,sim,0,16.000,986.536,13.244,44.999881029215466,11.007097898533889
1779697462.6742842,tractorbeam,adaptive,sim,0,16.017,986.536,13.244,44.999881029215466,11.007097898533889
1779697462.7376175,tractorbeam,adaptive,sim,0,16.000,986.536,13.244,44.999881029215466,11.007097898533889
1779697462.8004324,tractorbeam,adaptive,sim,0,16.000,986.536,13.244,44.999881029215466,11.007097898533889
1779697462.8627515,tractorbeam,adaptive,sim,0,15.983,986.536,13.244,44.999881029215466,11.007097898533889
1779697462.9259524,tractorbeam,adaptive,sim,0,15.983,986.536,13.244,44.999881029215466,11.007097898533889
1779697462.9893236,tractorbeam,adaptive,sim,0,15.954,986.536,13.244,44.999881029215466,11.007097898533889
1779697463.051775,tractorbeam,adaptive,sim,0,15.919,986.536,13.244,44.999881029215466,11.007097898533889
1779697463.1118777,tractorbeam,adaptive,sim,0,15.919,986.536,13.244,44.999881029215466,11.007097898533889
1779697463.1730762,tractorbeam,adaptive,sim,0,15.919,986.536,13.244,44.999881029215466,11.007097898533889
1779697463.2358744,tractorbeam,adaptive,sim,0,15.919,986.536,13.244,44.999881029215466,11.007097898533889
1779697463.2982585,tractorbeam,adaptive,sim,0,15.919,986.536,13.244,44.999881029215466,11.007097898533889
1779697463.3599668,tractorbeam,adaptive,sim,0,15.919,986.536,13.244,44.999881029215466,11.007097898533889
1779697463.4269364,tractorbeam,adaptive,sim,0,15.952,986.536,13.244,44.999881029215466,11.007097898533889
1779697463.4894414,tractorbeam,adaptive,sim,0,15.914,986.536,13.244,44.999881029215466,11.007097898533889
1779697463.5516005,tractorbeam,adaptive,sim,0,15.933,986.536,13.244,44.999881029215466,11.007097898533889
1779697463.6139073,tractorbeam,adaptive,sim,0,15.933,986.536,13.244,44.999881029215466,11.007097898533889
1779697463.6757627,tractorbeam,adaptive,sim,0,15.952,986.536,13.244,44.999881029215466,11.007097898533889
1779697463.7381797,tractorbeam,adaptive,sim,0,15.975,986.536,13.244,44.999881029215466,11.007097898533889
1779697463.800638,tractorbeam,adaptive,sim,0,15.975,986.536,13.244,44.999881029215466,11.007097898533889
1779697463.8633735,tractorbeam,adaptive,sim,0,15.944,986.536,13.244,44.999881029215466,11.007097898533889
1779697463.9255645,tractorbeam,adaptive,sim,0,15.931,986.536,13.244,44.999881029215466,11.007097898533889
1779697463.9882565,tractorbeam,adaptive,sim,0,15.951,986.536,13.244,44.999881029215466,11.007097898533889
1779697464.0501528,tractorbeam,adaptive,sim,0,15.951,986.536,13.244,44.999881029215466,11.007097898533889
1779697464.1134925,tractorbeam,adaptive,sim,0,15.975,986.536,13.244,44.999881029215466,11.007097898533889
1779697464.1756349,tractorbeam,adaptive,sim,0,15.951,986.536,13.244,44.999881029215466,11.007097898533889
1779697464.2381291,tractorbeam,adaptive,sim,0,15.975,986.536,13.244,44.999881029215466,11.007097898533889
1779697464.300802,tractorbeam,adaptive,sim,0,15.995,986.536,13.244,44.999881029215466,11.007097898533889
1779697464.3634171,tractorbeam,adaptive,sim,0,15.995,986.536,13.244,44.999881029215466,11.007097898533889
1779697464.4249442,tractorbeam,adaptive,sim,0,15.995,986.536,13.244,44.999881029215466,11.007097898533889
1779697464.4880188,tractorbeam,adaptive,sim,0,16.003,986.536,13.244,44.999881029215466,11.007097898533889
1779697464.5508847,tractorbeam,adaptive,sim,0,16.009,986.536,13.244,44.999881029215466,11.007097898533889
1779697464.6143804,tractorbeam,adaptive,sim,0,16.003,986.536,13.244,44.999881029215466,11.007097898533889
1779697464.7364433,tractorbeam,adaptive,sim,0,16.003,986.536,13.244,44.999881029215466,11.007097898533889
1779697464.8009639,tractorbeam,adaptive,sim,0,16.003,986.536,13.244,44.999881029215466,11.007097898533889
1779697464.8635428,tractorbeam,adaptive,sim,0,15.995,986.536,13.244,44.999881029215466,11.007097898533889
1779697464.9232461,tractorbeam,adaptive,sim,0,16.003,986.536,13.244,44.999881029215466,11.007097898533889
1779697464.9860816,tractorbeam,adaptive,sim,0,16.003,986.536,13.244,44.999881029215466,11.007097898533889
1779697465.0492024,tractorbeam,adaptive,sim,0,16.003,986.536,13.244,44.999881029215466,11.007097898533889
1779697465.1119413,tractorbeam,adaptive,sim,0,16.003,986.536,13.244,44.999881029215466,11.007097898533889
1779697465.1757302,tractorbeam,adaptive,sim,0,16.003,986.536,13.244,44.999881029215466,11.007097898533889
1779697465.2361403,tractorbeam,adaptive,sim,0,16.003,986.536,13.244,44.999881029215466,11.007097898533889
1779697465.2976744,tractorbeam,adaptive,sim,0,16.003,986.536,13.244,44.999881029215466,11.007097898533889
1779697465.363204,tractorbeam,adaptive,sim,0,15.957,986.536,13.244,44.999881029215466,11.007097898533889
1779697465.422956,tractorbeam,adaptive,sim,0,15.957,986.536,13.244,44.999881029215466,11.007097898533889
1779697465.485776,tractorbeam,adaptive,sim,0,15.957,986.536,13.244,44.999881029215466,11.007097898533889
1779697465.5490618,tractorbeam,adaptive,sim,0,15.910,986.536,13.244,44.999881029215466,11.007097898533889
1779697465.612796,tractorbeam,adaptive,sim,0,15.887,986.536,13.244,44.999881029215466,11.007097898533889
1779697465.7354932,tractorbeam,adaptive,sim,0,15.850,986.536,13.244,44.999881029215466,11.007097898533889
1779697465.7990253,tractorbeam,adaptive,sim,0,15.810,986.536,13.244,44.999881029215466,11.007097898533889
1779697465.8629165,tractorbeam,adaptive,sim,0,15.784,986.536,13.244,44.999881029215466,11.007097898533889
1779697465.9851193,tractorbeam,adaptive,sim,0,15.782,986.536,13.244,44.999881029215466,11.007097898533889
1779697466.0487487,tractorbeam,adaptive,sim,0,15.782,986.536,13.244,44.999881029215466,11.007097898533889
1779697466.1119754,tractorbeam,adaptive,sim,0,15.782,986.536,13.244,44.999881029215466,11.007097898533889
1779697466.1744745,tractorbeam,adaptive,sim,0,15.782,986.536,13.244,44.999881029215466,11.007097898533889
1779697466.2353191,tractorbeam,adaptive,sim,0,15.810,986.536,13.244,44.999881029215466,11.007097898533889
1779697466.297351,tractorbeam,adaptive,sim,0,15.810,986.536,13.244,44.999881029215466,11.007097898533889
1779697466.3613453,tractorbeam,adaptive,sim,0,15.782,986.536,13.244,44.999881029215466,11.007097898533889
1779697466.4242895,tractorbeam,adaptive,sim,0,15.770,986.536,13.244,44.999881029215466,11.007097898533889
1779697466.4845996,tractorbeam,adaptive,sim,0,15.770,986.536,13.244,44.999881029215466,11.007097898533889
1779697466.545411,tractorbeam,adaptive,sim,0,15.770,986.536,13.244,44.999881029215466,11.007097898533889
1779697466.6078596,tractorbeam,adaptive,sim,0,15.806,986.536,13.244,44.999881029215466,11.007097898533889
1779697466.6699786,tractorbeam,adaptive,sim,0,15.861,986.536,13.244,44.999881029215466,11.007097898533889
1779697466.733178,tractorbeam,adaptive,sim,0,15.861,986.536,13.244,44.999881029215466,11.007097898533889
1779697466.795677,tractorbeam,adaptive,sim,0,15.861,986.536,13.244,44.999881029215466,11.007097898533889
1779697466.858421,tractorbeam,adaptive,sim,0,15.902,986.536,13.244,44.999881029215466,11.007097898533889
1779697466.9212945,tractorbeam,adaptive,sim,0,15.929,986.536,13.244,44.999881029215466,11.007097898533889
1779697466.984226,tractorbeam,adaptive,sim,0,15.929,986.536,13.244,44.999881029215466,11.007097898533889
1779697467.0473545,tractorbeam,adaptive,sim,0,15.929,986.536,13.244,44.999881029215466,11.007097898533889
1779697467.1102536,tractorbeam,adaptive,sim,0,15.945,986.536,13.244,44.999881029215466,11.007097898533889
1779697467.1734636,tractorbeam,adaptive,sim,0,15.945,986.536,13.244,44.999881029215466,11.007097898533889
1779697467.233945,tractorbeam,adaptive,sim,0,15.945,986.536,13.244,44.999881029215466,11.007097898533889
1779697467.2944624,tractorbeam,adaptive,sim,0,15.945,986.536,13.244,44.999881029215466,11.007097898533889
1779697467.3620317,tractorbeam,adaptive,sim,0,15.965,986.536,13.244,44.999881029215466,11.007097898533889
1779697467.4832203,tractorbeam,adaptive,sim,0,15.971,986.536,13.244,44.999881029215466,11.007097898533889
1779697467.5456955,tractorbeam,adaptive,sim,0,15.929,986.536,13.244,44.999881029215466,11.007097898533889
1779697467.6086738,tractorbeam,adaptive,sim,0,15.971,986.536,13.244,44.999881029215466,11.007097898533889
1779697467.6720517,tractorbeam,adaptive,sim,0,15.971,986.536,13.244,44.999881029215466,11.007097898533889
1779697467.732183,tractorbeam,adaptive,sim,0,15.971,986.536,13.244,44.999881029215466,11.007097898533889
1779697467.7935429,tractorbeam,adaptive,sim,0,15.971,986.536,13.244,44.999881029215466,11.007097898533889
1779697467.8557196,tractorbeam,adaptive,sim,0,15.993,986.536,13.244,44.999881029215466,11.007097898533889
1779697467.9187257,tractorbeam,adaptive,sim,0,15.979,986.536,13.244,44.999881029215466,11.007097898533889
1779697467.9823503,tractorbeam,adaptive,sim,0,15.979,986.536,13.244,44.999881029215466,11.007097898533889
1779697468.0449283,tractorbeam,adaptive,sim,0,15.979,986.536,13.244,44.999881029215466,11.007097898533889
1779697468.1086981,tractorbeam,adaptive,sim,0,15.979,986.536,13.244,44.999881029215466,11.007097898533889
1779697468.1716232,tractorbeam,adaptive,sim,0,15.979,986.536,13.244,44.999881029215466,11.007097898533889
1779697468.2353544,tractorbeam,adaptive,sim,0,15.938,986.536,13.244,44.999881029215466,11.007097898533889
1779697468.2972085,tractorbeam,adaptive,sim,0,15.938,986.536,13.244,44.999881029215466,11.007097898533889
1779697468.3603787,tractorbeam,adaptive,sim,0,15.938,986.536,13.244,44.999881029215466,11.007097898533889
1779697468.4200666,tractorbeam,adaptive,sim,0,15.979,986.536,13.244,44.999881029215466,11.007097898533889
1779697468.4817803,tractorbeam,adaptive,sim,0,15.979,986.536,13.244,44.999881029215466,11.007097898533889
1779697468.5450876,tractorbeam,adaptive,sim,0,15.964,986.536,13.244,44.999881029215466,11.007097898533889
1779697468.6085908,tractorbeam,adaptive,sim,0,15.942,986.536,13.244,44.999881029215466,11.007097898533889
1779697468.671069,tractorbeam,adaptive,sim,0,15.942,986.536,13.244,44.999881029215466,11.007097898533889
1779697468.7342472,tractorbeam,adaptive,sim,0,15.942,986.536,13.244,44.999881029215466,11.007097898533889
1779697468.7978296,tractorbeam,adaptive,sim,0,15.942,986.536,13.244,44.999881029215466,11.007097898533889
1779697468.8577785,tractorbeam,adaptive,sim,0,15.917,986.536,13.244,44.999881029215466,11.007097898533889
1779697468.9198618,tractorbeam,adaptive,sim,0,15.942,986.536,13.244,44.999881029215466,11.007097898533889
1779697468.9835489,tractorbeam,adaptive,sim,0,15.960,986.536,13.244,44.999881029215466,11.007097898533889
1779697469.0468953,tractorbeam,adaptive,sim,0,15.942,986.536,13.244,44.999881029215466,11.007097898533889
1779697469.1069663,tractorbeam,adaptive,sim,0,15.917,986.536,13.244,44.999881029215466,11.007097898533889
1779697469.1684556,tractorbeam,adaptive,sim,0,15.917,986.536,13.244,44.999881029215466,11.007097898533889
1779697469.2322805,tractorbeam,adaptive,sim,0,15.892,986.536,13.244,44.999881029215466,11.007097898533889
1779697469.2954843,tractorbeam,adaptive,sim,0,15.892,986.536,13.244,44.999881029215466,11.007097898533889
1779697469.358539,tractorbeam,adaptive,sim,0,15.859,986.536,13.244,44.999881029215466,11.007097898533889
1779697469.4208298,tractorbeam,adaptive,sim,0,15.859,986.536,13.244,44.999881029215466,11.007097898533889
1779697469.4845102,tractorbeam,adaptive,sim,0,15.859,986.536,13.244,44.999881029215466,11.007097898533889
1779697469.608841,tractorbeam,adaptive,sim,0,15.859,986.536,13.244,44.999881029215466,11.007097898533889
1779697469.6708221,tractorbeam,adaptive,sim,0,15.834,986.536,13.244,44.999881029215466,11.007097898533889
1779697469.7336152,tractorbeam,adaptive,sim,0,15.834,986.536,13.244,44.999881029215466,11.007097898533889
1779697469.7962475,tractorbeam,adaptive,sim,0,15.834,986.536,13.244,44.999881029215466,11.007097898533889
1779697469.9208994,tractorbeam,adaptive,sim,0,15.859,986.536,13.244,44.999881029215466,11.007097898533889
1779697469.9811397,tractorbeam,adaptive,sim,0,15.859,986.536,13.244,44.999881029215466,11.007097898533889
1779697470.0419295,tractorbeam,adaptive,sim,0,15.859,986.536,13.244,44.999881029215466,11.007097898533889
1779697470.1053278,tractorbeam,adaptive,sim,0,15.901,986.536,13.244,44.999881029215466,11.007097898533889
1779697470.1679525,tractorbeam,adaptive,sim,0,15.834,986.536,13.244,44.999881029215466,11.007097898533889
1779697470.2316718,tractorbeam,adaptive,sim,0,15.834,986.536,13.244,44.999881029215466,11.007097898533889
1779697470.2942572,tractorbeam,adaptive,sim,0,15.834,986.536,13.244,44.999881029215466,11.007097898533889
1779697470.3561249,tractorbeam,adaptive,sim,0,15.902,986.536,13.244,44.999881029215466,11.007097898533889
1779697470.4185598,tractorbeam,adaptive,sim,0,15.902,986.536,13.244,44.999881029215466,11.007097898533889
1779697470.481514,tractorbeam,adaptive,sim,0,15.946,986.536,13.244,44.999881029215466,11.007097898533889
1779697470.5446134,tractorbeam,adaptive,sim,0,15.955,986.536,13.244,44.999881029215466,11.007097898533889
1779697470.6072717,tractorbeam,adaptive,sim,0,15.955,986.536,13.244,44.999881029215466,11.007097898533889
1779697470.6692598,tractorbeam,adaptive,sim,0,15.955,986.536,13.244,44.999881029215466,11.007097898533889
1779697470.7311375,tractorbeam,adaptive,sim,0,15.955,986.536,13.244,44.999881029215466,11.007097898533889
1779697470.7939184,tractorbeam,adaptive,sim,0,15.974,986.536,13.244,44.999881029215466,11.007097898533889
1779697470.8562226,tractorbeam,adaptive,sim,0,15.974,986.536,13.244,44.999881029215466,11.007097898533889
1779697470.9192247,tractorbeam,adaptive,sim,0,15.996,986.536,13.244,44.999881029215466,11.007097898533889
1779697470.9787588,tractorbeam,adaptive,sim,0,15.974,986.536,13.244,44.999881029215466,11.007097898533889
1779697471.0433195,tractorbeam,adaptive,sim,0,15.996,986.536,13.244,44.999881029215466,11.007097898533889
1779697471.1074686,tractorbeam,adaptive,sim,0,15.986,986.536,13.244,44.999881029215466,11.007097898533889
1779697471.1673744,tractorbeam,adaptive,sim,0,15.986,986.536,13.244,44.999881029215466,11.007097898533889
1779697471.2309275,tractorbeam,adaptive,sim,0,15.986,986.536,13.244,44.999881029215466,11.007097898533889
1779697471.2957976,tractorbeam,adaptive,sim,0,15.955,986.536,13.244,44.999881029215466,11.007097898533889
1779697471.3563216,tractorbeam,adaptive,sim,0,15.955,986.536,13.244,44.999881029215466,11.007097898533889
1779697471.4177048,tractorbeam,adaptive,sim,0,15.955,986.536,13.244,44.999881029215466,11.007097898533889
1779697471.4819722,tractorbeam,adaptive,sim,0,15.937,986.536,13.244,44.999881029215466,11.007097898533889
1779697471.541858,tractorbeam,adaptive,sim,0,15.937,986.536,13.244,44.999881029215466,11.007097898533889
1779697471.605418,tractorbeam,adaptive,sim,0,15.937,986.536,13.244,44.999881029215466,11.007097898533889
1779697471.6691186,tractorbeam,adaptive,sim,0,15.911,986.536,13.244,44.999881029215466,11.007097898533889
1779697471.7293227,tractorbeam,adaptive,sim,0,15.870,986.536,13.244,44.999881029215466,11.007097898533889
1779697471.791926,tractorbeam,adaptive,sim,0,15.870,986.536,13.244,44.999881029215466,11.007097898533889
1779697471.85589,tractorbeam,adaptive,sim,0,15.861,986.536,13.244,44.999881029215466,11.007097898533889
1779697471.9166567,tractorbeam,adaptive,sim,0,15.808,986.536,13.244,44.999881029215466,11.007097898533889
1779697471.9801435,tractorbeam,adaptive,sim,0,15.808,986.536,13.244,44.999881029215466,11.007097898533889
1779697472.0434678,tractorbeam,adaptive,sim,0,15.771,986.536,13.244,44.999881029215466,11.007097898533889
1779697472.1043215,tractorbeam,adaptive,sim,0,15.749,986.536,13.244,44.999881029215466,11.007097898533889
1779697472.1650236,tractorbeam,adaptive,sim,0,15.749,986.536,13.244,44.999881029215466,11.007097898533889
1779697472.227869,tractorbeam,adaptive,sim,0,15.749,986.536,13.244,44.999881029215466,11.007097898533889
1779697472.2903216,tractorbeam,adaptive,sim,0,15.749,986.536,13.244,44.999881029215466,11.007097898533889
1779697472.35287,tractorbeam,adaptive,sim,0,15.771,986.536,13.244,44.999881029215466,11.007097898533889
1779697472.4151225,tractorbeam,adaptive,sim,0,15.812,986.536,13.244,44.999881029215466,11.007097898533889
1779697472.477898,tractorbeam,adaptive,sim,0,15.812,986.536,13.244,44.999881029215466,11.007097898533889
1779697472.5408068,tractorbeam,adaptive,sim,0,15.859,986.536,13.244,44.999881029215466,11.007097898533889
1779697472.602636,tractorbeam,adaptive,sim,0,15.921,986.536,13.244,44.999881029215466,11.007097898533889
1779697472.6647356,tractorbeam,adaptive,sim,0,15.921,986.536,13.244,44.999881029215466,11.007097898533889
1779697472.72755,tractorbeam,adaptive,sim,0,15.981,986.536,13.244,44.999881029215466,11.007097898533889
1779697472.7896023,tractorbeam,adaptive,sim,0,15.981,986.536,13.244,44.999881029215466,11.007097898533889
1779697472.8514113,tractorbeam,adaptive,sim,0,15.981,986.536,13.244,44.999881029215466,11.007097898533889
1779697472.913371,tractorbeam,adaptive,sim,0,16.009,986.536,13.244,44.999881029215466,11.007097898533889
1779697472.9756672,tractorbeam,adaptive,sim,0,16.033,986.536,13.244,44.999881029215466,11.007097898533889
1779697473.0430152,tractorbeam,adaptive,sim,0,16.009,986.536,13.244,44.999881029215466,11.007097898533889
1779697473.1054978,tractorbeam,adaptive,sim,0,16.009,986.536,13.244,44.999881029215466,11.007097898533889
1779697473.167707,tractorbeam,adaptive,sim,0,16.009,986.536,13.244,44.999881029215466,11.007097898533889
1779697473.2306266,tractorbeam,adaptive,sim,0,16.009,986.536,13.244,44.999881029215466,11.007097898533889
1779697473.2923431,tractorbeam,adaptive,sim,0,16.009,986.536,13.244,44.999881029215466,11.007097898533889
1779697473.354264,tractorbeam,adaptive,sim,0,16.033,986.536,13.244,44.999881029215466,11.007097898533889
1779697473.4164848,tractorbeam,adaptive,sim,0,16.033,986.536,13.244,44.999881029215466,11.007097898533889
1779697473.4799871,tractorbeam,adaptive,sim,0,16.033,986.536,13.244,44.999881029215466,11.007097898533889
1779697473.5415683,tractorbeam,adaptive,sim,0,16.033,986.536,13.244,44.999881029215466,11.007097898533889
1779697473.6043699,tractorbeam,adaptive,sim,0,16.069,986.536,13.244,44.999881029215466,11.007097898533889
1779697473.6661,tractorbeam,adaptive,sim,0,16.033,986.536,13.244,44.999881029215466,11.007097898533889
1779697473.7281485,tractorbeam,adaptive,sim,0,16.069,986.536,13.244,44.999881029215466,11.007097898533889
1779697473.7918084,tractorbeam,adaptive,sim,0,16.111,986.536,13.244,44.999881029215466,11.007097898533889
1779697473.8540113,tractorbeam,adaptive,sim,0,16.111,986.536,13.244,44.999881029215466,11.007097898533889
1779697473.9164023,tractorbeam,adaptive,sim,0,16.111,986.536,13.244,44.999881029215466,11.007097898533889
1779697473.9797893,tractorbeam,adaptive,sim,0,16.111,986.536,13.244,44.999881029215466,11.007097898533889
1779697474.0388255,tractorbeam,adaptive,sim,0,16.111,986.536,13.244,44.999881029215466,11.007097898533889
1779697474.100347,tractorbeam,adaptive,sim,0,16.111,986.536,13.244,44.999881029215466,11.007097898533889
1779697474.1620886,tractorbeam,adaptive,sim,0,16.032,986.536,13.244,44.999881029215466,11.007097898533889
1779697474.2250307,tractorbeam,adaptive,sim,0,16.032,986.536,13.244,44.999881029215466,11.007097898533889
1779697474.2878702,tractorbeam,adaptive,sim,0,16.032,986.536,13.244,44.999881029215466,11.007097898533889
1779697474.3504808,tractorbeam,adaptive,sim,0,16.039,986.536,13.244,44.999881029215466,11.007097898533889
1779697474.4125047,tractorbeam,adaptive,sim,0,16.039,986.536,13.244,44.999881029215466,11.007097898533889
1779697474.47688,tractorbeam,adaptive,sim,0,16.039,986.536,13.244,44.999881029215466,11.007097898533889
1779697474.540585,tractorbeam,adaptive,sim,0,16.039,986.536,13.244,44.999881029215466,11.007097898533889
1779697474.603901,tractorbeam,adaptive,sim,0,15.985,986.536,13.244,44.999881029215466,11.007097898533889
