Random seed: 1
65000	6	[INFO: Main      ] - Routing: RPL Lite
65000	6	[INFO: Main      ] - Net: sicslowpan
65000	6	[INFO: Main      ] - MAC: CSMA
65000	6	[INFO: Main      ] - 802.15.4 PANID: 0xabcd
65000	6	[INFO: Main      ] - 802.15.4 Default channel: 26
65000	6	[INFO: Main      ] Node ID: 6
65000	6	[INFO: Main      ] Link-layer address: 0006.0006.0006.0006
65000	6	[INFO: Main      ] Tentative link-local IPv6 address: fe80::206:6:6:6
65000	6	IDS	init	window=300	dis_thr=3	block_thr=2	temp_block=60	warmup=0	mode=sliding	eval=10
240000	10	[INFO: Main      ] Starting Contiki-NG-release/v5.2-dirty
240000	10	[INFO: Main      ] - Routing: RPL Lite
240000	10	[INFO: Main      ] - Net: sicslowpan
240000	10	[INFO: Main      ] - MAC: CSMA
240000	10	[INFO: Main      ] - 802.15.4 PANID: 0xabcd
240000	10	[INFO: Main      ] - 802.15.4 Default channel: 26
240000	10	[INFO: Main      ] Node ID: 10
240000	10	[INFO: Main      ] Link-layer address: 000a.000a.000a.000a
240000	10	[INFO: Main      ] Tentative link-local IPv6 address: fe80::20a:a:a:a
240000	10	IDS	init	window=300	dis_thr=3	block_thr=2	temp_block=60	warmup=0	mode=sliding	eval=10
302000	4	[INFO: Main      ] Starting Contiki-NG-release/v5.2-dirty
302000	4	[INFO: Main      ] - Routing: RPL Lite
302000	4	[INFO: Main      ] - Net: sicslowpan
302000	4	[INFO: Main      ] - MAC: CSMA
302000	4	[INFO: Main      ] - 802.15.4 PANID: 0xabcd
302000	4	[INFO: Main      ] - 802.15.4 Default channel: 26
302000	4	[INFO: Main      ] Node ID: 4
302000	4	[INFO: Main      ] Link-layer address: 0004.0004.0004.0004
302000	4	[INFO: Main      ] Tentative link-local IPv6 address: fe80::204:4:4:4
302000	4	ATK	info	neighbor	start=75	dur=0	period_ms=10000
505000	8	[INFO: Main      ] Starting Contiki-NG-release/v5.2-dirty
505000	8	[INFO: Main      ] - Routing: RPL Lite
505000	8	[INFO: Main      ] - Net: sicslowpan
505000	8	[INFO: Main      ] - MAC: CSMA
505000	8	[INFO: Main      ] - 802.15.4 PANID: 0xabcd
505000	8	[INFO: Main      ] - 802.15.4 Default channel: 26
505000	8	[INFO: Main      ] Node ID: 8
505000	8	[INFO: Main      ] Link-layer address: 0008.0008.0008.0008
505000	8	[INFO: Main      ] Tentative link-local IPv6 address: fe80::208:8:8:8
505000	8	IDS	init	window=300	dis_thr=3	block_thr=2	temp_block=60	warmup=0	mode=sliding	eval=10
549000	1	[INFO: Main      ] Starting Contiki-NG-release/v5.2-dirty
549000	1	[INFO: Main      ] - Routing: RPL Lite
549000	1	[INFO: Main      ] - Net: sicslowpan
549000	1	[INFO: Main      ] - MAC: CSMA
549000	1	[INFO: Main      ] - 802.15.4 PANID: 0xabcd
549000	1	[INFO: Main      ] - 802.15.4 Default channel: 26
549000	1	[INFO: Main      ] Node ID: 1
549000	1	[INFO: Main      ] Link-layer address: 0001.0001.0001.0001
549000	1	[INFO: Main      ] Tentative link-local IPv6 address: fe80::201:1:1:1
549000	1	ROOT	start
642000	3	[INFO: Main      ] Starting Contiki-NG-release/v5.2-dirty
642000	3	[INFO: Main      ] - Routing: RPL Lite
642000	3	[INFO: Main      ] - Net: sicslowpan
642000	3	[INFO: Main      ] - MAC: CSMA
642000	3	[INFO: Main      ] - 802.15.4 PANID: 0xabcd
642000	3	[INFO: Main      ] - 802.15.4 Default channel: 26
642000	3	[INFO: Main      ] Node ID: 3
642000	3	[INFO: Main      ] Link-layer address: 0003.0003.0003.0003
642000	3	[INFO: Main      ] Tentative link-local IPv6 address: fe80::203:3:3:3
642000	3	IDS	init	window=300	dis_thr=3	block_thr=2	temp_block=60	warmup=0	mode=sliding	eval=10
765000	2	[INFO: Main      ] Starting Contiki-NG-release/v5.2-dirty
765000	2	[INFO: Main      ] - Routing: RPL Lite
765000	2	[INFO: Main      ] - Net: sicslowpan
765000	2	[INFO: Main      ] - MAC: CSMA
765000	2	[INFO: Main      ] - 802.15.4 PANID: 0xabcd
765000	2	[INFO: Main      ] - 802.15.4 Default channel: 26
765000	2	[INFO: Main      ] Node ID: 2
765000	2	[INFO: Main      ] Link-layer address: 0002.0002.0002.0002
765000	2	[INFO: Main      ] Tentative link-local IPv6 address: fe80::202:2:2:2
765000	2	IDS	init	window=300	dis_thr=3	block_thr=2	temp_block=60	warmup=0	mode=sliding	eval=10
815000	7	[INFO: Main      ] Starting Contiki-NG-release/v5.2-dirty
815000	7	[INFO: Main      ] - Routing: RPL Lite
815000	7	[INFO: Main      ] - Net: sicslowpan
815000	7	[INFO: Main      ] - MAC: CSMA
815000	7	[INFO: Main      ] - 802.15.4 PANID: 0xabcd
815000	7	[INFO: Main      ] - 802.15.4 Default channel: 26
815000	7	[INFO: Main      ] Node ID: 7
815000	7	[INFO: Main      ] Link-layer address: 0007.0007.0007.0007
815000	7	[INFO: Main      ] Tentative link-local IPv6 address: fe80::207:7:7:7
815000	7	IDS	init	window=300	dis_thr=3	block_thr=2	temp_block=60	warmup=0	mode=sliding	eval=10
907000	9	[INFO: Main      ] Starting Contiki-NG-release/v5.2-dirty
907000	9	[INFO: Main      ] - Routing: RPL Lite
907000	9	[INFO: Main      ] - Net: sicslowpan
907000	9	[INFO: Main      ] - MAC: CSMA
907000	9	[INFO: Main      ] - 802.15.4 PANID: 0xabcd
907000	9	[INFO: Main      ] - 802.15.4 Default channel: 26
907000	9	[INFO: Main      ] Node ID: 9
907000	9	[INFO: Main      ] Link-layer address: 0009.0009.0009.0009
907000	9	[INFO: Main      ] Tentative link-local IPv6 address: fe80::209:9:9:9
907000	9	IDS	init	window=300	dis_thr=3	block_thr=2	temp_block=60	warmup=0	mode=sliding	eval=10
971000	5	[INFO: Main      ] Starting Contiki-NG-release/v5.2-dirty
971000	5	[INFO: Main      ] - Routing: RPL Lite
971000	5	[INFO: Main      ] - Net: sicslowpan
971000	5	[INFO: Main      ] - MAC: CSMA
971000	5	[INFO: Main      ] - 802.15.4 PANID: 0xabcd
971000	5	[INFO: Main      ] - 802.15.4 Default channel: 26
971000	5	[INFO: Main      ] Node ID: 5
971000	5	[INFO: Main      ] Link-layer address: 0005.0005.0005.0005
971000	5	[INFO: Main      ] Tentative link-local IPv6 address: fe80::205:5:5:5
971000	5	IDS	init	window=300	dis_thr=3	block_thr=2	temp_block=60	warmup=0	mode=sliding	eval=10
3007040	2	EV	DIO	1
3007040	2	[WARN: RPL       ] just joined, no parent yet, setting timer for leaving
3007040	3	EV	DIO	1
3007040	3	[WARN: RPL       ] just joined, no parent yet, setting timer for leaving
3007040	4	[WARN: RPL       ] just joined, no parent yet, setting timer for leaving
9792296	3	PAR	0	1	1
9792296	3	[WARN: RPL       ] found parent: fe80::201:1:1:1, staying in DAG
10065000	6	WIN	0	0	0	0	0
10065000	6	DET	0	0	0	0	0	0
10193296	4	PAR	0	1	1
10193296	4	[WARN: RPL       ] found parent: fe80::201:1:1:1, staying in DAG
10240000	10	WIN	0	0	0	0	0
10240000	10	DET	0	0	0	0	0	0
10505000	8	WIN	0	0	0	0	0
10505000	8	DET	0	0	0	0	0	0
10642000	3	NBR	0	1	1	0	0	0
10642000	3	WIN	0	1	1	1	0
10642000	3	DET	0	1	1000	0	52	1000
10765000	2	NBR	0	1	1	0	0	0
10765000	2	WIN	0	1	1	1	0
10765000	2	DET	0	1	1000	0	52	1000
10815000	7	WIN	0	0	0	0	0
10815000	7	DET	0	0	0	0	0	0
10907000	9	WIN	0	0	0	0	0
10907000	9	DET	0	0	0	0	0	0
10971000	5	WIN	0	0	0	0	0
10971000	5	DET	0	0	0	0	0	0
12305040	2	EV	DIO	1
12305040	3	EV	DIO	1
14016296	2	PAR	0	1	1
14016296	2	[WARN: RPL       ] found parent: fe80::201:1:1:1, staying in DAG
15225800	2	EV	DIS	6
15225800	3	EV	DIS	6
15225800	5	EV	DIS	6
15225800	5	[WARN: RPL       ] dis_input: not in an instance yet, discard
15225800	7	EV	DIS	6
15225800	7	[WARN: RPL       ] dis_input: not in an instance yet, discard
15225800	8	EV	DIS	6
15225800	8	[WARN: RPL       ] dis_input: not in an instance yet, discard
15225800	9	EV	DIS	6
15225800	9	[WARN: RPL       ] dis_input: not in an instance yet, discard
15225800	10	EV	DIS	6
15225800	10	[WARN: RPL       ] dis_input: not in an instance yet, discard
16299040	2	EV	DIO	3
16299040	5	EV	DIO	3
16299040	5	[WARN: RPL       ] just joined, no parent yet, setting timer for leaving
16299040	6	EV	DIO	3
16299040	6	[WARN: RPL       ] just joined, no parent yet, setting timer for leaving
16299040	7	EV	DIO	3
16299040	7	[WARN: RPL       ] just joined, no parent yet, setting timer for leaving
16802040	3	EV	DIO	4
16802040	6	EV	DIO	4
16802040	7	EV	DIO	4
17460296	3	EV	DIO	6
18561296	3	EV	DIO	7
18775000	2	TX	0
18810376	1	RX	2	0
19009296	3	EV	DIO	5
20007800	2	EV	DIS	5
20007800	3	EV	DIS	5
20007800	6	EV	DIS	5
20007800	8	EV	DIS	5
20007800	8	[WARN: RPL       ] dis_input: not in an instance yet, discard
20007800	9	EV	DIS	5
20007800	9	[WARN: RPL       ] dis_input: not in an instance yet, discard
20065000	6	NBR	1	3	1	0	0	0
20065000	6	NBR	1	4	1	0	0	0
20065000	6	NBR	1	5	0	1	0	0
20065000	6	WIN	1	3	2	2	1
20065000	6	DET	1	3	666	471	1281	1269
20147800	5	EV	DIS	9
20147800	6	EV	DIS	9
20147800	7	EV	DIS	9
20147800	8	EV	DIS	9
20147800	8	[WARN: RPL       ] dis_input: not in an instance yet, discard
20147800	10	EV	DIS	9
20147800	10	[WARN: RPL       ] dis_input: not in an instance yet, discard
20240000	10	NBR	1	6	0	1	0	0
20240000	10	NBR	1	9	0	1	0	0
20240000	10	WIN	1	2	0	0	2
20240000	10	DET	1	2	0	0	735	0
20264296	3	EV	DIO	6
20377800	5	EV	DIS	8
20377800	6	EV	DIS	8
20377800	9	EV	DIS	8
20377800	9	[WARN: RPL       ] dis_input: not in an instance yet, discard
20505000	8	NBR	1	6	0	1	0	0
20505000	8	NBR	1	5	0	1	0	0
20505000	8	NBR	1	9	0	1	0	0
20505000	8	WIN	1	3	0	0	3
20505000	8	DET	1	3	0	0	1281	0
20642000	3	NBR	1	1	2	0	0	0
20642000	3	NBR	1	6	2	1	0	0
20642000	3	NBR	1	4	1	0	0	0
20642000	3	NBR	1	7	1	0	0	0
20642000	3	NBR	1	5	1	1	0	0
20642000	3	WIN	1	5	5	7	2
20642000	3	DET	1	5	1400	489	2034	2394
20765000	2	NBR	1	1	2	0	0	0
20765000	2	NBR	1	6	0	1	0	0
20765000	2	NBR	1	3	1	0	0	0
20765000	2	NBR	1	5	0	1	0	0
20765000	2	WIN	1	4	2	3	2
20765000	2	DET	1	4	750	829	1708	2165
20815000	7	NBR	1	6	0	1	0	0
20815000	7	NBR	1	3	1	0	0	0
20815000	7	NBR	1	4	1	0	0	0
20815000	7	NBR	1	9	0	1	0	0
20815000	7	WIN	1	4	2	2	2
20815000	7	DET	1	4	500	500	1708	1354
20907000	9	NBR	1	6	0	1	0	0
20907000	9	NBR	1	5	0	1	0	0
20907000	9	NBR	1	8	0	1	0	0
20907000	9	WIN	1	3	0	0	3
20907000	9	DET	1	3	0	0	1281	0
20971000	5	NBR	1	6	0	1	0	0
20971000	5	NBR	1	3	1	0	0	0
20971000	5	NBR	1	9	0	1	0	0
20971000	5	NBR	1	8	0	1	0	0
20971000	5	WIN	1	4	1	1	3
20971000	5	DET	1	4	250	433	1708	989
20971000	5	ALERT	1	3	DIO	1	989
20971000	5	BLOCK	3	temp	1	60
21003800	3	EV	DIS	7
21003800	6	EV	DIS	7
21003800	9	EV	DIS	7
21003800	9	[WARN: RPL       ] dis_input: not in an instance yet, discard
21003800	10	EV	DIS	7
21003800	10	[WARN: RPL       ] dis_input: not in an instance yet, discard
21326040	3	EV	DIO	2
21326040	5	EV	DIO	2
21326040	6	EV	DIO	2
22427040	2	EV	DIO	3
22427040	5	EV	DIO	3
22427040	6	EV	DIO	3
22427040	7	EV	DIO	3
22830296	3	EV	DIO	5
23606296	3	EV	DIO	6
24956040	3	EV	DIO	4
24956040	6	EV	DIO	4
24956040	7	EV	DIO	4
25060296	3	EV	DIO	5
25228000	3	TX	0
25237376	1	RX	3	0
26758000	4	TX	0
26797376	1	RX	4	0
26935296	3	EV	DIO	6
26935296	6	PAR	0	3	1
26935296	6	[WARN: RPL       ] found parent: fe80::203:3:3:3, staying in DAG
27348040	2	EV	DIO	1
27348040	3	EV	DIO	1
27519296	3	EV	DIO	5
27519296	5	PAR	0	3	1
27519296	5	[WARN: RPL       ] found parent: fe80::203:3:3:3, staying in DAG
28639296	7	PAR	0	4	1
28639296	7	[WARN: RPL       ] found parent: fe80::204:4:4:4, staying in DAG
29901040	3	EV	DIO	2
29901040	5	EV	DIO	2
29901040	6	EV	DIO	2
30065000	6	NBR	2	3	2	0	0	0
30065000	6	NBR	2	4	2	0	0	0
30065000	6	NBR	2	5	0	1	0	0
30065000	6	NBR	2	9	0	1	0	0
30065000	6	NBR	2	8	0	1	0	0
30065000	6	NBR	2	7	0	1	0	0
30065000	6	NBR	2	2	2	0	0	0
30065000	6	WIN	2	7	3	6	4
30065000	6	DET	2	7	857	989	2450	3280
30065000	6	STAT	0	0	1	0	3	7
30240000	10	NBR	2	6	0	1	0	0
30240000	10	NBR	2	9	0	1	0	0
30240000	10	NBR	2	7	0	1	0	0
30240000	10	WIN	2	3	0	0	3
30240000	10	DET	2	3	0	0	1281	0
30240000	10	STAT	0	0	0	0	0	3
30505000	8	NBR	2	6	0	1	0	0
30505000	8	NBR	2	5	0	1	0	0
30505000	8	NBR	2	9	0	1	0	0
30505000	8	WIN	2	3	0	0	3
30505000	8	DET	2	3	0	0	1281	0
30505000	8	STAT	0	0	0	0	0	3
30549000	1	RSTAT	3	3	0
30642000	3	NBR	2	1	3	0	0	0
30642000	3	NBR	2	6	4	1	0	0
30642000	3	NBR	2	4	2	0	0	0
30642000	3	NBR	2	7	1	1	0	0
30642000	3	NBR	2	5	4	1	0	0
30642000	3	NBR	2	2	2	0	0	0
30642000	3	WIN	2	6	6	16	3
30642000	3	DET	2	6	2666	1105	2276	5180
30642000	3	STAT	295	1	1	1	6	6
30765000	2	NBR	2	1	3	0	0	0
30765000	2	NBR	2	6	0	1	0	0
30765000	2	NBR	2	3	2	0	0	0
30765000	2	NBR	2	5	0	1	0	0
30765000	2	WIN	2	4	2	5	2
30765000	2	DET	2	4	1250	1299	1708	3468
30765000	2	STAT	321	1	1	1	2	4
30815000	7	NBR	2	6	0	1	0	0
30815000	7	NBR	2	3	2	0	0	0
30815000	7	NBR	2	4	2	0	0	0
30815000	7	NBR	2	9	0	1	0	0
30815000	7	WIN	2	4	2	4	2
30815000	7	DET	2	4	1000	1000	1708	2708
30815000	7	STAT	0	0	1	0	2	4
30907000	9	NBR	2	6	0	1	0	0
30907000	9	NBR	2	5	0	1	0	0
30907000	9	NBR	2	8	0	1	0	0
30907000	9	NBR	2	7	0	1	0	0
30907000	9	WIN	2	4	0	0	4
30907000	9	DET	2	4	0	0	1708	0
30907000	9	STAT	0	0	0	0	0	4
30971000	5	NBR	2	6	0	1	0	0
30971000	5	NBR	2	3	2	0	1	1
30971000	5	NBR	2	9	0	1	0	0
30971000	5	NBR	2	8	0	1	0	0
30971000	5	NBR	2	2	2	0	0	0
30971000	5	WIN	2	5	2	4	3
30971000	5	DET	2	5	800	979	2034	2791
30971000	5	STAT	0	0	1	0	2	5
31609040	3	EV	DIO	4
31609040	6	EV	DIO	4
31609040	7	EV	DIO	4
31665040	2	EV	DIO	3
31665040	5	EV	DIO	3
31665040	6	EV	DIO	3
31665040	7	EV	DIO	3
33784000	5	TX	0
33842664	1	RX	5	0
34338040	2	EV	DIO	5
34338040	3	EV	DIO	5
34338040	6	EV	DIO	5
34338040	8	EV	DIO	5
34338040	8	[WARN: RPL       ] just joined, no parent yet, setting timer for leaving
34338040	9	EV	DIO	5
34338040	9	[WARN: RPL       ] just joined, no parent yet, setting timer for leaving
34397040	2	EV	DIO	6
34397040	3	EV	DIO	6
34397040	5	EV	DIO	6
34397040	7	EV	DIO	6
34397040	8	EV	DIO	6
34397040	9	EV	DIO	6
34397040	10	EV	DIO	6
34397040	10	[WARN: RPL       ] just joined, no parent yet, setting timer for leaving
35011296	6	EV	DIO	10
35535296	6	EV	DIO	10
36122040	3	EV	DIO	7
36122040	6	EV	DIO	7
36122040	9	EV	DIO	7
36122040	10	EV	DIO	7
37180296	5	EV	DIO	8
37287296	5	EV	DIO	9
37718296	6	EV	DIO	10
37829296	6	EV	DIO	9
39573296	6	EV	DIO	9
39718296	6	EV	DIO	9
39753040	2	EV	DIO	6
39753040	3	EV	DIO	6
39753040	5	EV	DIO	6
39753040	7	EV	DIO	6
39753040	8	EV	DIO	6
39753040	9	EV	DIO	6
39753040	10	EV	DIO	6
39879296	6	EV	DIO	10
39879296	10	PAR	0	6	1
39879296	10	[WARN: RPL       ] found parent: fe80::206:6:6:6, staying in DAG
39907800	5	EV	DIS	9
39907800	6	EV	DIS	9
39907800	7	EV	DIS	9
39907800	8	EV	DIS	9
39907800	10	EV	DIS	9
40065000	6	NBR	3	3	3	0	0	0
40065000	6	NBR	3	4	3	0	0	0
40065000	6	NBR	3	5	1	1	0	0
40065000	6	NBR	3	9	3	2	0	0
40065000	6	NBR	3	8	0	1	0	0
40065000	6	NBR	3	7	1	1	0	0
40065000	6	NBR	3	2	2	0	0	0
40065000	6	NBR	3	10	4	0	0	0
40065000	6	WIN	3	8	7	17	5
40065000	6	DET	3	8	2125	1268	2570	5383
40178296	5	EV	DIO	8
40240000	10	NBR	3	6	2	1	0	0
40240000	10	NBR	3	9	0	2	0	0
40240000	10	NBR	3	7	1	1	0	0
40240000	10	WIN	3	3	2	3	4
40240000	10	DET	3	3	1000	816	1281	2045
40505000	8	NBR	3	6	2	1	0	0
40505000	8	NBR	3	5	1	1	0	0
40505000	8	NBR	3	9	0	2	0	0
40505000	8	WIN	3	3	2	3	4
40505000	8	DET	3	3	1000	816	1281	2045
40569296	6	EV	DIO	9
40569296	9	PAR	0	6	1
40569296	9	[WARN: RPL       ] found parent: fe80::206:6:6:6, staying in DAG
40642000	3	NBR	3	1	3	0	0	0
40642000	3	NBR	3	6	6	1	0	0
40642000	3	NBR	3	4	3	0	0	0
40642000	3	NBR	3	7	2	1	0	0
40642000	3	NBR	3	5	5	1	0	0
40642000	3	NBR	3	2	2	0	0	0
40642000	3	WIN	3	6	6	21	3
40642000	3	DET	3	6	3500	1500	2276	6914
40765000	2	NBR	3	1	3	0	0	0
40765000	2	NBR	3	6	2	1	0	0
40765000	2	NBR	3	3	3	0	0	0
40765000	2	NBR	3	5	1	1	0	0
40765000	2	WIN	3	4	4	9	2
40765000	2	DET	3	4	2250	829	1708	3665
40815000	7	NBR	3	6	2	1	0	0
40815000	7	NBR	3	3	3	0	0	0
40815000	7	NBR	3	4	3	0	0	0
40815000	7	NBR	3	9	0	2	0	0
40815000	7	WIN	3	4	3	8	3
40815000	7	DET	3	4	2000	1224	1708	4090
40907000	9	NBR	3	6	2	1	0	0
40907000	9	NBR	3	5	1	1	0	0
40907000	9	NBR	3	8	0	1	0	0
40907000	9	NBR	3	7	1	1	0	0
40907000	9	WIN	3	4	3	4	4
40907000	9	DET	3	4	1000	707	1708	2207
40971000	5	NBR	3	6	2	1	0	0
40971000	5	NBR	3	3	3	0	1	1
40971000	5	NBR	3	9	1	2	0	0
40971000	5	NBR	3	8	2	1	0	0
40971000	5	NBR	3	2	2	0	0	0
40971000	5	WIN	3	5	5	10	4
40971000	5	DET	3	5	2000	632	2034	3285
41987040	3	EV	DIO	2
41987040	5	EV	DIO	2
41987040	6	EV	DIO	2
42280296	5	EV	DIO	8
43507040	2	EV	DIO	6
43507040	3	EV	DIO	6
43507040	5	EV	DIO	6
43507040	7	EV	DIO	6
43507040	8	EV	DIO	6
43507040	9	EV	DIO	6
43507040	10	EV	DIO	6
43862040	3	EV	DIO	7
43862040	6	EV	DIO	7
43862040	9	EV	DIO	7
43862040	10	EV	DIO	7
43888040	2	EV	DIO	5
43888040	3	EV	DIO	5
43888040	6	EV	DIO	5
43888040	8	EV	DIO	5
43888040	9	EV	DIO	5
44116296	5	EV	DIO	8
44116296	8	PAR	0	5	1
44116296	8	[WARN: RPL       ] found parent: fe80::205:5:5:5, staying in DAG
45946040	6	EV	DIO	10
45946040	7	EV	DIO	10
45946040	9	EV	DIO	10
46417040	3	EV	DIO	4
46417040	6	EV	DIO	4
46417040	7	EV	DIO	4
46494040	2	EV	DIO	3
46494040	5	EV	DIO	3
46494040	6	EV	DIO	3
46494040	7	EV	DIO	3
46771040	5	EV	DIO	9
46771040	6	EV	DIO	9
46771040	7	EV	DIO	9
46771040	8	EV	DIO	9
46771040	10	EV	DIO	9
48125040	2	EV	DIO	5
48125040	3	EV	DIO	5
48125040	6	EV	DIO	5
48125040	8	EV	DIO	5
48125040	9	EV	DIO	5
48613000	2	TX	1
48622376	1	RX	2	1
48737040	2	EV	DIO	1
48737040	3	EV	DIO	1
48869000	10	TX	0
48953664	1	RX	10	0
49431000	9	TX	0
49585664	1	RX	9	0
50065000	6	NBR	4	3	4	0	0	0
50065000	6	NBR	4	4	4	0	0	0
50065000	6	NBR	4	5	3	1	0	0
50065000	6	NBR	4	9	5	2	0	0
50065000	6	NBR	4	8	0	1	0	0
50065000	6	NBR	4	7	2	1	0	0
50065000	6	NBR	4	2	3	0	0	0
50065000	6	NBR	4	10	5	0	0	0
50065000	6	WIN	4	8	7	26	5
50065000	6	DET	4	8	3250	1561	2570	7261
50209040	2	EV	DIO	6
50209040	3	EV	DIO	6
50209040	5	EV	DIO	6
50209040	7	EV	DIO	6
50209040	8	EV	DIO	6
50209040	9	EV	DIO	6
50209040	10	EV	DIO	6
50240000	10	NBR	4	6	4	1	0	0
50240000	10	NBR	4	9	1	2	0	0
50240000	10	NBR	4	7	2	1	0	0
50240000	10	WIN	4	3	3	7	4
50240000	10	DET	4	3	2333	1247	1281	3930
50240000	10	ALERT	4	6	DIO	4	3930
50240000	10	BLOCK	6	temp	1	60
50505000	8	NBR	4	6	4	1	0	0
50505000	8	NBR	4	5	3	1	0	0
50505000	8	NBR	4	9	1	2	0	0
50505000	8	WIN	4	3	3	8	4
50505000	8	DET	4	3	2666	1247	1281	4263
50642000	3	NBR	4	1	4	0	0	0
50642000	3	NBR	4	6	8	1	0	0
50642000	3	NBR	4	4	4	0	0	0
50642000	3	NBR	4	7	3	1	0	0
50642000	3	NBR	4	5	7	1	0	0
50642000	3	NBR	4	2	3	0	0	0
50642000	3	WIN	4	6	6	29	3
50642000	3	DET	4	6	4833	1950	2276	9271
50765000	2	NBR	4	1	4	0	0	0
50765000	2	NBR	4	6	4	1	0	0
50765000	2	NBR	4	3	4	0	0	0
50765000	2	NBR	4	5	3	1	0	0
50765000	2	WIN	4	4	4	15	2
50765000	2	DET	4	4	3750	433	1708	4489
50815000	7	NBR	4	6	4	1	0	0
50815000	7	NBR	4	3	4	0	0	0
50815000	7	NBR	4	4	4	0	0	0
50815000	7	NBR	4	9	1	2	0	0
50815000	7	NBR	4	10	1	0	0	0
50815000	7	WIN	4	5	5	14	3
50815000	7	DET	4	5	2800	1469	2034	5787
50907000	9	NBR	4	6	4	1	0	0
50907000	9	NBR	4	5	3	1	0	0
50907000	9	NBR	4	8	0	1	0	0
50907000	9	NBR	4	7	2	1	0	0
50907000	9	NBR	4	10	1	0	0	0
50907000	9	WIN	4	5	4	10	4
50907000	9	DET	4	5	2000	1414	2034	4876
50971000	5	NBR	4	6	4	1	0	0
50971000	5	NBR	4	3	4	0	1	1
50971000	5	NBR	4	9	2	2	0	0
50971000	5	NBR	4	8	4	1	0	0
50971000	5	NBR	4	2	3	0	0	0
50971000	5	WIN	4	5	5	17	4
50971000	5	DET	4	5	3400	800	2034	5027
51786040	5	EV	DIO	8
51786040	6	EV	DIO	8
51786040	9	EV	DIO	8
51914040	3	EV	DIO	7
51914040	6	EV	DIO	7
51914040	9	EV	DIO	7
51914040	10	EV	DIO	7
52125040	6	EV	DIO	10
52125040	7	EV	DIO	10
52125040	9	EV	DIO	10
52248000	7	TX	0
52267664	1	RX	7	0
53684000	6	TX	0
53693040	5	EV	DIO	9
53693040	6	EV	DIO	9
53693040	7	EV	DIO	9
53693040	8	EV	DIO	9
53693040	10	EV	DIO	9
53723664	1	RX	6	0
55722000	3	TX	1
55739376	1	RX	3	1
56688000	4	TX	1
56719376	1	RX	4	1
57118296	6	EV	DIO	4
58637040	5	EV	DIO	8
58637040	6	EV	DIO	8
58637040	9	EV	DIO	8
60065000	6	NBR	5	3	4	0	0	0
60065000	6	NBR	5	4	5	0	0	0
60065000	6	NBR	5	5	3	1	0	0
60065000	6	NBR	5	9	6	2	0	0
60065000	6	NBR	5	8	2	1	0	0
60065000	6	NBR	5	7	3	1	0	0
60065000	6	NBR	5	2	3	0	0	0
60065000	6	NBR	5	10	6	0	0	0
60065000	6	WIN	5	8	8	32	5
60065000	6	DET	5	8	4000	1414	2570	7633
60065000	6	STAT	429	3	1	1	8	8
60240000	10	NBR	5	6	4	1	0	1
60240000	10	NBR	5	9	2	2	0	0
60240000	10	NBR	5	7	3	1	0	0
60240000	10	WIN	5	3	3	9	4
60240000	10	DET	5	3	3000	816	1281	4045
60240000	10	STAT	625	6	1	1	3	3
60505000	8	NBR	5	6	4	1	0	0
60505000	8	NBR	5	5	3	1	0	0
60505000	8	NBR	5	9	2	2	0	0
60505000	8	WIN	5	3	3	9	4
60505000	8	DET	5	3	3000	816	1281	4045
60505000	8	STAT	665	5	1	0	3	3
60549000	1	RSTAT	11	3	0
60642000	3	NBR	5	1	4	0	0	0
60642000	3	NBR	5	6	8	1	0	0
60642000	3	NBR	5	4	4	0	0	0
60642000	3	NBR	5	7	4	1	0	0
60642000	3	NBR	5	5	7	1	0	0
60642000	3	NBR	5	2	3	0	0	0
60642000	3	WIN	5	6	6	30	3
60642000	3	DET	5	6	5000	1825	2276	9153
60642000	3	STAT	266	1	1	2	6	6
60765000	2	NBR	5	1	4	0	0	0
60765000	2	NBR	5	6	4	1	0	0
60765000	2	NBR	5	3	4	0	0	0
60765000	2	NBR	5	5	3	1	0	0
60765000	2	WIN	5	4	4	15	2
60765000	2	DET	5	4	3750	433	1708	4489
60765000	2	STAT	314	1	1	2	4	4
60815000	7	NBR	5	6	4	1	0	0
60815000	7	NBR	5	3	4	0	0	0
60815000	7	NBR	5	4	4	0	0	0
60815000	7	NBR	5	9	2	2	0	0
60815000	7	NBR	5	10	2	0	0	0
60815000	7	WIN	5	5	5	16	3
60815000	7	DET	5	5	3200	979	2034	5191
60815000	7	STAT	481	4	1	1	5	5
60907000	9	NBR	5	6	4	1	0	0
60907000	9	NBR	5	5	3	1	0	0
60907000	9	NBR	5	8	2	1	0	0
60907000	9	NBR	5	7	3	1	0	0
60907000	9	NBR	5	10	2	0	0	0
60907000	9	WIN	5	5	5	14	4
60907000	9	DET	5	5	2800	748	2034	4321
60907000	9	STAT	599	6	1	1	5	5
60971000	5	NBR	5	6	4	1	0	0
60971000	5	NBR	5	3	4	0	0	1
60971000	5	NBR	5	9	3	2	0	0
60971000	5	NBR	5	8	6	1	0	0
60971000	5	NBR	5	2	3	0	0	0
60971000	5	WIN	5	5	5	20	4
60971000	5	DET	5	5	4000	1095	2034	6227
60971000	5	STAT	486	3	1	1	5	5
61426040	3	EV	DIO	7
61426040	6	EV	DIO	7
61426040	9	EV	DIO	7
61426040	10	EV	DIO	7
63318040	6	EV	DIO	10
63318040	7	EV	DIO	10
63318040	9	EV	DIO	10
63610000	5	TX	1
63659664	1	RX	5	1
64647040	2	EV	DIO	5
64647040	3	EV	DIO	5
64647040	6	EV	DIO	5
64647040	8	EV	DIO	5
64647040	9	EV	DIO	5
64840040	3	EV	DIO	2
64840040	5	EV	DIO	2
64840040	6	EV	DIO	2
65535040	2	EV	DIO	6
65535040	3	EV	DIO	6
65535040	5	EV	DIO	6
65535040	7	EV	DIO	6
65535040	8	EV	DIO	6
65535040	9	EV	DIO	6
65535040	10	EV	DIO	6
68117040	5	EV	DIO	9
68117040	6	EV	DIO	9
68117040	7	EV	DIO	9
68117040	8	EV	DIO	9
68117040	10	EV	DIO	9
70065000	6	NBR	6	3	4	0	0	0
70065000	6	NBR	6	4	5	0	0	0
70065000	6	NBR	6	5	4	1	0	0
70065000	6	NBR	6	9	7	2	0	0
70065000	6	NBR	6	8	2	1	0	0
70065000	6	NBR	6	7	4	1	0	0
70065000	6	NBR	6	2	4	0	0	0
70065000	6	NBR	6	10	7	0	0	0
70065000	6	WIN	6	8	8	37	5
70065000	6	DET	6	8	4625	1576	2570	8675
70240000	10	NBR	6	6	5	1	1	1
70240000	10	NBR	6	9	3	2	0	0
70240000	10	NBR	6	7	4	1	0	0
70240000	10	WIN	6	3	3	12	4
70240000	10	DET	6	3	4000	816	1281	5045
70505000	8	NBR	6	6	5	1	0	0
70505000	8	NBR	6	5	4	1	0	0
70505000	8	NBR	6	9	3	2	0	0
70505000	8	WIN	6	3	3	12	4
70505000	8	DET	6	3	4000	816	1281	5045
70642000	3	NBR	6	1	3	0	0	0
70642000	3	NBR	6	6	9	1	0	0
70642000	3	NBR	6	4	4	0	0	0
70642000	3	NBR	6	7	5	1	0	0
70642000	3	NBR	6	5	8	1	0	0
70642000	3	NBR	6	2	4	0	0	0
70642000	3	WIN	6	6	6	33	3
70642000	3	DET	6	6	5500	2217	2276	10545
70765000	2	NBR	6	1	3	0	0	0
70765000	2	NBR	6	6	5	1	0	0
70765000	2	NBR	6	3	4	0	0	0
70765000	2	NBR	6	5	4	1	0	0
70765000	2	WIN	6	4	4	16	2
70765000	2	DET	6	4	4000	707	1708	5207
70815000	7	NBR	6	6	5	1	0	0
70815000	7	NBR	6	3	4	0	0	0
70815000	7	NBR	6	4	4	0	0	0
70815000	7	NBR	6	9	3	2	0	0
70815000	7	NBR	6	10	3	0	0	0
70815000	7	WIN	6	5	5	19	3
70815000	7	DET	6	5	3800	748	2034	5321
70907000	9	NBR	6	6	5	1	0	0
70907000	9	NBR	6	5	4	1	0	0
70907000	9	NBR	6	8	2	1	0	0
70907000	9	NBR	6	7	4	1	0	0
70907000	9	NBR	6	10	3	0	0	0
70907000	9	WIN	6	5	5	18	4
70907000	9	DET	6	5	3600	1019	2034	5672
70971000	5	NBR	6	6	5	1	0	0
70971000	5	NBR	6	3	4	0	0	1
70971000	5	NBR	6	9	4	2	0	0
70971000	5	NBR	6	8	6	1	0	0
70971000	5	NBR	6	2	4	0	0	0
70971000	5	WIN	6	5	5	23	4
70971000	5	DET	6	5	4600	800	2034	6227
72317040	3	EV	DIO	4
72317040	6	EV	DIO	4
72317040	7	EV	DIO	4
73594000	8	TX	0
73693664	1	RX	8	0
75302000	4	ATK	start	neighbor	10000
75831040	2	EV	DIO	3
75831040	5	EV	DIO	3
75831040	6	EV	DIO	3
75831040	7	EV	DIO	3
76494040	5	EV	DIO	8
76494040	6	EV	DIO	8
76494040	9	EV	DIO	8
78863000	10	TX	1
78912584	1	RX	10	1
79063000	2	TX	2
79097376	1	RX	2	2
79527000	9	TX	1
79614664	1	RX	9	1
80065000	6	NBR	7	3	4	0	0	0
80065000	6	NBR	7	4	5	0	0	0
80065000	6	NBR	7	5	4	0	0	0
80065000	6	NBR	7	9	7	2	0	0
80065000	6	NBR	7	8	3	1	0	0
80065000	6	NBR	7	7	4	1	0	0
80065000	6	NBR	7	2	4	0	0	0
80065000	6	NBR	7	10	7	0	0	0
80065000	6	WIN	7	8	8	38	4
80065000	6	DET	7	8	4750	1391	2570	8324
80240000	10	NBR	7	6	5	0	0	1
80240000	10	NBR	7	9	3	1	0	0
80240000	10	NBR	7	7	4	1	0	0
80240000	10	WIN	7	3	3	12	2
80240000	10	DET	7	3	4000	816	1281	5045
80505000	8	NBR	7	6	5	0	0	0
80505000	8	NBR	7	5	4	0	0	0
80505000	8	NBR	7	9	3	1	0	0
80505000	8	WIN	7	3	3	12	1
80505000	8	DET	7	3	4000	816	1281	5045
80642000	3	NBR	7	1	2	0	0	0
80642000	3	NBR	7	6	7	0	0	0
80642000	3	NBR	7	4	4	0	0	0
80642000	3	NBR	7	7	4	1	0	0
80642000	3	NBR	7	5	7	0	0	0
80642000	3	NBR	7	2	4	0	0	0
80642000	3	WIN	7	6	6	28	1
80642000	3	DET	7	6	4666	1795	2276	8751
80765000	2	NBR	7	1	2	0	0	0
80765000	2	NBR	7	6	5	0	0	0
80765000	2	NBR	7	3	4	0	0	0
80765000	2	NBR	7	5	4	0	0	0
80765000	2	WIN	7	4	4	15	0
80765000	2	DET	7	4	3750	1089	1708	5610
80815000	7	NBR	7	6	5	0	0	0
80815000	7	NBR	7	3	4	0	0	0
80815000	7	NBR	7	4	4	0	0	0
80815000	7	NBR	7	9	3	1	0	0
80815000	7	NBR	7	10	3	0	0	0
80815000	7	WIN	7	5	5	19	1
80815000	7	DET	7	5	3800	748	2034	5321
80907000	9	NBR	7	6	5	0	0	0
80907000	9	NBR	7	5	4	0	0	0
80907000	9	NBR	7	8	3	0	0	0
80907000	9	NBR	7	7	4	1	0	0
80907000	9	NBR	7	10	3	0	0	0
80907000	9	WIN	7	5	5	19	1
80907000	9	DET	7	5	3800	748	2034	5321
80971000	5	NBR	7	6	5	0	0	0
80971000	5	BLOCK	3	expire	1	60
80971000	5	NBR	7	3	4	0	1	0
80971000	5	NBR	7	9	4	1	0	0
80971000	5	NBR	7	8	7	0	0	0
80971000	5	NBR	7	2	4	0	0	0
80971000	5	WIN	7	5	5	24	1
80971000	5	DET	7	5	4800	1166	2034	7171
82779000	7	TX	1
82842664	1	RX	7	1
83757000	6	TX	1
83810664	1	RX	6	1
85303000	4	ATK	send	neighbor	0
85320040	3	EV	DIO	4
85320040	6	EV	DIO	4
85320040	7	EV	DIO	4
86475000	3	TX	2
86493376	1	RX	3	2
87296000	4	TX	2
87305376	1	RX	4	2
87982296	6	EV	DIO	2
90065000	6	NBR	8	3	3	0	0	0
90065000	6	NBR	8	4	5	0	0	0
90065000	6	NBR	8	5	4	0	0	0
90065000	6	NBR	8	9	7	1	0	0
90065000	6	NBR	8	8	3	0	0	0
90065000	6	NBR	8	7	4	0	0	0
90065000	6	NBR	8	2	3	0	0	0
90065000	6	NBR	8	10	7	0	0	0
90065000	6	WIN	8	8	8	36	1
90065000	6	DET	8	8	4500	1581	2570	8563
90065000	6	STAT	408	3	1	2	8	8
90240000	10	NBR	8	6	5	0	0	1
90240000	10	NBR	8	9	3	1	0	0
90240000	10	NBR	8	7	4	0	0	0
90240000	10	WIN	8	3	3	12	1
90240000	10	DET	8	3	4000	816	1281	5045
90240000	10	STAT	618	6	1	2	3	3
90275040	5	EV	DIO	9
90275040	6	EV	DIO	9
90275040	7	EV	DIO	9
90275040	8	EV	DIO	9
90275040	10	EV	DIO	9
90505000	8	NBR	8	6	5	0	0	0
90505000	8	NBR	8	5	4	0	0	0
90505000	8	NBR	8	9	4	1	0	0
90505000	8	WIN	8	3	3	13	1
90505000	8	DET	8	3	4333	471	1281	4936
90505000	8	ALERT	8	6	DIO	5	4936
90505000	8	BLOCK	6	temp	1	60
90505000	8	STAT	647	5	1	1	3	3
90516040	2	EV	DIO	5
90516040	3	EV	DIO	5
90516040	6	EV	DIO	5
90516040	8	EV	DIO	5
90516040	9	EV	DIO	5
90549000	1	RSTAT	20	3	0
90642000	3	NBR	8	1	1	0	0	0
90642000	3	NBR	8	6	5	0	0	0
90642000	3	NBR	8	4	4	0	0	0
90642000	3	NBR	8	7	4	0	0	0
90642000	3	NBR	8	5	5	0	0	0
90642000	3	NBR	8	2	2	0	0	0
90642000	3	WIN	8	6	6	21	0
90642000	3	DET	8	6	3500	1500	2276	6914
90642000	3	STAT	260	1	1	3	6	6
90765000	2	NBR	8	1	1	0	0	0
90765000	2	NBR	8	6	5	0	0	0
90765000	2	NBR	8	3	3	0	0	0
90765000	2	NBR	8	5	5	0	0	0
90765000	2	WIN	8	4	4	14	0
90765000	2	DET	8	4	3500	1658	1708	6331
90765000	2	STAT	308	1	1	3	4	4
90815000	7	NBR	8	6	5	0	0	0
90815000	7	NBR	8	3	3	0	0	0
90815000	7	NBR	8	4	4	0	0	0
90815000	7	NBR	8	9	4	1	0	0
90815000	7	NBR	8	10	3	0	0	0
90815000	7	WIN	8	5	5	19	1
90815000	7	DET	8	5	3800	748	2034	5321
90815000	7	STAT	460	4	1	2	5	5
90907000	9	NBR	8	6	5	0	0	0
90907000	9	NBR	8	5	5	0	0	0
90907000	9	NBR	8	8	3	0	0	0
90907000	9	NBR	8	7	4	0	0	0
90907000	9	NBR	8	10	3	0	0	0
90907000	9	WIN	8	5	5	20	0
90907000	9	DET	8	5	4000	894	2034	5818
90907000	9	STAT	592	6	1	2	5	5
90971000	5	NBR	8	6	5	0	0	0
90971000	5	NBR	8	3	3	0	0	0
90971000	5	NBR	8	9	5	1	0	0
90971000	5	NBR	8	8	7	0	0	0
90971000	5	NBR	8	2	2	0	0	0
90971000	5	WIN	8	5	5	22	1
90971000	5	DET	8	5	4400	1743	2034	7945
90971000	5	STAT	474	3	1	2	5	5
92503040	2	EV	DIO	6
92503040	3	EV	DIO	6
92503040	5	EV	DIO	6
92503040	7	EV	DIO	6
92503040	8	EV	DIO	6
92503040	9	EV	DIO	6
92503040	10	EV	DIO	6
94312000	5	TX	2
94333296	1	RX	5	2
95304000	4	ATK	send	neighbor	1
95317040	3	EV	DIO	4
95317040	6	EV	DIO	4
95317040	7	EV	DIO	4
96355040	3	EV	DIO	7
96355040	6	EV	DIO	7
96355040	9	EV	DIO	7
96355040	10	EV	DIO	7
96843040	5	EV	DIO	8
96843040	6	EV	DIO	8
96843040	9	EV	DIO	8
100065000	6	NBR	9	3	2	0	0	0
100065000	6	NBR	9	4	5	0	0	0
100065000	6	NBR	9	5	4	0	0	0
100065000	6	NBR	9	9	5	0	0	0
100065000	6	NBR	9	8	4	0	0	0
100065000	6	NBR	9	7	4	0	0	0
100065000	6	NBR	9	2	3	0	0	0
100065000	6	NBR	9	10	3	0	0	0
100065000	6	WIN	9	8	8	30	0
100065000	6	DET	9	8	3750	968	2570	6237
100169040	6	EV	DIO	10
100169040	7	EV	DIO	10
100169040	9	EV	DIO	10
100240000	10	NBR	9	6	4	0	1	1
100240000	10	NBR	9	9	4	0	0	0
100240000	10	NBR	9	7	4	0	0	0
100240000	10	WIN	9	3	3	12	0
100240000	10	DET	9	3	4000	0	1281	4000
100505000	8	NBR	9	6	4	0	1	1
100505000	8	NBR	9	5	4	0	0	0
100505000	8	NBR	9	9	4	0	0	0
100505000	8	WIN	9	3	3	12	0
100505000	8	DET	9	3	4000	0	1281	4000
100642000	3	NBR	9	1	1	0	0	0
100642000	3	NBR	9	6	4	0	0	0
100642000	3	NBR	9	4	4	0	0	0
100642000	3	NBR	9	7	4	0	0	0
100642000	3	NBR	9	5	4	0	0	0
100642000	3	NBR	9	2	2	0	0	0
100642000	3	WIN	9	6	6	19	0
100642000	3	DET	9	6	3166	1213	2276	5926
100765000	2	NBR	9	1	1	0	0	0
100765000	2	NBR	9	6	4	0	0	0
100765000	2	NBR	9	3	2	0	0	0
100765000	2	NBR	9	5	4	0	0	0
100765000	2	WIN	9	4	4	11	0
100765000	2	DET	9	4	2750	1299	1708	4968
100815000	7	NBR	9	6	4	0	0	0
100815000	7	NBR	9	3	2	0	0	0
100815000	7	NBR	9	4	4	0	0	0
100815000	7	NBR	9	9	4	0	0	0
100815000	7	NBR	9	10	4	0	0	0
100815000	7	WIN	9	5	5	18	0
100815000	7	DET	9	5	3600	800	2034	5227
100907000	9	NBR	9	6	4	0	0	0
100907000	9	NBR	9	5	4	0	0	0
100907000	9	NBR	9	8	4	0	0	0
100907000	9	NBR	9	7	4	0	0	0
100907000	9	NBR	9	10	4	0	0	0
100907000	9	WIN	9	5	5	20	0
100907000	9	DET	9	5	4000	0	2034	4000
100971000	5	NBR	9	6	4	0	0	0
100971000	5	NBR	9	3	2	0	0	0
100971000	5	NBR	9	9	4	0	0	0
100971000	5	NBR	9	8	6	0	0	0
100971000	5	NBR	9	2	2	0	0	0
100971000	5	WIN	9	5	5	18	0
100971000	5	DET	9	5	3600	1496	2034	6642
102620000	8	TX	1
102713664	1	RX	8	1
105305000	4	ATK	send	neighbor	2
105348040	3	EV	DIO	4
105348040	6	EV	DIO	4
105348040	7	EV	DIO	4
108559000	2	TX	3
108591376	1	RX	2	3
108775000	10	TX	2
108815664	1	RX	10	2
108827000	9	TX	2
108906664	1	RX	9	2
110065000	6	NBR	10	3	1	0	0	0
110065000	6	NBR	10	4	5	0	0	0
110065000	6	NBR	10	5	2	0	0	0
110065000	6	NBR	10	9	3	0	0	0
110065000	6	NBR	10	8	4	0	0	0
110065000	6	NBR	10	7	3	0	0	0
110065000	6	NBR	10	2	2	0	0	0
110065000	6	NBR	10	10	3	0	0	0
110065000	6	WIN	10	8	8	23	0
110065000	6	DET	10	8	2875	1165	2570	5869
110240000	10	BLOCK	6	expire	1	60
110240000	10	NBR	10	6	2	0	0	0
110240000	10	NBR	10	9	3	0	0	0
110240000	10	NBR	10	7	3	0	0	0
110240000	10	WIN	10	3	3	8	0
110240000	10	DET	10	3	2666	471	1281	3269
110505000	8	NBR	10	6	2	0	0	1
110505000	8	NBR	10	5	2	0	0	0
110505000	8	NBR	10	9	3	0	0	0
110505000	8	WIN	10	3	3	7	0
110505000	8	DET	10	3	2333	471	1281	2936
110505000	8	ALERT	10	9	DIO	3	2936
110505000	8	BLOCK	9	temp	1	60
110642000	3	NBR	10	1	0	0	0	0
110642000	3	NBR	10	6	2	0	0	0
110642000	3	NBR	10	4	4	0	0	0
110642000	3	NBR	10	7	3	0	0	0
110642000	3	NBR	10	5	2	0	0	0
110642000	3	NBR	10	2	1	0	0	0
110642000	3	WIN	10	6	6	12	0
110642000	3	DET	10	6	2000	1290	2276	4936
110765000	2	NBR	10	1	0	0	0	0
110765000	2	NBR	10	6	2	0	0	0
110765000	2	NBR	10	3	1	0	0	0
110765000	2	NBR	10	5	2	0	0	0
110765000	2	WIN	10	4	4	5	0
110765000	2	DET	10	4	1250	829	1708	2665
110815000	7	NBR	10	6	2	0	0	0
110815000	7	NBR	10	3	1	0	0	0
110815000	7	NBR	10	4	4	0	0	0
110815000	7	NBR	10	9	3	0	0	0
110815000	7	NBR	10	10	3	0	0	0
110815000	7	WIN	10	5	5	13	0
110815000	7	DET	10	5	2600	1019	2034	4672
110895296	6	EV	DIO	5
110907000	9	NBR	10	6	2	0	0	0
110907000	9	NBR	10	5	2	0	0	0
110907000	9	NBR	10	8	4	0	0	0
110907000	9	NBR	10	7	3	0	0	0
110907000	9	NBR	10	10	3	0	0	0
110907000	9	WIN	10	5	5	14	0
110907000	9	DET	10	5	2800	748	2034	4321
110971000	5	NBR	10	6	2	0	0	0
110971000	5	NBR	10	3	1	0	0	0
110971000	5	NBR	10	9	3	0	0	0
110971000	5	NBR	10	8	4	0	0	0
110971000	5	NBR	10	2	1	0	0	0
110971000	5	WIN	10	5	5	11	0
110971000	5	DET	10	5	2200	1166	2034	4571
113068000	7	TX	2
113128664	1	RX	7	2
114526000	6	TX	2
114581664	1	RX	6	2
115306000	4	ATK	send	neighbor	3
115328040	3	EV	DIO	4
115328040	6	EV	DIO	4
115328040	7	EV	DIO	4
116881000	4	TX	3
116925376	1	RX	4	3
116968000	3	TX	3
116985376	1	RX	3	3
117762040	2	EV	DIO	1
117762040	3	EV	DIO	1
120065000	6	NBR	11	3	1	0	0	0
120065000	6	NBR	11	4	5	0	0	0
120065000	6	NBR	11	5	3	0	0	0
120065000	6	NBR	11	9	2	0	0	0
120065000	6	NBR	11	8	2	0	0	0
120065000	6	NBR	11	7	2	0	0	0
120065000	6	NBR	11	2	2	0	0	0
120065000	6	NBR	11	10	2	0	0	0
120065000	6	WIN	11	8	8	19	0
120065000	6	DET	11	8	2375	1111	2570	5230
120065000	6	STAT	402	3	1	3	8	8
120240000	10	NBR	11	6	2	0	0	0
120240000	10	NBR	11	9	2	0	0	0
120240000	10	NBR	11	7	2	0	0	0
120240000	10	WIN	11	3	3	6	0
120240000	10	DET	11	3	2000	0	1281	2000
120240000	10	STAT	612	6	1	3	3	3
120505000	8	NBR	11	6	2	0	0	1
120505000	8	NBR	11	5	2	0	0	0
120505000	8	NBR	11	9	2	0	0	1
120505000	8	WIN	11	3	3	6	0
120505000	8	DET	11	3	2000	0	1281	2000
120505000	8	STAT	637	5	1	2	3	3
120549000	1	RSTAT	29	3	0
120642000	3	NBR	11	1	1	0	0	0
120642000	3	NBR	11	6	2	0	0	0
120642000	3	NBR	11	4	5	0	0	0
120642000	3	NBR	11	7	2	0	0	0
120642000	3	NBR	11	5	2	0	0	0
120642000	3	NBR	11	2	1	0	0	0
120642000	3	WIN	11	6	6	13	0
120642000	3	DET	11	6	2166	1343	2276	5222
120642000	3	STAT	256	1	1	4	6	6
120765000	2	NBR	11	1	1	0	0	0
120765000	2	NBR	11	6	2	0	0	0
120765000	2	NBR	11	3	1	0	0	0
120765000	2	NBR	11	5	2	0	0	0
120765000	2	WIN	11	4	4	6	0
120765000	2	DET	11	4	1500	500	1708	2354
120765000	2	STAT	302	1	1	4	4	4
120815000	7	NBR	11	6	2	0	0	0
120815000	7	NBR	11	3	1	0	0	0
120815000	7	NBR	11	4	5	0	0	0
120815000	7	NBR	11	9	2	0	0	0
120815000	7	NBR	11	10	2	0	0	0
120815000	7	WIN	11	5	5	12	0
120815000	7	DET	11	5	2400	1356	2034	5158
120815000	7	STAT	447	4	1	3	5	5
120907000	9	NBR	11	6	2	0	0	0
120907000	9	NBR	11	5	2	0	0	0
120907000	9	NBR	11	8	2	0	0	0
120907000	9	NBR	11	7	2	0	0	0
120907000	9	NBR	11	10	2	0	0	0
120907000	9	WIN	11	5	5	10	0
120907000	9	DET	11	5	2000	0	2034	2000
120907000	9	STAT	567	6	1	3	5	5
120971000	5	NBR	11	6	2	0	0	0
120971000	5	NBR	11	3	1	0	0	0
120971000	5	NBR	11	9	2	0	0	0
120971000	5	NBR	11	8	2	0	0	0
120971000	5	NBR	11	2	1	0	0	0
120971000	5	WIN	11	5	5	8	0
120971000	5	DET	11	5	1600	489	2034	2594
120971000	5	STAT	464	3	1	3	5	5
122698040	3	EV	DIO	4
122698040	6	EV	DIO	4
122698040	7	EV	DIO	4
124931000	5	TX	3
124991664	1	RX	5	3
125307000	4	ATK	send	neighbor	4
125332040	3	EV	DIO	4
125332040	6	EV	DIO	4
125332040	7	EV	DIO	4
128034040	3	EV	DIO	2
128034040	5	EV	DIO	2
128034040	6	EV	DIO	2
130065000	6	NBR	12	3	1	0	0	0
130065000	6	NBR	12	4	7	0	0	0
130065000	6	NBR	12	5	2	0	0	0
130065000	6	NBR	12	9	1	0	0	0
130065000	6	NBR	12	8	2	0	0	0
130065000	6	NBR	12	7	1	0	0	0
130065000	6	NBR	12	2	2	0	0	0
130065000	6	NBR	12	10	1	0	0	0
130065000	6	WIN	12	8	8	17	0
130065000	6	DET	12	8	2125	1899	2570	7005
130240000	10	NBR	12	6	1	0	0	0
130240000	10	NBR	12	9	1	0	0	0
130240000	10	NBR	12	7	1	0	0	0
130240000	10	WIN	12	3	3	3	0
130240000	10	DET	12	3	1000	0	1281	1000
130505000	8	NBR	12	6	1	0	0	1
130505000	8	NBR	12	5	1	0	0	0
130505000	8	NBR	12	9	1	0	0	1
130505000	8	WIN	12	3	3	3	0
130505000	8	DET	12	3	1000	0	1281	1000
130642000	3	NBR	12	1	1	0	0	0
130642000	3	NBR	12	6	1	0	0	0
130642000	3	NBR	12	4	7	0	0	0
130642000	3	NBR	12	7	1	0	0	0
130642000	3	NBR	12	5	1	0	0	0
130642000	3	NBR	12	2	1	0	0	0
130642000	3	WIN	12	6	6	12	0
130642000	3	DET	12	6	2000	2236	2276	7089
130765000	2	NBR	12	1	1	0	0	0
130765000	2	NBR	12	6	1	0	0	0
130765000	2	NBR	12	3	1	0	0	0
130765000	2	NBR	12	5	1	0	0	0
130765000	2	WIN	12	4	4	4	0
130765000	2	DET	12	4	1000	0	1708	1000
130815000	7	NBR	12	6	1	0	0	0
130815000	7	NBR	12	3	1	0	0	0
130815000	7	NBR	12	4	7	0	0	0
130815000	7	NBR	12	9	1	0	0	0
130815000	7	NBR	12	10	1	0	0	0
130815000	7	WIN	12	5	5	11	0
130815000	7	DET	12	5	2200	2400	2034	7081
130907000	9	NBR	12	6	1	0	0	0
130907000	9	NBR	12	5	1	0	0	0
130907000	9	NBR	12	8	2	0	0	0
130907000	9	NBR	12	7	1	0	0	0
130907000	9	NBR	12	10	1	0	0	0
130907000	9	WIN	12	5	5	6	0
130907000	9	DET	12	5	1200	400	2034	2013
130971000	5	NBR	12	6	1	0	0	0
130971000	5	NBR	12	3	1	0	0	0
130971000	5	NBR	12	9	1	0	0	0
130971000	5	NBR	12	8	2	0	0	0
130971000	5	NBR	12	2	1	0	0	0
130971000	5	WIN	12	5	5	6	0
130971000	5	DET	12	5	1200	400	2034	2013
132142000	8	TX	2
132205664	1	RX	8	2
132908296	5	EV	DIO	9
133277296	9	EV	DIO	10
134107040	2	EV	DIO	3
134107040	5	EV	DIO	3
134107040	6	EV	DIO	3
134107040	7	EV	DIO	3
134998040	2	EV	DIO	5
134998040	3	EV	DIO	5
134998040	6	EV	DIO	5
134998040	8	EV	DIO	5
134998040	9	EV	DIO	5
135308000	4	ATK	send	neighbor	5
135315040	3	EV	DIO	4
135315040	6	EV	DIO	4
135315040	7	EV	DIO	4
137040296	3	EV	DIO	7
138196000	2	TX	4
138233376	1	RX	2	4
138370000	9	TX	3
138432664	1	RX	9	3
138892000	10	TX	3
138960664	1	RX	10	3
140065000	6	NBR	13	3	1	0	0	0
140065000	6	NBR	13	4	7	0	0	0
140065000	6	NBR	13	5	3	0	0	0
140065000	6	NBR	13	9	1	0	0	0
140065000	6	NBR	13	8	1	0	0	0
140065000	6	NBR	13	7	1	0	0	0
140065000	6	NBR	13	2	2	0	0	0
140065000	6	NBR	13	10	1	0	0	0
140065000	6	WIN	13	8	8	17	0
140065000	6	DET	13	8	2125	1964	2570	7172
140240000	10	NBR	13	6	1	0	0	0
140240000	10	NBR	13	9	1	0	0	0
140240000	10	NBR	13	7	1	0	0	0
140240000	10	WIN	13	3	3	3	0
140240000	10	DET	13	3	1000	0	1281	1000
140505000	8	NBR	13	6	1	0	0	1
140505000	8	NBR	13	5	2	0	0	0
140505000	8	NBR	13	9	1	0	0	1
140505000	8	WIN	13	3	3	4	0
140505000	8	DET	13	3	1333	471	1281	1936
140505000	8	ALERT	13	5	DIO	2	1936
140505000	8	BLOCK	5	temp	1	60
140642000	3	NBR	13	1	1	0	0	0
140642000	3	NBR	13	6	1	0	0	0
140642000	3	NBR	13	4	7	0	0	0
140642000	3	NBR	13	7	2	0	0	0
140642000	3	NBR	13	5	2	0	0	0
140642000	3	NBR	13	2	1	0	0	0
140642000	3	WIN	13	6	6	14	0
140642000	3	DET	13	6	2333	2134	2276	7189
140765000	2	NBR	13	1	1	0	0	0
140765000	2	NBR	13	6	1	0	0	0
140765000	2	NBR	13	3	1	0	0	0
140765000	2	NBR	13	5	2	0	0	0
140765000	2	WIN	13	4	4	5	0
140765000	2	DET	13	4	1250	433	1708	1989
140765000	2	ALERT	13	5	DIO	2	1989
140765000	2	BLOCK	5	temp	1	60
140815000	7	NBR	13	6	1	0	0	0
140815000	7	NBR	13	3	1	0	0	0
140815000	7	NBR	13	4	7	0	0	0
140815000	7	NBR	13	9	1	0	0	0
140815000	7	NBR	13	10	1	0	0	0
140815000	7	WIN	13	5	5	11	0
140815000	7	DET	13	5	2200	2400	2034	7081
140907000	9	NBR	13	6	1	0	0	0
140907000	9	NBR	13	5	2	0	0	0
140907000	9	NBR	13	8	1	0	0	0
140907000	9	NBR	13	7	1	0	0	0
140907000	9	NBR	13	10	2	0	0	0
140907000	9	WIN	13	5	5	7	0
140907000	9	DET	13	5	1400	489	2034	2394
140971000	5	NBR	13	6	1	0	0	0
140971000	5	NBR	13	3	1	0	0	0
140971000	5	NBR	13	9	2	0	0	0
140971000	5	NBR	13	8	1	0	0	0
140971000	5	NBR	13	2	1	0	0	0
140971000	5	WIN	13	5	5	6	0
140971000	5	DET	13	5	1200	400	2034	2013
143937000	7	TX	3
143978664	1	RX	7	3
144558000	6	TX	3
144591664	1	RX	6	3
144943296	3	EV	DIO	4
145309000	4	ATK	send	neighbor	6
145323040	3	EV	DIO	4
145323040	6	EV	DIO	4
145323040	7	EV	DIO	4
146141040	6	EV	DIO	10
146141040	7	EV	DIO	10
146141040	9	EV	DIO	10
147418000	3	TX	4
147440376	1	RX	3	4
147777000	4	TX	4
147820376	1	RX	4	4
148733040	5	EV	DIO	9
148733040	6	EV	DIO	9
148733040	7	EV	DIO	9
148733040	8	EV	DIO	9
148733040	10	EV	DIO	9
150065000	6	NBR	14	3	1	0	0	0
150065000	6	NBR	14	4	7	0	0	0
150065000	6	NBR	14	5	3	0	0	0
150065000	6	NBR	14	9	2	0	0	0
150065000	6	NBR	14	8	1	0	0	0
150065000	6	NBR	14	7	1	0	0	0
150065000	6	NBR	14	2	1	0	0	0
150065000	6	NBR	14	10	2	0	0	0
150065000	6	WIN	14	8	8	18	0
150065000	6	DET	14	8	2250	1920	2570	7184
150065000	6	STAT	391	3	1	4	8	8
150240000	10	NBR	14	6	1	0	0	0
150240000	10	NBR	14	9	2	0	0	0
150240000	10	NBR	14	7	1	0	0	0
150240000	10	WIN	14	3	3	4	0
150240000	10	DET	14	3	1333	471	1281	1936
150240000	10	ALERT	14	9	DIO	2	1936
150240000	10	BLOCK	9	temp	1	60
150240000	10	STAT	606	6	1	4	3	3
150505000	8	BLOCK	6	expire	1	60
150505000	8	NBR	14	6	1	0	0	0
150505000	8	NBR	14	5	2	0	0	1
150505000	8	NBR	14	9	1	0	1	1
150505000	8	WIN	14	3	3	4	0
150505000	8	DET	14	3	1333	471	1281	1936
150505000	8	ALERT	14	5	DIO	2	1936
150505000	8	BLOCK	5	temp	2	60
150505000	8	STAT	571	5	1	3	3	3
150549000	1	RSTAT	38	3	0
150642000	3	NBR	14	1	1	0	0	0
150642000	3	NBR	14	6	1	0	0	0
150642000	3	NBR	14	4	8	0	0	0
150642000	3	NBR	14	7	2	0	0	0
150642000	3	NBR	14	5	1	0	0	0
150642000	3	NBR	14	2	1	0	0	0
150642000	3	WIN	14	6	6	14	0
150642000	3	DET	14	6	2333	2560	2276	8159
150642000	3	STAT	256	1	1	5	6	6
150765000	2	NBR	14	1	1	0	0	0
150765000	2	NBR	14	6	1	0	0	0
150765000	2	NBR	14	3	1	0	0	0
150765000	2	NBR	14	5	1	0	0	1
150765000	2	WIN	14	4	4	4	0
150765000	2	DET	14	4	1000	0	1708	1000
150765000	2	STAT	297	1	1	5	4	4
150815000	7	NBR	14	6	1	0	0	0
150815000	7	NBR	14	3	1	0	0	0
150815000	7	NBR	14	4	7	0	0	0
150815000	7	NBR	14	9	1	0	0	0
150815000	7	NBR	14	10	2	0	0	0
150815000	7	WIN	14	5	5	12	0
150815000	7	DET	14	5	2400	2332	2034	7143
150815000	7	STAT	436	4	1	4	5	5
150907000	9	NBR	14	6	1	0	0	0
150907000	9	NBR	14	5	1	0	0	0
150907000	9	NBR	14	8	1	0	0	0
150907000	9	NBR	14	7	1	0	0	0
150907000	9	NBR	14	10	3	0	0	0
150907000	9	WIN	14	5	5	7	0
150907000	9	DET	14	5	1400	800	2034	3027
150907000	9	STAT	563	6	1	4	5	5
150971000	5	NBR	14	6	1	0	0	0
150971000	5	NBR	14	3	1	0	0	0
150971000	5	NBR	14	9	2	0	0	0
150971000	5	NBR	14	8	1	0	0	0
150971000	5	NBR	14	2	1	0	0	0
150971000	5	WIN	14	5	5	6	0
150971000	5	DET	14	5	1200	400	2034	2013
150971000	5	STAT	412	3	1	4	5	5
153515296	6	EV	DIO	8
155310000	4	ATK	send	neighbor	7
155344040	3	EV	DIO	4
155344040	6	EV	DIO	4
155344040	7	EV	DIO	4
155555000	5	TX	4
155593664	1	RX	5	4
160065000	6	NBR	15	3	1	0	0	0
160065000	6	NBR	15	4	7	0	0	0
160065000	6	NBR	15	5	2	0	0	0
160065000	6	NBR	15	9	1	0	0	0
160065000	6	NBR	15	8	1	0	0	0
160065000	6	NBR	15	7	0	0	0	0
160065000	6	NBR	15	2	1	0	0	0
160065000	6	NBR	15	10	2	0	0	0
160065000	6	WIN	15	8	8	15	0
160065000	6	DET	15	8	1875	2027	2570	7084
160240000	10	NBR	15	6	0	0	0	0
160240000	10	NBR	15	9	1	0	0	1
160240000	10	NBR	15	7	0	0	0	0
160240000	10	WIN	15	3	3	1	0
160240000	10	DET	15	3	333	471	1281	936
160240000	10	ALERT	15	9	DIO	1	936
160240000	10	BLOCK	9	temp	2	60
160505000	8	NBR	15	6	0	0	0	0
160505000	8	NBR	15	5	1	0	0	1
160505000	8	NBR	15	9	1	0	0	1
160505000	8	WIN	15	3	3	2	0
160505000	8	DET	15	3	666	471	1281	1269
160642000	3	NBR	15	1	1	0	0	0
160642000	3	NBR	15	6	0	0	0	0
160642000	3	NBR	15	4	8	0	0	0
160642000	3	NBR	15	7	1	0	0	0
160642000	3	NBR	15	5	1	0	0	0
160642000	3	NBR	15	2	1	0	0	0
160642000	3	WIN	15	6	6	12	0
160642000	3	DET	15	6	2000	2708	2276	8163
160765000	2	NBR	15	1	1	0	0	0
160765000	2	NBR	15	6	0	0	0	0
160765000	2	NBR	15	3	1	0	0	0
160765000	2	NBR	15	5	1	0	0	1
160765000	2	WIN	15	4	4	3	0
160765000	2	DET	15	4	750	433	1708	1489
160815000	7	NBR	15	6	0	0	0	0
160815000	7	NBR	15	3	1	0	0	0
160815000	7	NBR	15	4	7	0	0	0
160815000	7	NBR	15	9	1	0	0	0
160815000	7	NBR	15	10	1	0	0	0
160815000	7	WIN	15	5	5	10	0
160815000	7	DET	15	5	2000	2529	2034	7143
160907000	9	NBR	15	6	0	0	0	0
160907000	9	NBR	15	5	1	0	0	0
160907000	9	NBR	15	8	0	0	0	0
160907000	9	NBR	15	7	0	0	0	0
160907000	9	NBR	15	10	2	0	0	0
160907000	9	WIN	15	5	5	3	0
160907000	9	DET	15	5	600	800	2034	2227
160971000	5	NBR	15	6	0	0	0	0
160971000	5	NBR	15	3	1	0	0	0
160971000	5	NBR	15	9	2	0	0	0
160971000	5	NBR	15	8	0	0	0	0
160971000	5	NBR	15	2	1	0	0	0
160971000	5	WIN	15	5	5	4	0
160971000	5	DET	15	5	800	748	2034	2321
162292040	2	EV	DIO	6
162292040	3	EV	DIO	6
162292040	5	EV	DIO	6
162292040	7	EV	DIO	6
162292040	8	EV	DIO	6
162292040	9	EV	DIO	6
162292040	10	EV	DIO	6
162802000	8	TX	3
162891664	1	RX	8	3
163199040	3	EV	DIO	7
163199040	6	EV	DIO	7
163199040	9	EV	DIO	7
163199040	10	EV	DIO	7
164810040	5	EV	DIO	8
164810040	6	EV	DIO	8
164810040	9	EV	DIO	8
165311000	4	ATK	send	neighbor	8
165330040	3	EV	DIO	4
165330040	6	EV	DIO	4
165330040	7	EV	DIO	4
168013000	2	TX	5
168025376	1	RX	2	5
168873000	10	TX	4
168966664	1	RX	10	4
169266000	9	TX	4
169302664	1	RX	9	4
170065000	6	NBR	16	3	1	0	0	0
170065000	6	NBR	16	4	7	0	0	0
170065000	6	NBR	16	5	2	0	0	0
170065000	6	NBR	16	9	1	0	0	0
170065000	6	NBR	16	8	2	0	0	0
170065000	6	NBR	16	7	1	0	0	0
170065000	6	NBR	16	2	1	0	0	0
170065000	6	NBR	16	10	1	0	0	0
170065000	6	WIN	16	8	8	16	0
170065000	6	DET	16	8	2000	1936	2570	6975
170065000	6	ALERT	16	4	DIO	7	6975
170065000	6	BLOCK	4	temp	1	60
170240000	10	NBR	16	6	1	0	0	0
170240000	10	NBR	16	9	1	0	0	1
170240000	10	NBR	16	7	1	0	0	0
170240000	10	WIN	16	3	3	3	0
170240000	10	DET	16	3	1000	0	1281	1000
170505000	8	NBR	16	6	1	0	0	0
170505000	8	NBR	16	5	1	0	0	1
170505000	8	BLOCK	9	expire	1	60
170505000	8	NBR	16	9	1	0	0	0
170505000	8	WIN	16	3	3	3	0
170505000	8	DET	16	3	1000	0	1281	1000
170642000	3	NBR	16	1	1	0	0	0
170642000	3	NBR	16	6	1	0	0	0
170642000	3	NBR	16	4	8	0	0	0
170642000	3	NBR	16	7	2	0	0	0
170642000	3	NBR	16	5	1	0	0	0
170642000	3	NBR	16	2	1	0	0	0
170642000	3	WIN	16	6	6	14	0
170642000	3	DET	16	6	2333	2560	2276	8159
170765000	2	NBR	16	1	1	0	0	0
170765000	2	NBR	16	6	1	0	0	0
170765000	2	NBR	16	3	1	0	0	0
170765000	2	NBR	16	5	1	0	0	1
170765000	2	WIN	16	4	4	4	0
170765000	2	DET	16	4	1000	0	1708	1000
170815000	7	NBR	16	6	1	0	0	0
170815000	7	NBR	16	3	1	0	0	0
170815000	7	NBR	16	4	7	0	0	0
170815000	7	NBR	16	9	1	0	0	0
170815000	7	NBR	16	10	1	0	0	0
170815000	7	WIN	16	5	5	11	0
170815000	7	DET	16	5	2200	2400	2034	7081
170907000	9	NBR	16	6	1	0	0	0
170907000	9	NBR	16	5	1	0	0	0
170907000	9	NBR	16	8	1	0	0	0
170907000	9	NBR	16	7	1	0	0	0
170907000	9	NBR	16	10	2	0	0	0
170907000	9	WIN	16	5	5	6	0
170907000	9	DET	16	5	1200	400	2034	2013
170971000	5	NBR	16	6	1	0	0	0
170971000	5	NBR	16	3	1	0	0	0
170971000	5	NBR	16	9	2	0	0	0
170971000	5	NBR	16	8	1	0	0	0
170971000	5	NBR	16	2	1	0	0	0
170971000	5	WIN	16	5	5	6	0
170971000	5	DET	16	5	1200	400	2034	2013
173270000	7	TX	4
173289664	1	RX	7	4
174141296	3	EV	DIO	2
174880000	6	TX	4
174896664	1	RX	6	4
175312000	4	ATK	send	neighbor	9
175317040	3	EV	DIO	4
175317040	6	EV	DIO	4
175317040	7	EV	DIO	4
177417000	3	TX	5
177441376	1	RX	3	5
177559000	4	TX	5
177569376	1	RX	4	5
180065000	6	NBR	17	3	1	0	0	0
180065000	6	NBR	17	4	7	0	1	1
180065000	6	NBR	17	5	1	0	0	0
180065000	6	NBR	17	9	1	0	0	0
180065000	6	NBR	17	8	2	0	0	0
180065000	6	NBR	17	7	1	0	0	0
180065000	6	NBR	17	2	1	0	0	0
180065000	6	NBR	17	10	1	0	0	0
180065000	6	WIN	17	8	8	15	0
180065000	6	DET	17	8	1875	1964	2570	6922
180065000	6	ALERT	17	4	DIO	7	6922
180065000	6	BLOCK	4	temp	2	60
180065000	6	STAT	388	3	1	5	8	8
180240000	10	NBR	17	6	1	0	0	0
180240000	10	NBR	17	9	1	0	0	1
180240000	10	NBR	17	7	1	0	0	0
180240000	10	WIN	17	3	3	3	0
180240000	10	DET	17	3	1000	0	1281	1000
180240000	10	STAT	560	6	1	5	3	3
180505000	8	NBR	17	6	1	0	0	0
180505000	8	NBR	17	5	1	0	0	1
180505000	8	NBR	17	9	1	0	0	0
180505000	8	WIN	17	3	3	3	0
180505000	8	DET	17	3	1000	0	1281	1000
180505000	8	STAT	567	5	1	4	3	3
180549000	1	RSTAT	47	3	0
180642000	3	NBR	17	1	0	0	0	0
180642000	3	NBR	17	6	1	0	0	0
180642000	3	NBR	17	4	8	0	0	0
180642000	3	NBR	17	7	2	0	0	0
180642000	3	NBR	17	5	1	0	0	0
180642000	3	NBR	17	2	2	0	0	0
180642000	3	WIN	17	6	6	14	0
180642000	3	DET	17	6	2333	2624	2276	8305
180642000	3	STAT	256	1	1	6	6	6
180765000	2	NBR	17	1	0	0	0	0
180765000	2	NBR	17	6	1	0	0	0
180765000	2	NBR	17	3	1	0	0	0
180765000	2	NBR	17	5	1	0	0	1
180765000	2	WIN	17	4	4	3	0
180765000	2	DET	17	4	750	433	1708	1489
180765000	2	STAT	292	1	1	6	4	4
180815000	7	NBR	17	6	1	0	0	0
180815000	7	NBR	17	3	1	0	0	0
180815000	7	NBR	17	4	7	0	0	0
180815000	7	NBR	17	9	1	0	0	0
180815000	7	NBR	17	10	1	0	0	0
180815000	7	WIN	17	5	5	11	0
180815000	7	DET	17	5	2200	2400	2034	7081
180815000	7	STAT	427	4	1	5	5	5
180907000	9	NBR	17	6	1	0	0	0
180907000	9	NBR	17	5	1	0	0	0
180907000	9	NBR	17	8	1	0	0	0
180907000	9	NBR	17	7	1	0	0	0
180907000	9	NBR	17	10	2	0	0	0
180907000	9	WIN	17	5	5	6	0
180907000	9	DET	17	5	1200	400	2034	2013
180907000	9	STAT	543	6	1	5	5	5
180971000	5	NBR	17	6	1	0	0	0
180971000	5	NBR	17	3	1	0	0	0
180971000	5	NBR	17	9	2	0	0	0
180971000	5	NBR	17	8	1	0	0	0
180971000	5	NBR	17	2	1	0	0	0
180971000	5	WIN	17	5	5	6	0
180971000	5	DET	17	5	1200	400	2034	2013
180971000	5	STAT	406	3	1	5	5	5
185313000	4	ATK	send	neighbor	10
185342040	3	EV	DIO	4
185342040	6	EV	DIO	4
185342040	7	EV	DIO	4
185601000	5	TX	5
185641664	1	RX	5	5
190065000	6	NBR	18	3	1	0	0	0
190065000	6	NBR	18	4	6	0	1	1
190065000	6	NBR	18	5	1	0	0	0
190065000	6	NBR	18	9	1	0	0	0
190065000	6	NBR	18	8	2	0	0	0
190065000	6	NBR	18	7	1	0	0	0
190065000	6	NBR	18	2	0	0	0	0
190065000	6	NBR	18	10	1	0	0	0
190065000	6	WIN	18	8	8	13	0
190065000	6	DET	18	8	1625	1727	2570	6063
190240000	10	NBR	18	6	1	0	0	0
190240000	10	NBR	18	9	1	0	0	1
190240000	10	NBR	18	7	1	0	0	0
190240000	10	WIN	18	3	3	3	0
190240000	10	DET	18	3	1000	0	1281	1000
190505000	8	NBR	18	6	1	0	0	0
190505000	8	NBR	18	5	1	0	0	1
190505000	8	NBR	18	9	1	0	0	0
190505000	8	WIN	18	3	3	3	0
190505000	8	DET	18	3	1000	0	1281	1000
190642000	3	NBR	18	1	0	0	0	0
190642000	3	NBR	18	6	1	0	0	0
190642000	3	NBR	18	4	7	0	0	0
190642000	3	NBR	18	7	2	0	0	0
190642000	3	NBR	18	5	1	0	0	0
190642000	3	NBR	18	2	1	0	0	0
190642000	3	WIN	18	6	6	12	0
190642000	3	DET	18	6	2000	2309	2276	7255
190765000	2	NBR	18	1	0	0	0	0
190765000	2	NBR	18	6	1	0	0	0
190765000	2	NBR	18	3	1	0	0	0
190765000	2	NBR	18	5	1	0	0	1
190765000	2	WIN	18	4	4	3	0
190765000	2	DET	18	4	750	433	1708	1489
190815000	7	NBR	18	6	1	0	0	0
190815000	7	NBR	18	3	1	0	0	0
190815000	7	NBR	18	4	6	0	0	0
190815000	7	NBR	18	9	1	0	0	0
190815000	7	NBR	18	10	1	0	0	0
190815000	7	WIN	18	5	5	10	0
190815000	7	DET	18	5	2000	2000	2034	6068
190907000	9	NBR	18	6	1	0	0	0
190907000	9	NBR	18	5	1	0	0	0
190907000	9	NBR	18	8	1	0	0	0
190907000	9	NBR	18	7	1	0	0	0
190907000	9	NBR	18	10	2	0	0	0
190907000	9	WIN	18	5	5	6	0
190907000	9	DET	18	5	1200	400	2034	2013
190971000	5	NBR	18	6	1	0	0	0
190971000	5	NBR	18	3	1	0	0	0
190971000	5	NBR	18	9	2	0	0	0
190971000	5	NBR	18	8	1	0	0	0
190971000	5	NBR	18	2	0	0	0	0
190971000	5	WIN	18	5	5	5	0
190971000	5	DET	18	5	1000	632	2034	2285
193263000	8	TX	4
193306664	1	RX	8	4
195314000	4	ATK	send	neighbor	11
195358040	3	EV	DIO	4
195358040	6	EV	DIO	4
195358040	7	EV	DIO	4
197069000	2	TX	6
197078376	1	RX	2	6
198554000	10	TX	5
198620664	1	RX	10	5
199176040	2	EV	DIO	1
199176040	3	EV	DIO	1
199818296	8	EV	DIO	9
199883000	9	TX	5
199933664	1	RX	9	5
200065000	6	NBR	19	3	0	0	0	0
200065000	6	NBR	19	4	6	0	1	1
200065000	6	NBR	19	5	0	0	0	0
200065000	6	NBR	19	9	1	0	0	0
200065000	6	NBR	19	8	2	0	0	0
200065000	6	NBR	19	7	1	0	0	0
200065000	6	NBR	19	2	0	0	0	0
200065000	6	NBR	19	10	1	0	0	0
200065000	6	WIN	19	8	8	11	0
200065000	6	DET	19	8	1375	1866	2570	6170
200240000	10	NBR	19	6	1	0	0	0
200240000	10	NBR	19	9	1	0	0	1
200240000	10	NBR	19	7	1	0	0	0
200240000	10	WIN	19	3	3	3	0
200240000	10	DET	19	3	1000	0	1281	1000
200505000	8	NBR	19	6	1	0	0	0
200505000	8	NBR	19	5	0	0	0	1
200505000	8	NBR	19	9	2	0	0	0
200505000	8	WIN	19	3	3	3	0
200505000	8	DET	19	3	1000	816	1281	2045
200642000	3	NBR	19	1	1	0	0	0
200642000	3	NBR	19	6	1	0	0	0
200642000	3	NBR	19	4	7	0	0	0
200642000	3	NBR	19	7	1	0	0	0
200642000	3	NBR	19	5	0	0	0	0
200642000	3	NBR	19	2	1	0	0	0
200642000	3	WIN	19	6	6	11	0
200642000	3	DET	19	6	1833	2339	2276	7156
200765000	2	NBR	19	1	1	0	0	0
200765000	2	NBR	19	6	1	0	0	0
200765000	2	NBR	19	3	0	0	0	0
200765000	2	BLOCK	5	expire	1	60
200765000	2	NBR	19	5	0	0	0	0
200765000	2	WIN	19	4	4	2	0
200765000	2	DET	19	4	500	500	1708	1354
200815000	7	NBR	19	6	1	0	0	0
200815000	7	NBR	19	3	0	0	0	0
200815000	7	NBR	19	4	6	0	0	0
200815000	7	NBR	19	9	1	0	0	0
200815000	7	NBR	19	10	1	0	0	0
200815000	7	WIN	19	5	5	9	0
200815000	7	DET	19	5	1800	2135	2034	6142
200907000	9	NBR	19	6	1	0	0	0
200907000	9	NBR	19	5	0	0	0	0
200907000	9	NBR	19	8	1	0	0	0
200907000	9	NBR	19	7	1	0	0	0
200907000	9	NBR	19	10	1	0	0	0
200907000	9	WIN	19	5	5	4	0
200907000	9	DET	19	5	800	400	2034	1613
200971000	5	NBR	19	6	1	0	0	0
200971000	5	NBR	19	3	0	0	0	0
200971000	5	NBR	19	9	1	0	0	0
200971000	5	NBR	19	8	1	0	0	0
200971000	5	NBR	19	2	0	0	0	0
200971000	5	WIN	19	5	5	3	0
200971000	5	DET	19	5	600	489	2034	1594
203569000	7	TX	5
203622664	1	RX	7	5
205315000	4	ATK	send	neighbor	12
205342040	3	EV	DIO	4
205342040	6	EV	DIO	4
205342040	7	EV	DIO	4
205377000	6	TX	5
205406664	1	RX	6	5
206295296	2	EV	DIO	5
206749000	4	TX	6
206756376	1	RX	4	6
207353000	3	TX	6
207370376	1	RX	3	6
208553296	3	EV	DIO	7
210065000	6	NBR	20	3	0	0	0	0
210065000	6	NBR	20	4	6	0	1	1
210065000	6	NBR	20	5	0	0	0	0
210065000	6	NBR	20	9	0	0	0	0
210065000	6	NBR	20	8	2	0	0	0
210065000	6	NBR	20	7	1	0	0	0
210065000	6	NBR	20	2	0	0	0	0
210065000	6	NBR	20	10	0	0	0	0
210065000	6	WIN	20	8	8	9	0
210065000	6	DET	20	8	1125	1964	2570	6172
210065000	6	STAT	385	3	1	6	8	8
210240000	10	NBR	20	6	1	0	0	0
210240000	10	NBR	20	9	0	0	0	1
210240000	10	NBR	20	7	1	0	0	0
210240000	10	WIN	20	3	3	2	0
210240000	10	DET	20	3	666	471	1281	1269
210240000	10	STAT	555	6	1	6	3	3
210505000	8	NBR	20	6	1	0	0	0
210505000	8	BLOCK	5	expire	2	60
210505000	8	NBR	20	5	0	0	0	0
210505000	8	NBR	20	9	1	0	0	0
210505000	8	WIN	20	3	3	2	0
210505000	8	DET	20	3	666	471	1281	1269
210505000	8	STAT	564	5	1	5	3	3
210549000	1	RSTAT	56	3	0
210642000	3	NBR	20	1	1	0	0	0
210642000	3	NBR	20	6	1	0	0	0
210642000	3	NBR	20	4	6	0	0	0
210642000	3	NBR	20	7	2	0	0	0
210642000	3	NBR	20	5	0	0	0	0
210642000	3	NBR	20	2	1	0	0	0
210642000	3	WIN	20	6	6	11	0
210642000	3	DET	20	6	1833	1950	2276	6271
210642000	3	STAT	256	1	1	7	6	6
210765000	2	NBR	20	1	1	0	0	0
210765000	2	NBR	20	6	1	0	0	0
210765000	2	NBR	20	3	0	0	0	0
210765000	2	NBR	20	5	1	0	0	0
210765000	2	WIN	20	4	4	3	0
210765000	2	DET	20	4	750	433	1708	1489
210765000	2	STAT	288	1	1	7	4	4
210815000	7	NBR	20	6	1	0	0	0
210815000	7	NBR	20	3	0	0	0	0
210815000	7	NBR	20	4	6	0	0	0
210815000	7	NBR	20	9	0	0	0	0
210815000	7	NBR	20	10	0	0	0	0
210815000	7	WIN	20	5	5	7	0
210815000	7	DET	20	5	1400	2332	2034	6143
210815000	7	STAT	420	4	1	6	5	5
210907000	9	NBR	20	6	1	0	0	0
210907000	9	NBR	20	5	0	0	0	0
210907000	9	NBR	20	8	1	0	0	0
210907000	9	NBR	20	7	1	0	0	0
210907000	9	NBR	20	10	0	0	0	0
210907000	9	WIN	20	5	5	3	0
210907000	9	DET	20	5	600	489	2034	1594
210907000	9	STAT	540	6	1	6	5	5
210971000	5	NBR	20	6	1	0	0	0
210971000	5	NBR	20	3	0	0	0	0
210971000	5	NBR	20	9	0	0	0	0
210971000	5	NBR	20	8	1	0	0	0
210971000	5	NBR	20	2	0	0	0	0
210971000	5	WIN	20	5	5	2	0
210971000	5	DET	20	5	400	489	2034	1394
210971000	5	STAT	401	3	1	6	5	5
215316000	4	ATK	send	neighbor	13
215323040	3	EV	DIO	4
215323040	6	EV	DIO	4
215323040	7	EV	DIO	4
215760000	5	TX	6
215816664	1	RX	5	6
220065000	6	NBR	21	3	0	0	0	0
220065000	6	NBR	21	4	6	0	1	1
220065000	6	NBR	21	5	0	0	0	0
220065000	6	NBR	21	9	0	0	0	0
220065000	6	NBR	21	8	1	0	0	0
220065000	6	NBR	21	7	1	0	0	0
220065000	6	NBR	21	2	0	0	0	0
220065000	6	NBR	21	10	0	0	0	0
220065000	6	WIN	21	8	8	8	0
220065000	6	DET	21	8	1000	1936	2570	5975
220065000	6	ALERT	21	4	DIO	6	5975
220065000	6	BLOCK	4	perm	2	0
220240000	10	NBR	21	6	1	0	0	0
220240000	10	BLOCK	9	expire	2	60
220240000	10	NBR	21	9	0	0	0	0
220240000	10	NBR	21	7	1	0	0	0
220240000	10	WIN	21	3	3	2	0
220240000	10	DET	21	3	666	471	1281	1269
220505000	8	NBR	21	6	1	0	0	0
220505000	8	NBR	21	5	0	0	0	0
220505000	8	NBR	21	9	1	0	0	0
220505000	8	WIN	21	3	3	2	0
220505000	8	DET	21	3	666	471	1281	1269
220642000	3	NBR	21	1	1	0	0	0
220642000	3	NBR	21	6	1	0	0	0
220642000	3	NBR	21	4	6	0	0	0
220642000	3	NBR	21	7	2	0	0	0
220642000	3	NBR	21	5	0	0	0	0
220642000	3	NBR	21	2	1	0	0	0
220642000	3	WIN	21	6	6	11	0
220642000	3	DET	21	6	1833	1950	2276	6271
220765000	2	NBR	21	1	1	0	0	0
220765000	2	NBR	21	6	1	0	0	0
220765000	2	NBR	21	3	0	0	0	0
220765000	2	NBR	21	5	1	0	0	0
220765000	2	WIN	21	4	4	3	0
220765000	2	DET	21	4	750	433	1708	1489
220815000	7	NBR	21	6	1	0	0	0
220815000	7	NBR	21	3	0	0	0	0
220815000	7	NBR	21	4	6	0	0	0
220815000	7	NBR	21	9	0	0	0	0
220815000	7	NBR	21	10	0	0	0	0
220815000	7	WIN	21	5	5	7	0
220815000	7	DET	21	5	1400	2332	2034	6143
220907000	9	NBR	21	6	1	0	0	0
220907000	9	NBR	21	5	0	0	0	0
220907000	9	NBR	21	8	1	0	0	0
220907000	9	NBR	21	7	1	0	0	0
220907000	9	NBR	21	10	0	0	0	0
220907000	9	WIN	21	5	5	3	0
220907000	9	DET	21	5	600	489	2034	1594
220971000	5	NBR	21	6	1	0	0	0
220971000	5	NBR	21	3	0	0	0	0
220971000	5	NBR	21	9	0	0	0	0
220971000	5	NBR	21	8	1	0	0	0
220971000	5	NBR	21	2	0	0	0	0
220971000	5	WIN	21	5	5	2	0
220971000	5	DET	21	5	400	489	2034	1394
222938000	8	TX	5
223011664	1	RX	8	5
225317000	4	ATK	send	neighbor	14
225331040	3	EV	DIO	4
225331040	6	EV	DIO	4
225331040	7	EV	DIO	4
226563296	7	EV	DIO	10
227076000	2	TX	7
227107376	1	RX	2	7
229522000	10	TX	6
229581584	1	RX	10	6
230065000	6	NBR	22	3	0	0	0	0
230065000	6	NBR	22	4	6	0	1	2
230065000	6	NBR	22	5	0	0	0	0
230065000	6	NBR	22	9	0	0	0	0
230065000	6	NBR	22	8	0	0	0	0
230065000	6	NBR	22	7	0	0	0	0
230065000	6	NBR	22	2	0	0	0	0
230065000	6	NBR	22	10	0	0	0	0
230065000	6	WIN	22	8	8	6	0
230065000	6	DET	22	8	750	1984	2570	5848
230065000	6	ALERT	22	4	DIO	6	5848
230240000	10	NBR	22	6	0	0	0	0
230240000	10	NBR	22	9	0	0	0	0
230240000	10	NBR	22	7	0	0	0	0
230240000	10	WIN	22	3	3	0	0
230240000	10	DET	22	3	0	0	1281	0
230505000	8	NBR	22	6	0	0	0	0
230505000	8	NBR	22	5	0	0	0	0
230505000	8	NBR	22	9	1	0	0	0
230505000	8	WIN	22	3	3	1	0
230505000	8	DET	22	3	333	471	1281	936
230505000	8	ALERT	22	9	DIO	1	936
230505000	8	BLOCK	9	temp	2	60
230642000	3	NBR	22	1	1	0	0	0
230642000	3	NBR	22	6	0	0	0	0
230642000	3	NBR	22	4	6	0	0	0
230642000	3	NBR	22	7	1	0	0	0
230642000	3	NBR	22	5	0	0	0	0
230642000	3	NBR	22	2	1	0	0	0
230642000	3	WIN	22	6	6	9	0
230642000	3	DET	22	6	1500	2061	2276	6190
230765000	2	NBR	22	1	1	0	0	0
230765000	2	NBR	22	6	0	0	0	0
230765000	2	NBR	22	3	0	0	0	0
230765000	2	NBR	22	5	1	0	0	0
230765000	2	WIN	22	4	4	2	0
230765000	2	DET	22	4	500	500	1708	1354
230815000	7	NBR	22	6	0	0	0	0
230815000	7	NBR	22	3	0	0	0	0
230815000	7	NBR	22	4	6	0	0	0
230815000	7	NBR	22	9	0	0	0	0
230815000	7	NBR	22	10	1	0	0	0
230815000	7	WIN	22	5	5	7	0
230815000	7	DET	22	5	1400	2332	2034	6143
230828000	9	TX	6
230907000	9	NBR	22	6	0	0	0	0
230907000	9	NBR	22	5	0	0	0	0
230907000	9	NBR	22	8	0	0	0	0
230907000	9	NBR	22	7	0	0	0	0
230907000	9	NBR	22	10	0	0	0	0
230907000	9	WIN	22	5	5	0	0
230907000	9	DET	22	5	0	0	2034	0
230907664	1	RX	9	6
230971000	5	NBR	22	6	0	0	0	0
230971000	5	NBR	22	3	0	0	0	0
230971000	5	NBR	22	9	0	0	0	0
230971000	5	NBR	22	8	0	0	0	0
230971000	5	NBR	22	2	0	0	0	0
230971000	5	WIN	22	5	5	0	0
230971000	5	DET	22	5	0	0	2034	0
233277000	7	TX	6
233299664	1	RX	7	6
234753000	6	TX	6
234802664	1	RX	6	6
235318000	4	ATK	send	neighbor	15
235338040	3	EV	DIO	4
235338040	6	EV	DIO	4
235338040	7	EV	DIO	4
235706296	3	EV	DIO	4
236248000	4	TX	7
236292376	1	RX	4	7
238190000	3	TX	7
238194376	1	RX	3	7
240065000	6	NBR	23	3	0	0	0	0
240065000	6	NBR	23	4	6	0	1	2
240065000	6	NBR	23	5	0	0	0	0
240065000	6	NBR	23	9	0	0	0	0
240065000	6	NBR	23	8	0	0	0	0
240065000	6	NBR	23	7	0	0	0	0
240065000	6	NBR	23	2	0	0	0	0
240065000	6	NBR	23	10	0	0	0	0
240065000	6	WIN	23	8	8	6	0
240065000	6	DET	23	8	750	1984	2570	5848
240065000	6	ALERT	23	4	DIO	6	5848
240065000	6	STAT	384	3	1	7	8	8
240240000	10	NBR	23	6	0	0	0	0
240240000	10	NBR	23	9	0	0	0	0
240240000	10	NBR	23	7	0	0	0	0
240240000	10	WIN	23	3	3	0	0
240240000	10	DET	23	3	0	0	1281	0
240240000	10	STAT	551	6	1	7	3	3
240505000	8	NBR	23	6	0	0	0	0
240505000	8	NBR	23	5	0	0	0	0
240505000	8	NBR	23	9	1	0	0	1
240505000	8	WIN	23	3	3	1	0
240505000	8	DET	23	3	333	471	1281	936
240505000	8	ALERT	23	9	DIO	1	936
240505000	8	BLOCK	9	perm	2	0
240505000	8	STAT	561	5	1	6	3	3
240549000	1	RSTAT	65	3	0
240642000	3	NBR	23	1	1	0	0	0
240642000	3	NBR	23	6	0	0	0	0
240642000	3	NBR	23	4	7	0	0	0
240642000	3	NBR	23	7	1	0	0	0
240642000	3	NBR	23	5	0	0	0	0
240642000	3	NBR	23	2	0	0	0	0
240642000	3	WIN	23	6	6	9	0
240642000	3	DET	23	6	1500	2500	2276	7190
240642000	3	STAT	256	1	1	8	6	6
240740296	9	EV	DIO	8
240765000	2	NBR	23	1	1	0	0	0
240765000	2	NBR	23	6	0	0	0	0
240765000	2	NBR	23	3	0	0	0	0
240765000	2	NBR	23	5	1	0	0	0
240765000	2	WIN	23	4	4	2	0
240765000	2	DET	23	4	500	500	1708	1354
240765000	2	STAT	284	1	1	8	4	4
240815000	7	NBR	23	6	0	0	0	0
240815000	7	NBR	23	3	0	0	0	0
240815000	7	NBR	23	4	6	0	0	0
240815000	7	NBR	23	9	0	0	0	0
240815000	7	NBR	23	10	1	0	0	0
240815000	7	WIN	23	5	5	7	0
240815000	7	DET	23	5	1400	2332	2034	6143
240815000	7	STAT	413	4	1	7	5	5
240907000	9	NBR	23	6	0	0	0	0
240907000	9	NBR	23	5	0	0	0	0
240907000	9	NBR	23	8	1	0	0	0
240907000	9	NBR	23	7	0	0	0	0
240907000	9	NBR	23	10	0	0	0	0
240907000	9	WIN	23	5	5	1	0
240907000	9	DET	23	5	200	400	2034	1013
240907000	9	STAT	537	6	1	7	5	5
240971000	5	NBR	23	6	0	0	0	0
240971000	5	NBR	23	3	0	0	0	0
240971000	5	NBR	23	9	0	0	0	0
240971000	5	NBR	23	8	0	0	0	0
240971000	5	NBR	23	2	0	0	0	0
240971000	5	WIN	23	5	5	0	0
240971000	5	DET	23	5	0	0	2034	0
240971000	5	STAT	397	3	1	7	5	5
241244040	3	EV	DIO	7
241244040	6	EV	DIO	7
241244040	9	EV	DIO	7
241244040	10	EV	DIO	7
245319000	4	ATK	send	neighbor	16
245354040	3	EV	DIO	4
245354040	6	EV	DIO	4
245354040	7	EV	DIO	4
246127000	5	TX	7
246167664	1	RX	5	7
249074040	5	EV	DIO	8
249074040	6	EV	DIO	8
249074040	9	EV	DIO	8
250065000	6	NBR	24	3	0	0	0	0
250065000	6	NBR	24	4	6	0	1	2
250065000	6	NBR	24	5	0	0	0	0
250065000	6	NBR	24	9	0	0	0	0
250065000	6	NBR	24	8	1	0	0	0
250065000	6	NBR	24	7	1	0	0	0
250065000	6	NBR	24	2	0	0	0	0
250065000	6	NBR	24	10	0	0	0	0
250065000	6	WIN	24	8	8	8	0
250065000	6	DET	24	8	1000	1936	2570	5975
250065000	6	ALERT	24	4	DIO	6	5975
250240000	10	NBR	24	6	0	0	0	0
250240000	10	NBR	24	9	0	0	0	0
250240000	10	NBR	24	7	1	0	0	0
250240000	10	WIN	24	3	3	1	0
250240000	10	DET	24	3	333	471	1281	936
250240000	10	ALERT	24	7	DIO	1	936
250240000	10	BLOCK	7	temp	1	60
250505000	8	NBR	24	6	0	0	0	0
250505000	8	NBR	24	5	0	0	0	0
250505000	8	NBR	24	9	1	0	0	2
250505000	8	WIN	24	3	3	1	0
250505000	8	DET	24	3	333	471	1281	936
250505000	8	ALERT	24	9	DIO	1	936
250642000	3	NBR	24	1	1	0	0	0
250642000	3	NBR	24	6	0	0	0	0
250642000	3	NBR	24	4	7	0	0	0
250642000	3	NBR	24	7	2	0	0	0
250642000	3	NBR	24	5	0	0	0	0
250642000	3	NBR	24	2	0	0	0	0
250642000	3	WIN	24	6	6	10	0
250642000	3	DET	24	6	1666	2494	2276	7342
250765000	2	NBR	24	1	1	0	0	0
250765000	2	NBR	24	6	0	0	0	0
250765000	2	NBR	24	3	0	0	0	0
250765000	2	NBR	24	5	1	0	0	0
250765000	2	WIN	24	4	4	2	0
250765000	2	DET	24	4	500	500	1708	1354
250815000	7	NBR	24	6	0	0	0	0
250815000	7	NBR	24	3	0	0	0	0
250815000	7	NBR	24	4	6	0	0	0
250815000	7	NBR	24	9	0	0	0	0
250815000	7	NBR	24	10	1	0	0	0
250815000	7	WIN	24	5	5	7	0
250815000	7	DET	24	5	1400	2332	2034	6143
250907000	9	NBR	24	6	0	0	0	0
250907000	9	NBR	24	5	0	0	0	0
250907000	9	NBR	24	8	2	0	0	0
250907000	9	NBR	24	7	1	0	0	0
250907000	9	NBR	24	10	0	0	0	0
250907000	9	WIN	24	5	5	3	0
250907000	9	DET	24	5	600	800	2034	2227
250971000	5	NBR	24	6	0	0	0	0
250971000	5	NBR	24	3	0	0	0	0
250971000	5	NBR	24	9	0	0	0	0
250971000	5	NBR	24	8	1	0	0	0
250971000	5	NBR	24	2	0	0	0	0
250971000	5	WIN	24	5	5	1	0
250971000	5	DET	24	5	200	400	2034	1013
253274000	8	TX	6
253390664	1	RX	8	6
255293296	5	EV	DIO	2
255320000	4	ATK	send	neighbor	17
255325040	3	EV	DIO	4
255325040	6	EV	DIO	4
255325040	7	EV	DIO	4
255817040	2	EV	DIO	3
255817040	5	EV	DIO	3
255817040	6	EV	DIO	3
255817040	7	EV	DIO	3
256359000	2	TX	8
256385376	1	RX	2	8
259233000	10	TX	7
259295664	1	RX	10	7
260065000	6	NBR	25	3	1	0	0	0
260065000	6	NBR	25	4	6	0	1	2
260065000	6	NBR	25	5	0	0	0	0
260065000	6	NBR	25	9	0	0	0	0
260065000	6	NBR	25	8	1	0	0	0
260065000	6	NBR	25	7	1	0	0	0
260065000	6	NBR	25	2	0	0	0	0
260065000	6	NBR	25	10	0	0	0	0
260065000	6	WIN	25	8	8	9	0
260065000	6	DET	25	8	1125	1899	2570	6005
260240000	10	NBR	25	6	0	0	0	0
260240000	10	NBR	25	9	0	0	0	0
260240000	10	NBR	25	7	1	0	0	1
260240000	10	WIN	25	3	3	1	0
260240000	10	DET	25	3	333	471	1281	936
260240000	10	ALERT	25	7	DIO	1	936
260240000	10	BLOCK	7	temp	2	60
260505000	8	NBR	25	6	0	0	0	0
260505000	8	NBR	25	5	0	0	0	0
260505000	8	NBR	25	9	0	0	0	2
260505000	8	WIN	25	3	3	0	0
260505000	8	DET	25	3	0	0	1281	0
260642000	3	NBR	25	1	0	0	0	0
260642000	3	NBR	25	6	0	0	0	0
260642000	3	NBR	25	4	7	0	0	0
260642000	3	NBR	25	7	2	0	0	0
260642000	3	NBR	25	5	0	0	0	0
260642000	3	NBR	25	2	0	0	0	0
260642000	3	WIN	25	6	6	9	0
260642000	3	DET	25	6	1500	2565	2276	7337
260765000	2	NBR	25	1	0	0	0	0
260765000	2	NBR	25	6	0	0	0	0
260765000	2	NBR	25	3	1	0	0	0
260765000	2	NBR	25	5	1	0	0	0
260765000	2	WIN	25	4	4	2	0
260765000	2	DET	25	4	500	500	1708	1354
260810000	9	TX	7
260815000	7	NBR	25	6	0	0	0	0
260815000	7	NBR	25	3	1	0	0	0
260815000	7	NBR	25	4	6	0	0	0
260815000	7	NBR	25	9	0	0	0	0
260815000	7	NBR	25	10	1	0	0	0
260815000	7	WIN	25	5	5	8	0
260815000	7	DET	25	5	1600	2244	2034	6164
260889664	1	RX	9	7
260907000	9	NBR	25	6	0	0	0	0
260907000	9	NBR	25	5	0	0	0	0
260907000	9	NBR	25	8	2	0	0	0
260907000	9	NBR	25	7	1	0	0	0
260907000	9	NBR	25	10	0	0	0	0
260907000	9	WIN	25	5	5	3	0
260907000	9	DET	25	5	600	800	2034	2227
260971000	5	NBR	25	6	0	0	0	0
260971000	5	NBR	25	3	1	0	0	0
260971000	5	NBR	25	9	0	0	0	0
260971000	5	NBR	25	8	1	0	0	0
260971000	5	NBR	25	2	1	0	0	0
260971000	5	WIN	25	5	5	3	0
260971000	5	DET	25	5	600	489	2034	1594
263378000	7	TX	7
263447664	1	RX	7	7
265321000	4	ATK	send	neighbor	18
265363040	3	EV	DIO	4
265363040	6	EV	DIO	4
265363040	7	EV	DIO	4
265518000	6	TX	7
265576664	1	RX	6	7
265730000	4	TX	8
265736376	1	RX	4	8
268360000	3	TX	8
268369376	1	RX	3	8
269002040	5	EV	DIO	9
269002040	6	EV	DIO	9
269002040	7	EV	DIO	9
269002040	8	EV	DIO	9
269002040	10	EV	DIO	9
270065000	6	NBR	26	3	1	0	0	0
270065000	6	NBR	26	4	6	0	1	2
270065000	6	NBR	26	5	0	0	0	0
270065000	6	NBR	26	9	1	0	0	0
270065000	6	NBR	26	8	1	0	0	0
270065000	6	NBR	26	7	1	0	0	0
270065000	6	NBR	26	2	0	0	0	0
270065000	6	NBR	26	10	0	0	0	0
270065000	6	WIN	26	8	8	10	0
270065000	6	DET	26	8	1250	1854	2570	6014
270065000	6	STAT	384	3	1	8	8	8
270240000	10	NBR	26	6	0	0	0	0
270240000	10	NBR	26	9	1	0	0	0
270240000	10	NBR	26	7	1	0	0	1
270240000	10	WIN	26	3	3	2	0
270240000	10	DET	26	3	666	471	1281	1269
270240000	10	STAT	547	6	1	8	3	3
270505000	8	NBR	26	6	0	0	0	0
270505000	8	NBR	26	5	0	0	0	0
270505000	8	NBR	26	9	1	0	1	2
270505000	8	WIN	26	3	3	1	0
270505000	8	DET	26	3	333	471	1281	936
270505000	8	ALERT	26	9	DIO	1	936
270505000	8	STAT	558	5	1	7	3	3
270549000	1	RSTAT	74	3	0
270642000	3	NBR	26	1	0	0	0	0
270642000	3	NBR	26	6	0	0	0	0
270642000	3	NBR	26	4	7	0	0	0
270642000	3	NBR	26	7	1	0	0	0
270642000	3	NBR	26	5	0	0	0	0
270642000	3	NBR	26	2	0	0	0	0
270642000	3	WIN	26	6	6	8	0
270642000	3	DET	26	6	1333	2560	2276	7159
270642000	3	STAT	256	1	1	9	6	6
270765000	2	NBR	26	1	0	0	0	0
270765000	2	NBR	26	6	0	0	0	0
270765000	2	NBR	26	3	1	0	0	0
270765000	2	NBR	26	5	0	0	0	0
270765000	2	WIN	26	4	4	1	0
270765000	2	DET	26	4	250	433	1708	989
270765000	2	ALERT	26	3	DIO	1	989
270765000	2	BLOCK	3	temp	1	60
270765000	2	STAT	281	1	1	9	4	4
270815000	7	NBR	26	6	0	0	0	0
270815000	7	NBR	26	3	1	0	0	0
270815000	7	NBR	26	4	6	0	0	0
270815000	7	NBR	26	9	1	0	0	0
270815000	7	NBR	26	10	1	0	0	0
270815000	7	WIN	26	5	5	9	0
270815000	7	DET	26	5	1800	2135	2034	6142
270815000	7	STAT	408	4	1	8	5	5
270907000	9	NBR	26	6	0	0	0	0
270907000	9	NBR	26	5	0	0	0	0
270907000	9	NBR	26	8	2	0	0	0
270907000	9	NBR	26	7	1	0	0	0
270907000	9	NBR	26	10	0	0	0	0
270907000	9	WIN	26	5	5	3	0
270907000	9	DET	26	5	600	800	2034	2227
270907000	9	STAT	535	6	1	8	5	5
270971000	5	NBR	26	6	0	0	0	0
270971000	5	NBR	26	3	1	0	0	0
270971000	5	NBR	26	9	1	0	0	0
270971000	5	NBR	26	8	1	0	0	0
270971000	5	NBR	26	2	1	0	0	0
270971000	5	WIN	26	5	5	4	0
270971000	5	DET	26	5	800	400	2034	1613
270971000	5	STAT	393	3	1	8	5	5
271355040	3	EV	DIO	4
271355040	6	EV	DIO	4
271355040	7	EV	DIO	4
273167296	7	EV	DIO	10
273310296	5	EV	DIO	9
274433040	3	EV	DIO	2
274433040	5	EV	DIO	2
274433040	6	EV	DIO	2
275322000	4	ATK	send	neighbor	19
275334040	3	EV	DIO	4
275334040	6	EV	DIO	4
275334040	7	EV	DIO	4
276925000	5	TX	8
276970664	1	RX	5	8
280065000	6	NBR	27	3	1	0	0	0
280065000	6	NBR	27	4	7	0	2	2
280065000	6	NBR	27	5	0	0	0	0
280065000	6	NBR	27	9	1	0	0	0
280065000	6	NBR	27	8	1	0	0	0
280065000	6	NBR	27	7	1	0	0	0
280065000	6	NBR	27	2	1	0	0	0
280065000	6	NBR	27	10	0	0	0	0
280065000	6	WIN	27	8	8	12	0
280065000	6	DET	27	8	1500	2121	2570	6950
280065000	6	ALERT	27	4	DIO	7	6950
280240000	10	NBR	27	6	0	0	0	0
280240000	10	NBR	27	9	1	0	0	0
280240000	10	NBR	27	7	1	0	0	1
280240000	10	WIN	27	3	3	2	0
280240000	10	DET	27	3	666	471	1281	1269
280505000	8	NBR	27	6	0	0	0	0
280505000	8	NBR	27	5	0	0	0	0
280505000	8	NBR	27	9	1	0	0	2
280505000	8	WIN	27	3	3	1	0
280505000	8	DET	27	3	333	471	1281	936
280505000	8	ALERT	27	9	DIO	1	936
280642000	3	NBR	27	1	0	0	0	0
280642000	3	NBR	27	6	0	0	0	0
280642000	3	NBR	27	4	8	0	0	0
280642000	3	NBR	27	7	1	0	0	0
280642000	3	NBR	27	5	0	0	0	0
280642000	3	NBR	27	2	1	0	0	0
280642000	3	WIN	27	6	6	10	0
280642000	3	DET	27	6	1666	2867	2276	8191
280765000	2	NBR	27	1	0	0	0	0
280765000	2	NBR	27	6	0	0	0	0
280765000	2	NBR	27	3	1	0	0	1
280765000	2	NBR	27	5	0	0	0	0
280765000	2	WIN	27	4	4	1	0
280765000	2	DET	27	4	250	433	1708	989
280765000	2	ALERT	27	3	DIO	1	989
280765000	2	BLOCK	3	temp	2	60
280815000	7	NBR	27	6	0	0	0	0
280815000	7	NBR	27	3	1	0	0	0
280815000	7	NBR	27	4	7	0	0	0
280815000	7	NBR	27	9	1	0	0	0
280815000	7	NBR	27	10	2	0	0	0
280815000	7	WIN	27	5	5	11	0
280815000	7	DET	27	5	2200	2481	2034	7246
280907000	9	NBR	27	6	0	0	0	0
280907000	9	NBR	27	5	0	0	0	0
280907000	9	NBR	27	8	2	0	0	0
280907000	9	NBR	27	7	1	0	0	0
280907000	9	NBR	27	10	0	0	0	0
280907000	9	WIN	27	5	5	3	0
280907000	9	DET	27	5	600	800	2034	2227
280971000	5	NBR	27	6	0	0	0	0
280971000	5	NBR	27	3	1	0	0	0
280971000	5	NBR	27	9	2	0	0	0
280971000	5	NBR	27	8	1	0	0	0
280971000	5	NBR	27	2	2	0	0	0
280971000	5	WIN	27	5	5	6	0
280971000	5	DET	27	5	1200	748	2034	2721
282089296	2	EV	DIO	5
283336000	8	TX	7
283436664	1	RX	8	7
284716040	6	EV	DIO	10
284716040	7	EV	DIO	10
284716040	9	EV	DIO	10
285323000	4	ATK	send	neighbor	20
285363040	3	EV	DIO	4
285363040	6	EV	DIO	4
285363040	7	EV	DIO	4
286909000	2	TX	9
286915376	1	RX	2	9
289864000	9	TX	8
289917664	1	RX	9	8
289964000	10	TX	8
290063664	1	RX	10	8
290065000	6	NBR	28	3	1	0	0	0
290065000	6	NBR	28	4	7	0	1	2
290065000	6	NBR	28	5	0	0	0	0
290065000	6	NBR	28	9	1	0	0	0
290065000	6	NBR	28	8	1	0	0	0
290065000	6	NBR	28	7	1	0	0	0
290065000	6	NBR	28	2	1	0	0	0
290065000	6	NBR	28	10	1	0	0	0
290065000	6	WIN	28	8	8	13	0
290065000	6	DET	28	8	1625	2057	2570	6911
290065000	6	ALERT	28	4	DIO	7	6911
290240000	10	NBR	28	6	0	0	0	0
290240000	10	NBR	28	9	1	0	0	0
290240000	10	NBR	28	7	1	0	0	1
290240000	10	WIN	28	3	3	2	0
290240000	10	DET	28	3	666	471	1281	1269
290316040	2	EV	DIO	6
290316040	3	EV	DIO	6
290316040	5	EV	DIO	6
290316040	7	EV	DIO	6
290316040	8	EV	DIO	6
290316040	9	EV	DIO	6
290316040	10	EV	DIO	6
290505000	8	NBR	28	6	1	0	0	0
290505000	8	NBR	28	5	0	0	0	0
290505000	8	NBR	28	9	1	0	0	2
290505000	8	WIN	28	3	3	2	0
290505000	8	DET	28	3	666	471	1281	1269
290642000	3	NBR	28	1	0	0	0	0
290642000	3	NBR	28	6	1	0	0	0
290642000	3	NBR	28	4	8	0	0	0
290642000	3	NBR	28	7	1	0	0	0
290642000	3	NBR	28	5	0	0	0	0
290642000	3	NBR	28	2	1	0	0	0
290642000	3	WIN	28	6	6	11	0
290642000	3	DET	28	6	1833	2793	2276	8189
290765000	2	NBR	28	1	0	0	0	0
290765000	2	NBR	28	6	1	0	0	0
290765000	2	NBR	28	3	1	0	0	1
290765000	2	NBR	28	5	1	0	0	0
290765000	2	WIN	28	4	4	3	0
290765000	2	DET	28	4	750	433	1708	1489
290815000	7	NBR	28	6	1	0	0	0
290815000	7	NBR	28	3	1	0	0	0
290815000	7	NBR	28	4	7	0	0	0
290815000	7	NBR	28	9	1	0	0	0
290815000	7	NBR	28	10	2	0	0	0
290815000	7	WIN	28	5	5	12	0
290815000	7	DET	28	5	2400	2332	2034	7143
290907000	9	NBR	28	6	1	0	0	0
290907000	9	NBR	28	5	0	0	0	0
290907000	9	NBR	28	8	2	0	0	0
290907000	9	NBR	28	7	1	0	0	0
290907000	9	NBR	28	10	1	0	0	0
290907000	9	WIN	28	5	5	5	0
290907000	9	DET	28	5	1000	632	2034	2285
290971000	5	NBR	28	6	1	0	0	0
290971000	5	NBR	28	3	1	0	0	0
290971000	5	NBR	28	9	2	0	0	0
290971000	5	NBR	28	8	1	0	0	0
290971000	5	NBR	28	2	2	0	0	0
290971000	5	WIN	28	5	5	7	0
290971000	5	DET	28	5	1400	489	2034	2394
292232040	2	EV	DIO	5
292232040	3	EV	DIO	5
292232040	6	EV	DIO	5
292232040	8	EV	DIO	5
292232040	9	EV	DIO	5
293406000	7	TX	8
293473664	1	RX	7	8
294901000	4	TX	9
294923376	1	RX	4	9
295324000	4	ATK	send	neighbor	21
295342040	3	EV	DIO	4
295342040	6	EV	DIO	4
295342040	7	EV	DIO	4
296500000	6	TX	8
296584664	1	RX	6	8
299316000	3	TX	9
299328376	1	RX	3	9
300065000	6	NBR	29	3	1	0	0	0
300065000	6	NBR	29	4	7	0	1	2
300065000	6	NBR	29	5	1	0	0	0
300065000	6	NBR	29	9	1	0	0	0
300065000	6	NBR	29	8	1	0	0	0
300065000	6	NBR	29	7	1	0	0	0
300065000	6	NBR	29	2	1	0	0	0
300065000	6	NBR	29	10	1	0	0	0
300065000	6	WIN	29	8	8	14	0
300065000	6	DET	29	8	1750	1984	2570	6848
300065000	6	ALERT	29	4	DIO	7	6848
300065000	6	STAT	384	3	1	9	8	8
300240000	10	NBR	29	6	1	0	0	0
300240000	10	NBR	29	9	1	0	0	0
300240000	10	NBR	29	7	1	0	0	1
300240000	10	WIN	29	3	3	3	0
300240000	10	DET	29	3	1000	0	1281	1000
300240000	10	STAT	537	6	1	9	3	3
300505000	8	NBR	29	6	1	0	0	0
300505000	8	NBR	29	5	1	0	0	0
300505000	8	NBR	29	9	1	0	0	2
300505000	8	WIN	29	3	3	3	0
300505000	8	DET	29	3	1000	0	1281	1000
300505000	8	STAT	535	5	1	8	3	3
300549000	1	RSTAT	83	3	0
300642000	3	NBR	29	1	0	0	0	0
300642000	3	NBR	29	6	1	0	0	0
300642000	3	NBR	29	4	7	0	0	0
300642000	3	NBR	29	7	1	0	0	0
300642000	3	NBR	29	5	1	0	0	0
300642000	3	NBR	29	2	1	0	0	0
300642000	3	WIN	29	6	6	11	0
300642000	3	DET	29	6	1833	2339	2276	7156
300642000	3	STAT	256	1	1	10	6	6
300765000	2	NBR	29	1	0	0	0	0
300765000	2	NBR	29	6	1	0	0	0
300765000	2	NBR	29	3	1	0	0	1
300765000	2	NBR	29	5	2	0	0	0
300765000	2	WIN	29	4	4	4	0
300765000	2	DET	29	4	1000	707	1708	2207
300765000	2	STAT	278	1	1	10	4	4
300815000	7	NBR	29	6	1	0	0	0
300815000	7	NBR	29	3	1	0	0	0
300815000	7	NBR	29	4	7	0	0	0
300815000	7	NBR	29	9	1	0	0	0
300815000	7	NBR	29	10	2	0	0	0
300815000	7	WIN	29	5	5	12	0
300815000	7	DET	29	5	2400	2332	2034	7143
300815000	7	STAT	403	4	1	9	5	5
300907000	9	NBR	29	6	1	0	0	0
300907000	9	NBR	29	5	1	0	0	0
300907000	9	NBR	29	8	1	0	0	0
300907000	9	NBR	29	7	1	0	0	0
300907000	9	NBR	29	10	1	0	0	0
300907000	9	WIN	29	5	5	5	0
300907000	9	DET	29	5	1000	0	2034	1000
300907000	9	STAT	526	6	1	9	5	5
300971000	5	NBR	29	6	1	0	0	0
300971000	5	NBR	29	3	1	0	0	0
300971000	5	NBR	29	9	2	0	0	0
300971000	5	NBR	29	8	1	0	0	0
300971000	5	NBR	29	2	2	0	0	0
300971000	5	WIN	29	5	5	7	0
300971000	5	DET	29	5	1400	489	2034	2394
300971000	5	STAT	391	3	1	9	5	5
302416296	3	EV	DIO	4
305325000	4	ATK	send	neighbor	22
305330040	3	EV	DIO	4
305330040	6	EV	DIO	4
305330040	7	EV	DIO	4
307350000	5	TX	9
307401664	1	RX	5	9
310065000	6	NBR	30	3	1	0	0	0
310065000	6	NBR	30	4	7	0	1	2
310065000	6	NBR	30	5	1	0	0	0
310065000	6	NBR	30	9	1	0	0	0
310065000	6	NBR	30	8	0	0	0	0
310065000	6	NBR	30	7	0	0	0	0
310065000	6	NBR	30	2	1	0	0	0
310065000	6	NBR	30	10	1	0	0	0
310065000	6	WIN	30	8	8	12	0
310065000	6	DET	30	8	1500	2121	2570	6950
310065000	6	ALERT	30	4	DIO	7	6950
310240000	10	NBR	30	6	1	0	0	0
310240000	10	NBR	30	9	1	0	0	0
310240000	10	NBR	30	7	0	0	0	1
310240000	10	WIN	30	3	3	2	0
310240000	10	DET	30	3	666	471	1281	1269
310505000	8	NBR	30	6	1	0	0	0
310505000	8	NBR	30	5	1	0	0	0
310505000	8	NBR	30	9	1	0	0	2
310505000	8	WIN	30	3	3	3	0
310505000	8	DET	30	3	1000	0	1281	1000
310642000	3	NBR	30	1	0	0	0	0
310642000	3	NBR	30	6	1	0	0	0
310642000	3	NBR	30	4	8	0	0	0
310642000	3	NBR	30	7	0	0	0	0
310642000	3	NBR	30	5	1	0	0	0
310642000	3	NBR	30	2	1	0	0	0
310642000	3	WIN	30	6	6	11	0
310642000	3	DET	30	6	1833	2793	2276	8189
310765000	2	NBR	30	1	0	0	0	0
310765000	2	NBR	30	6	1	0	0	0
310765000	2	NBR	30	3	1	0	0	1
310765000	2	NBR	30	5	2	0	0	0
310765000	2	WIN	30	4	4	4	0
310765000	2	DET	30	4	1000	707	1708	2207
310815000	7	NBR	30	6	1	0	0	0
310815000	7	NBR	30	3	1	0	0	0
310815000	7	NBR	30	4	7	0	0	0
310815000	7	NBR	30	9	1	0	0	0
310815000	7	NBR	30	10	2	0	0	0
310815000	7	WIN	30	5	5	12	0
310815000	7	DET	30	5	2400	2332	2034	7143
310907000	9	NBR	30	6	1	0	0	0
310907000	9	NBR	30	5	1	0	0	0
310907000	9	NBR	30	8	0	0	0	0
310907000	9	NBR	30	7	0	0	0	0
310907000	9	NBR	30	10	1	0	0	0
310907000	9	WIN	30	5	5	3	0
310907000	9	DET	30	5	600	489	2034	1594
310971000	5	NBR	30	6	1	0	0	0
310971000	5	NBR	30	3	1	0	0	0
310971000	5	NBR	30	9	2	0	0	0
310971000	5	NBR	30	8	0	0	0	0
310971000	5	NBR	30	2	2	0	0	0
310971000	5	WIN	30	5	5	6	0
310971000	5	DET	30	5	1200	748	2034	2721
313445000	8	TX	8
313510664	1	RX	8	8
315145296	3	EV	DIO	7
315326000	4	ATK	send	neighbor	23
315370040	3	EV	DIO	4
315370040	6	EV	DIO	4
315370040	7	EV	DIO	4
316954000	2	TX	10
316998408	1	RX	2	10
320065000	6	NBR	31	3	0	0	0	0
320065000	6	NBR	31	4	7	0	1	2
320065000	6	NBR	31	5	1	0	0	0
320065000	6	NBR	31	9	1	0	0	0
320065000	6	NBR	31	8	0	0	0	0
320065000	6	NBR	31	7	0	0	0	0
320065000	6	NBR	31	2	1	0	0	0
320065000	6	NBR	31	10	1	0	0	0
320065000	6	WIN	31	8	8	11	0
320065000	6	DET	31	8	1375	2175	2570	6964
320065000	6	ALERT	31	4	DIO	7	6964
320240000	10	NBR	31	6	1	0	0	0
320240000	10	NBR	31	9	1	0	0	0
320240000	10	BLOCK	7	expire	2	60
320240000	10	NBR	31	7	0	0	0	0
320240000	10	WIN	31	3	3	2	0
320240000	10	DET	31	3	666	471	1281	1269
320455000	10	TX	9
320505000	8	NBR	31	6	1	0	0	0
320505000	8	NBR	31	5	1	0	0	0
320505000	8	NBR	31	9	1	0	0	2
320505000	8	WIN	31	3	3	3	0
320505000	8	DET	31	3	1000	0	1281	1000
320530664	1	RX	10	9
320642000	3	NBR	31	1	0	0	0	0
320642000	3	NBR	31	6	1	0	0	0
320642000	3	NBR	31	4	8	0	0	0
320642000	3	NBR	31	7	1	0	0	0
320642000	3	NBR	31	5	1	0	0	0
320642000	3	NBR	31	2	1	0	0	0
320642000	3	WIN	31	6	6	12	0
320642000	3	DET	31	6	2000	2708	2276	8163
320677000	9	TX	9
320765000	2	NBR	31	1	0	0	0	0
320765000	2	NBR	31	6	1	0	0	0
320765000	2	NBR	31	3	0	0	0	1
320765000	2	NBR	31	5	2	0	0	0
320765000	2	WIN	31	4	4	3	0
320765000	2	DET	31	4	750	829	1708	2165
320776664	1	RX	9	9
320815000	7	NBR	31	6	1	0	0	0
320815000	7	NBR	31	3	0	0	0	0
320815000	7	NBR	31	4	7	0	0	0
320815000	7	NBR	31	9	1	0	0	0
320815000	7	NBR	31	10	2	0	0	0
320815000	7	WIN	31	5	5	11	0
320815000	7	DET	31	5	2200	2481	2034	7246
320907000	9	NBR	31	6	1	0	0	0
320907000	9	NBR	31	5	1	0	0	0
320907000	9	NBR	31	8	0	0	0	0
320907000	9	NBR	31	7	0	0	0	0
320907000	9	NBR	31	10	1	0	0	0
320907000	9	WIN	31	5	5	3	0
320907000	9	DET	31	5	600	489	2034	1594
320971000	5	NBR	31	6	1	0	0	0
320971000	5	NBR	31	3	0	0	0	0
320971000	5	NBR	31	9	2	0	0	0
320971000	5	NBR	31	8	0	0	0	0
320971000	5	NBR	31	2	1	0	0	0
320971000	5	WIN	31	5	5	4	0
320971000	5	DET	31	5	800	748	2034	2321
323650000	7	TX	9
323699664	1	RX	7	9
325012296	3	EV	DIO	2
325327000	4	ATK	send	neighbor	24
325367040	3	EV	DIO	4
325367040	6	EV	DIO	4
325367040	7	EV	DIO	4
325368040	4	TX	10
325383408	1	RX	4	10
326945000	6	TX	9
327000664	1	RX	6	9
329675000	3	TX	10
329684408	1	RX	3	10
330065000	6	NBR	32	3	0	0	0	0
330065000	6	NBR	32	4	7	0	1	2
330065000	6	NBR	32	5	1	0	0	0
330065000	6	NBR	32	9	0	0	0	0
330065000	6	NBR	32	8	0	0	0	0
330065000	6	NBR	32	7	0	0	0	0
330065000	6	NBR	32	2	1	0	0	0
330065000	6	NBR	32	10	1	0	0	0
330065000	6	WIN	32	8	8	10	0
330065000	6	DET	32	8	1250	2222	2570	6960
330065000	6	ALERT	32	4	DIO	7	6960
330065000	6	STAT	384	3	1	10	8	8
330240000	10	NBR	32	6	1	0	0	0
330240000	10	NBR	32	9	0	0	0	0
330240000	10	NBR	32	7	0	0	0	0
330240000	10	WIN	32	3	3	1	0
330240000	10	DET	32	3	333	471	1281	936
330240000	10	ALERT	32	6	DIO	1	936
330240000	10	BLOCK	6	temp	2	60
330240000	10	STAT	534	6	1	10	3	3
330505000	8	NBR	32	6	1	0	0	0
330505000	8	NBR	32	5	1	0	0	0
330505000	8	NBR	32	9	0	0	0	2
330505000	8	WIN	32	3	3	2	0
330505000	8	DET	32	3	666	471	1281	1269
330505000	8	STAT	533	5	1	9	3	3
330549000	1	RSTAT	92	3	0
330642000	3	NBR	32	1	0	0	0	0
330642000	3	NBR	32	6	1	0	0	0
330642000	3	NBR	32	4	8	0	0	0
330642000	3	NBR	32	7	1	0	0	0
330642000	3	NBR	32	5	1	0	0	0
330642000	3	NBR	32	2	2	0	0	0
330642000	3	WIN	32	6	6	13	0
330642000	3	DET	32	6	2166	2671	2276	8245
330642000	3	STAT	256	1	1	11	6	6
330765000	2	NBR	32	1	0	0	0	0
330765000	2	NBR	32	6	1	0	0	0
330765000	2	NBR	32	3	0	0	0	1
330765000	2	NBR	32	5	2	0	0	0
330765000	2	WIN	32	4	4	3	0
330765000	2	DET	32	4	750	829	1708	2165
330765000	2	STAT	275	1	1	11	4	4
330815000	7	NBR	32	6	1	0	0	0
330815000	7	NBR	32	3	0	0	0	0
330815000	7	NBR	32	4	7	0	0	0
330815000	7	NBR	32	9	0	0	0	0
330815000	7	NBR	32	10	2	0	0	0
330815000	7	WIN	32	5	5	10	0
330815000	7	DET	32	5	2000	2607	2034	7302
330815000	7	STAT	400	4	1	10	5	5
330907000	9	NBR	32	6	1	0	0	0
330907000	9	NBR	32	5	1	0	0	0
330907000	9	NBR	32	8	0	0	0	0
330907000	9	NBR	32	7	0	0	0	0
330907000	9	NBR	32	10	1	0	0	0
330907000	9	WIN	32	5	5	3	0
330907000	9	DET	32	5	600	489	2034	1594
330907000	9	STAT	524	6	1	10	5	5
330971000	5	NBR	32	6	1	0	0	0
330971000	5	NBR	32	3	0	0	0	0
330971000	5	NBR	32	9	1	0	0	0
330971000	5	NBR	32	8	0	0	0	0
330971000	5	NBR	32	2	1	0	0	0
330971000	5	WIN	32	5	5	3	0
330971000	5	DET	32	5	600	489	2034	1594
330971000	5	STAT	389	3	1	10	5	5
332921296	6	EV	DIO	8
335328000	4	ATK	send	neighbor	25
335342040	3	EV	DIO	4
335342040	6	EV	DIO	4
335342040	7	EV	DIO	4
337285000	5	TX	10
337329696	1	RX	5	10
338746296	5	EV	DIO	9
340065000	6	NBR	33	3	0	0	0	0
340065000	6	NBR	33	4	6	0	1	2
340065000	6	NBR	33	5	1	0	0	0
340065000	6	NBR	33	9	0	0	0	0
340065000	6	NBR	33	8	1	0	0	0
340065000	6	NBR	33	7	0	0	0	0
340065000	6	NBR	33	2	0	0	0	0
340065000	6	NBR	33	10	1	0	0	0
340065000	6	WIN	33	8	8	9	0
340065000	6	DET	33	8	1125	1899	2570	6005
340240000	10	NBR	33	6	1	0	0	1
340240000	10	NBR	33	9	0	0	0	0
340240000	10	NBR	33	7	0	0	0	0
340240000	10	WIN	33	3	3	1	0
340240000	10	DET	33	3	333	471	1281	936
340240000	10	ALERT	33	6	DIO	1	936
340240000	10	BLOCK	6	perm	2	0
340505000	8	NBR	33	6	1	0	0	0
340505000	8	NBR	33	5	1	0	0	0
340505000	8	NBR	33	9	0	0	0	2
340505000	8	WIN	33	3	3	2	0
340505000	8	DET	33	3	666	471	1281	1269
340642000	3	NBR	33	1	0	0	0	0
340642000	3	NBR	33	6	1	0	0	0
340642000	3	NBR	33	4	7	0	0	0
340642000	3	NBR	33	7	1	0	0	0
340642000	3	NBR	33	5	1	0	0	0
340642000	3	NBR	33	2	1	0	0	0
340642000	3	WIN	33	6	6	11	0
340642000	3	DET	33	6	1833	2339	2276	7156
340765000	2	NBR	33	1	0	0	0	0
340765000	2	NBR	33	6	1	0	0	0
340765000	2	BLOCK	3	expire	2	60
340765000	2	NBR	33	3	0	0	0	0
340765000	2	NBR	33	5	2	0	0	0
340765000	2	WIN	33	4	4	3	0
340765000	2	DET	33	4	750	829	1708	2165
340815000	7	NBR	33	6	1	0	0	0
340815000	7	NBR	33	3	0	0	0	0
340815000	7	NBR	33	4	6	0	0	0
340815000	7	NBR	33	9	0	0	0	0
340815000	7	NBR	33	10	1	0	0	0
340815000	7	WIN	33	5	5	8	0
340815000	7	DET	33	5	1600	2244	2034	6164
340907000	9	NBR	33	6	1	0	0	0
340907000	9	NBR	33	5	1	0	0	0
340907000	9	NBR	33	8	0	0	0	0
340907000	9	NBR	33	7	0	0	0	0
340907000	9	NBR	33	10	1	0	0	0
340907000	9	WIN	33	5	5	3	0
340907000	9	DET	33	5	600	489	2034	1594
340971000	5	NBR	33	6	1	0	0	0
340971000	5	NBR	33	3	0	0	0	0
340971000	5	NBR	33	9	1	0	0	0
340971000	5	NBR	33	8	0	0	0	0
340971000	5	NBR	33	2	0	0	0	0
340971000	5	WIN	33	5	5	2	0
340971000	5	DET	33	5	400	489	2034	1394
344125000	8	TX	9
344190664	1	RX	8	9
345329000	4	ATK	send	neighbor	26
345349040	3	EV	DIO	4
345349040	6	EV	DIO	4
345349040	7	EV	DIO	4
347252000	2	TX	11
347271408	1	RX	2	11
349775000	10	TX	10
349838696	1	RX	10	10
350065000	6	NBR	34	3	0	0	0	0
350065000	6	NBR	34	4	6	0	1	2
350065000	6	NBR	34	5	1	0	0	0
350065000	6	NBR	34	9	0	0	0	0
350065000	6	NBR	34	8	1	0	0	0
350065000	6	NBR	34	7	0	0	0	0
350065000	6	NBR	34	2	0	0	0	0
350065000	6	NBR	34	10	0	0	0	0
350065000	6	WIN	34	8	8	8	0
350065000	6	DET	34	8	1000	1936	2570	5975
350065000	6	ALERT	34	4	DIO	6	5975
350240000	10	NBR	34	6	1	0	0	2
350240000	10	NBR	34	9	0	0	0	0
350240000	10	NBR	34	7	0	0	0	0
350240000	10	WIN	34	3	3	1	0
350240000	10	DET	34	3	333	471	1281	936
350240000	10	ALERT	34	6	DIO	1	936
350505000	8	NBR	34	6	0	0	0	0
350505000	8	NBR	34	5	1	0	0	0
350505000	8	NBR	34	9	0	0	0	2
350505000	8	WIN	34	3	3	1	0
350505000	8	DET	34	3	333	471	1281	936
350505000	8	ALERT	34	5	DIO	1	936
350505000	8	BLOCK	5	perm	2	0
350617000	9	TX	10
350642000	3	NBR	34	1	0	0	0	0
350642000	3	NBR	34	6	0	0	0	0
350642000	3	NBR	34	4	7	0	0	0
350642000	3	NBR	34	7	1	0	0	0
350642000	3	NBR	34	5	1	0	0	0
350642000	3	NBR	34	2	1	0	0	0
350642000	3	WIN	34	6	6	10	0
350642000	3	DET	34	6	1666	2426	2276	7187
350695696	1	RX	9	10
350765000	2	NBR	34	1	0	0	0	0
350765000	2	NBR	34	6	0	0	0	0
350765000	2	NBR	34	3	0	0	0	0
350765000	2	NBR	34	5	1	0	0	0
350765000	2	WIN	34	4	4	1	0
350765000	2	DET	34	4	250	433	1708	989
350765000	2	ALERT	34	5	DIO	1	989
350765000	2	BLOCK	5	temp	2	60
350815000	7	NBR	34	6	0	0	0	0
350815000	7	NBR	34	3	0	0	0	0
350815000	7	NBR	34	4	6	0	0	0
350815000	7	NBR	34	9	0	0	0	0
350815000	7	NBR	34	10	0	0	0	0
350815000	7	WIN	34	5	5	6	0
350815000	7	DET	34	5	1200	2400	2034	6081
350907000	9	NBR	34	6	0	0	0	0
350907000	9	NBR	34	5	1	0	0	0
350907000	9	NBR	34	8	0	0	0	0
350907000	9	NBR	34	7	0	0	0	0
350907000	9	NBR	34	10	0	0	0	0
350907000	9	WIN	34	5	5	1	0
350907000	9	DET	34	5	200	400	2034	1013
350971000	5	NBR	34	6	0	0	0	0
350971000	5	NBR	34	3	0	0	0	0
350971000	5	NBR	34	9	1	0	0	0
350971000	5	NBR	34	8	0	0	0	0
350971000	5	NBR	34	2	0	0	0	0
350971000	5	WIN	34	5	5	1	0
350971000	5	DET	34	5	200	400	2034	1013
354550000	7	TX	10
354589696	1	RX	7	10
355096000	4	TX	11
355111408	1	RX	4	11
355330000	4	ATK	send	neighbor	27
355353040	3	EV	DIO	4
355353040	6	EV	DIO	4
355353040	7	EV	DIO	4
357141000	6	TX	10
357183696	1	RX	6	10
359012000	3	TX	11
359048408	1	RX	3	11
359579296	9	EV	DIO	10
360065000	6	NBR	35	3	0	0	0	0
360065000	6	NBR	35	4	6	0	1	2
360065000	6	NBR	35	5	0	0	0	0
360065000	6	NBR	35	9	0	0	0	0
360065000	6	NBR	35	8	1	0	0	0
360065000	6	NBR	35	7	0	0	0	0
360065000	6	NBR	35	2	0	0	0	0
360065000	6	NBR	35	10	0	0	0	0
360065000	6	WIN	35	8	8	7	0
360065000	6	DET	35	8	875	1964	2570	5922
360065000	6	ALERT	35	4	DIO	6	5922
360065000	6	STAT	384	3	1	11	8	8
360240000	10	NBR	35	6	0	0	0	2
360240000	10	NBR	35	9	0	0	0	0
360240000	10	NBR	35	7	0	0	0	0
360240000	10	WIN	35	3	3	0	0
360240000	10	DET	35	3	0	0	1281	0
360240000	10	STAT	531	6	1	11	3	3
360505000	8	NBR	35	6	0	0	0	0
360505000	8	NBR	35	5	0	0	0	2
360505000	8	NBR	35	9	0	0	0	2
360505000	8	WIN	35	3	3	0	0
360505000	8	DET	35	3	0	0	1281	0
360505000	8	STAT	531	5	1	10	3	3
360549000	1	RSTAT	101	3	0
360642000	3	NBR	35	1	0	0	0	0
360642000	3	NBR	35	6	0	0	0	0
360642000	3	NBR	35	4	7	0	0	0
360642000	3	NBR	35	7	1	0	0	0
360642000	3	NBR	35	5	0	0	0	0
360642000	3	NBR	35	2	1	0	0	0
360642000	3	WIN	35	6	6	9	0
360642000	3	DET	35	6	1500	2500	2276	7190
360642000	3	STAT	256	1	1	12	6	6
360765000	2	NBR	35	1	0	0	0	0
360765000	2	NBR	35	6	0	0	0	0
360765000	2	NBR	35	3	0	0	0	0
360765000	2	NBR	35	5	0	0	0	1
360765000	2	WIN	35	4	4	0	0
360765000	2	DET	35	4	0	0	1708	0
360765000	2	STAT	273	1	1	12	4	4
360815000	7	NBR	35	6	0	0	0	0
360815000	7	NBR	35	3	0	0	0	0
360815000	7	NBR	35	4	6	0	0	0
360815000	7	NBR	35	9	0	0	0	0
360815000	7	NBR	35	10	0	0	0	0
360815000	7	WIN	35	5	5	6	0
360815000	7	DET	35	5	1200	2400	2034	6081
360815000	7	STAT	395	4	1	11	5	5
360907000	9	NBR	35	6	0	0	0	0
360907000	9	NBR	35	5	0	0	0	0
360907000	9	NBR	35	8	0	0	0	0
360907000	9	NBR	35	7	0	0	0	0
360907000	9	NBR	35	10	1	0	0	0
360907000	9	WIN	35	5	5	1	0
360907000	9	DET	35	5	200	400	2034	1013
360907000	9	STAT	522	6	1	11	5	5
360971000	5	NBR	35	6	0	0	0	0
360971000	5	NBR	35	3	0	0	0	0
360971000	5	NBR	35	9	1	0	0	0
360971000	5	NBR	35	8	0	0	0	0
360971000	5	NBR	35	2	0	0	0	0
360971000	5	WIN	35	5	5	1	0
360971000	5	DET	35	5	200	400	2034	1013
360971000	5	STAT	387	3	1	11	5	5
361289296	7	EV	DIO	4
364717296	2	EV	DIO	3
365331000	4	ATK	send	neighbor	28
365359040	3	EV	DIO	4
365359040	6	EV	DIO	4
365359040	7	EV	DIO	4
366637000	5	TX	11
366656696	1	RX	5	11
370065000	6	NBR	36	3	0	0	0	0
370065000	6	NBR	36	4	6	0	1	2
370065000	6	NBR	36	5	0	0	0	0
370065000	6	NBR	36	9	0	0	0	0
370065000	6	NBR	36	8	1	0	0	0
370065000	6	NBR	36	7	0	0	0	0
370065000	6	NBR	36	2	0	0	0	0
370065000	6	NBR	36	10	0	0	0	0
370065000	6	WIN	36	8	8	7	0
370065000	6	DET	36	8	875	1964	2570	5922
370065000	6	ALERT	36	4	DIO	6	5922
370240000	10	NBR	36	6	0	0	0	2
370240000	10	NBR	36	9	0	0	0	0
370240000	10	NBR	36	7	0	0	0	0
370240000	10	WIN	36	3	3	0	0
370240000	10	DET	36	3	0	0	1281	0
370505000	8	NBR	36	6	0	0	0	0
370505000	8	NBR	36	5	0	0	0	2
370505000	8	NBR	36	9	0	0	0	2
370505000	8	WIN	36	3	3	0	0
370505000	8	DET	36	3	0	0	1281	0
370642000	3	NBR	36	1	0	0	0	0
370642000	3	NBR	36	6	0	0	0	0
370642000	3	NBR	36	4	6	0	0	0
370642000	3	NBR	36	7	1	0	0	0
370642000	3	NBR	36	5	0	0	0	0
370642000	3	NBR	36	2	1	0	0	0
370642000	3	WIN	36	6	6	8	0
370642000	3	DET	36	6	1333	2134	2276	6189
370765000	2	NBR	36	1	0	0	0	0
370765000	2	NBR	36	6	0	0	0	0
370765000	2	NBR	36	3	1	0	0	0
370765000	2	NBR	36	5	0	0	0	1
370765000	2	WIN	36	4	4	1	0
370765000	2	DET	36	4	250	433	1708	989
370765000	2	ALERT	36	3	DIO	1	989
370765000	2	BLOCK	3	perm	2	0
370815000	7	NBR	36	6	0	0	0	0
370815000	7	NBR	36	3	0	0	0	0
370815000	7	NBR	36	4	7	0	0	0
370815000	7	NBR	36	9	0	0	0	0
370815000	7	NBR	36	10	0	0	0	0
370815000	7	WIN	36	5	5	7	0
370815000	7	DET	36	5	1400	2800	2034	7095
370907000	9	NBR	36	6	0	0	0	0
370907000	9	NBR	36	5	0	0	0	0
370907000	9	NBR	36	8	0	0	0	0
370907000	9	NBR	36	7	0	0	0	0
370907000	9	NBR	36	10	1	0	0	0
370907000	9	WIN	36	5	5	1	0
370907000	9	DET	36	5	200	400	2034	1013
370971000	5	NBR	36	6	0	0	0	0
370971000	5	NBR	36	3	0	0	0	0
370971000	5	NBR	36	9	1	0	0	0
370971000	5	NBR	36	8	0	0	0	0
370971000	5	NBR	36	2	0	0	0	0
370971000	5	WIN	36	5	5	1	0
370971000	5	DET	36	5	200	400	2034	1013
373591000	8	TX	10
373672696	1	RX	8	10
373836296	6	EV	DIO	7
375332000	4	ATK	send	neighbor	29
375360040	3	EV	DIO	4
375360040	6	EV	DIO	4
375360040	7	EV	DIO	4
376469000	2	TX	12
376480408	1	RX	2	12
379076000	10	TX	11
379157696	1	RX	10	11
380065000	6	NBR	37	3	0	0	0	0
380065000	6	NBR	37	4	6	0	1	2
380065000	6	NBR	37	5	0	0	0	0
380065000	6	NBR	37	9	0	0	0	0
380065000	6	NBR	37	8	1	0	0	0
380065000	6	NBR	37	7	1	0	0	0
380065000	6	NBR	37	2	0	0	0	0
380065000	6	NBR	37	10	0	0	0	0
380065000	6	WIN	37	8	8	8	0
380065000	6	DET	37	8	1000	1936	2570	5975
380065000	6	ALERT	37	4	DIO	6	5975
380240000	10	NBR	37	6	0	0	0	2
380240000	10	NBR	37	9	0	0	0	0
380240000	10	NBR	37	7	0	0	0	0
380240000	10	WIN	37	3	3	0	0
380240000	10	DET	37	3	0	0	1281	0
380505000	8	NBR	37	6	0	0	0	0
380505000	8	NBR	37	5	0	0	0	2
380505000	8	NBR	37	9	0	0	0	2
380505000	8	WIN	37	3	3	0	0
380505000	8	DET	37	3	0	0	1281	0
380642000	3	NBR	37	1	0	0	0	0
380642000	3	NBR	37	6	0	0	0	0
380642000	3	NBR	37	4	6	0	0	0
380642000	3	NBR	37	7	0	0	0	0
380642000	3	NBR	37	5	0	0	0	0
380642000	3	NBR	37	2	1	0	0	0
380642000	3	WIN	37	6	6	7	0
380642000	3	DET	37	6	1166	2192	2276	6154
380765000	2	NBR	37	1	0	0	0	0
380765000	2	NBR	37	6	0	0	0	0
380765000	2	NBR	37	3	1	0	0	2
380765000	2	NBR	37	5	0	0	0	1
380765000	2	WIN	37	4	4	1	0
380765000	2	DET	37	4	250	433	1708	989
380765000	2	ALERT	37	3	DIO	1	989
380815000	7	NBR	37	6	0	0	0	0
380815000	7	NBR	37	3	0	0	0	0
380815000	7	NBR	37	4	7	0	0	0
380815000	7	NBR	37	9	0	0	0	0
380815000	7	NBR	37	10	0	0	0	0
380815000	7	WIN	37	5	5	7	0
380815000	7	DET	37	5	1400	2800	2034	7095
380907000	9	NBR	37	6	0	0	0	0
380907000	9	NBR	37	5	0	0	0	0
380907000	9	NBR	37	8	0	0	0	0
380907000	9	NBR	37	7	0	0	0	0
380907000	9	NBR	37	10	1	0	0	0
380907000	9	WIN	37	5	5	1	0
380907000	9	DET	37	5	200	400	2034	1013
380971000	5	NBR	37	6	0	0	0	0
380971000	5	NBR	37	3	0	0	0	0
380971000	5	NBR	37	9	1	0	0	0
380971000	5	NBR	37	8	0	0	0	0
380971000	5	NBR	37	2	0	0	0	0
380971000	5	WIN	37	5	5	1	0
380971000	5	DET	37	5	200	400	2034	1013
381046000	9	TX	11
381114696	1	RX	9	11
384846000	7	TX	11
384897696	1	RX	7	11
385333000	4	ATK	send	neighbor	30
385360040	3	EV	DIO	4
385360040	6	EV	DIO	4
385360040	7	EV	DIO	4
385627296	2	EV	DIO	5
385765000	4	TX	12
385779408	1	RX	4	12
388123000	6	TX	11
388185696	1	RX	6	11
389577000	3	TX	12
389614408	1	RX	3	12
390065000	6	NBR	38	3	0	0	0	0
390065000	6	NBR	38	4	6	0	1	2
390065000	6	NBR	38	5	0	0	0	0
390065000	6	NBR	38	9	0	0	0	0
390065000	6	NBR	38	8	1	0	0	0
390065000	6	NBR	38	7	1	0	0	0
390065000	6	NBR	38	2	0	0	0	0
390065000	6	NBR	38	10	0	0	0	0
390065000	6	WIN	38	8	8	8	0
390065000	6	DET	38	8	1000	1936	2570	5975
390065000	6	ALERT	38	4	DIO	6	5975
390065000	6	STAT	384	3	1	12	8	8
390240000	10	NBR	38	6	0	0	0	2
390240000	10	NBR	38	9	0	0	0	0
390240000	10	NBR	38	7	0	0	0	0
390240000	10	WIN	38	3	3	0	0
390240000	10	DET	38	3	0	0	1281	0
390240000	10	STAT	529	6	1	12	3	3
390505000	8	NBR	38	6	0	0	0	0
390505000	8	NBR	38	5	0	0	0	2
390505000	8	NBR	38	9	0	0	0	2
390505000	8	WIN	38	3	3	0	0
390505000	8	DET	38	3	0	0	1281	0
390505000	8	STAT	529	5	1	11	3	3
390549000	1	RSTAT	110	3	0
390642000	3	NBR	38	1	0	0	0	0
390642000	3	NBR	38	6	0	0	0	0
390642000	3	NBR	38	4	6	0	0	0
390642000	3	NBR	38	7	0	0	0	0
390642000	3	NBR	38	5	0	0	0	0
390642000	3	NBR	38	2	0	0	0	0
390642000	3	WIN	38	6	6	6	0
390642000	3	DET	38	6	1000	2236	2276	6089
390642000	3	STAT	256	1	1	13	6	6
390765000	2	NBR	38	1	0	0	0	0
390765000	2	NBR	38	6	0	0	0	0
390765000	2	NBR	38	3	1	0	0	2
390765000	2	NBR	38	5	1	0	1	1
390765000	2	WIN	38	4	4	2	0
390765000	2	DET	38	4	500	500	1708	1354
390765000	2	STAT	271	1	1	13	4	4
390815000	7	NBR	38	6	0	0	0	0
390815000	7	NBR	38	3	0	0	0	0
390815000	7	NBR	38	4	7	0	0	0
390815000	7	NBR	38	9	0	0	0	0
390815000	7	NBR	38	10	0	0	0	0
390815000	7	WIN	38	5	5	7	0
390815000	7	DET	38	5	1400	2800	2034	7095
390815000	7	STAT	393	4	1	12	5	5
390907000	9	NBR	38	6	0	0	0	0
390907000	9	NBR	38	5	0	0	0	0
390907000	9	NBR	38	8	0	0	0	0
390907000	9	NBR	38	7	0	0	0	0
390907000	9	NBR	38	10	1	0	0	0
390907000	9	WIN	38	5	5	1	0
390907000	9	DET	38	5	200	400	2034	1013
390907000	9	STAT	521	6	1	12	5	5
390971000	5	NBR	38	6	0	0	0	0
390971000	5	NBR	38	3	0	0	0	0
390971000	5	NBR	38	9	1	0	0	0
390971000	5	NBR	38	8	0	0	0	0
390971000	5	NBR	38	2	0	0	0	0
390971000	5	WIN	38	5	5	1	0
390971000	5	DET	38	5	200	400	2034	1013
390971000	5	STAT	385	3	1	12	5	5
391544296	3	EV	DIO	2
392527296	7	EV	DIO	9
395334000	4	ATK	send	neighbor	31
395354040	3	EV	DIO	4
395354040	6	EV	DIO	4
395354040	7	EV	DIO	4
396233000	5	TX	12
396301696	1	RX	5	12
400065000	6	NBR	39	3	0	0	0	0
400065000	6	NBR	39	4	6	0	1	2
400065000	6	NBR	39	5	0	0	0	0
400065000	6	NBR	39	9	0	0	0	0
400065000	6	NBR	39	8	0	0	0	0
400065000	6	NBR	39	7	1	0	0	0
400065000	6	NBR	39	2	0	0	0	0
400065000	6	NBR	39	10	0	0	0	0
400065000	6	WIN	39	8	8	7	0
400065000	6	DET	39	8	875	1964	2570	5922
400065000	6	ALERT	39	4	DIO	6	5922
400240000	10	NBR	39	6	0	0	0	2
400240000	10	NBR	39	9	0	0	0	0
400240000	10	NBR	39	7	0	0	0	0
400240000	10	WIN	39	3	3	0	0
400240000	10	DET	39	3	0	0	1281	0
400505000	8	NBR	39	6	0	0	0	0
400505000	8	NBR	39	5	0	0	0	2
400505000	8	NBR	39	9	0	0	0	2
400505000	8	WIN	39	3	3	0	0
400505000	8	DET	39	3	0	0	1281	0
400642000	3	NBR	39	1	0	0	0	0
400642000	3	NBR	39	6	0	0	0	0
400642000	3	NBR	39	4	6	0	0	0
400642000	3	NBR	39	7	0	0	0	0
400642000	3	NBR	39	5	0	0	0	0
400642000	3	NBR	39	2	1	0	0	0
400642000	3	WIN	39	6	6	7	0
400642000	3	DET	39	6	1166	2192	2276	6154
400765000	2	NBR	39	1	0	0	0	0
400765000	2	NBR	39	6	0	0	0	0
400765000	2	NBR	39	3	1	0	0	2
400765000	2	NBR	39	5	1	0	0	1
400765000	2	WIN	39	4	4	2	0
400765000	2	DET	39	4	500	500	1708	1354
400815000	7	NBR	39	6	0	0	0	0
400815000	7	NBR	39	3	0	0	0	0
400815000	7	NBR	39	4	7	0	0	0
400815000	7	NBR	39	9	1	0	0	0
400815000	7	NBR	39	10	0	0	0	0
400815000	7	WIN	39	5	5	8	0
400815000	7	DET	39	5	1600	2727	2034	7146
400907000	9	NBR	39	6	0	0	0	0
400907000	9	NBR	39	5	0	0	0	0
400907000	9	NBR	39	8	0	0	0	0
400907000	9	NBR	39	7	0	0	0	0
400907000	9	NBR	39	10	1	0	0	0
400907000	9	WIN	39	5	5	1	0
400907000	9	DET	39	5	200	400	2034	1013
400971000	5	NBR	39	6	0	0	0	0
400971000	5	NBR	39	3	0	0	0	0
400971000	5	NBR	39	9	0	0	0	0
400971000	5	NBR	39	8	0	0	0	0
400971000	5	NBR	39	2	0	0	0	0
400971000	5	WIN	39	5	5	0	0
400971000	5	DET	39	5	0	0	2034	0
403155000	8	TX	11
403203696	1	RX	8	11
405176296	6	EV	DIO	8
405335000	4	ATK	send	neighbor	32
405355040	3	EV	DIO	4
405355040	6	EV	DIO	4
405355040	7	EV	DIO	4
405515000	2	TX	13
405536408	1	RX	2	13
409609000	10	TX	12
409672696	1	RX	10	12
410065000	6	NBR	40	3	0	0	0	0
410065000	6	NBR	40	4	6	0	1	2
410065000	6	NBR	40	5	0	0	0	0
410065000	6	NBR	40	9	0	0	0	0
410065000	6	NBR	40	8	1	0	0	0
410065000	6	NBR	40	7	1	0	0	0
410065000	6	NBR	40	2	0	0	0	0
410065000	6	NBR	40	10	0	0	0	0
410065000	6	WIN	40	8	8	8	0
410065000	6	DET	40	8	1000	1936	2570	5975
410065000	6	ALERT	40	4	DIO	6	5975
410240000	10	NBR	40	6	0	0	0	2
410240000	10	NBR	40	9	0	0	0	0
410240000	10	NBR	40	7	0	0	0	0
410240000	10	WIN	40	3	3	0	0
410240000	10	DET	40	3	0	0	1281	0
410505000	8	NBR	40	6	0	0	0	0
410505000	8	NBR	40	5	0	0	0	2
410505000	8	NBR	40	9	0	0	0	2
410505000	8	WIN	40	3	3	0	0
410505000	8	DET	40	3	0	0	1281	0
410642000	3	NBR	40	1	0	0	0	0
410642000	3	NBR	40	6	0	0	0	0
410642000	3	NBR	40	4	6	0	0	0
410642000	3	NBR	40	7	0	0	0	0
410642000	3	NBR	40	5	0	0	0	0
410642000	3	NBR	40	2	1	0	0	0
410642000	3	WIN	40	6	6	7	0
410642000	3	DET	40	6	1166	2192	2276	6154
410765000	2	NBR	40	1	0	0	0	0
410765000	2	NBR	40	6	0	0	0	0
410765000	2	NBR	40	3	1	0	0	2
410765000	2	BLOCK	5	expire	2	60
410765000	2	NBR	40	5	1	0	0	0
410765000	2	WIN	40	4	4	2	0
410765000	2	DET	40	4	500	500	1708	1354
410815000	7	NBR	40	6	0	0	0	0
410815000	7	NBR	40	3	0	0	0	0
410815000	7	NBR	40	4	7	0	0	0
410815000	7	NBR	40	9	1	0	0	0
410815000	7	NBR	40	10	0	0	0	0
410815000	7	WIN	40	5	5	8	0
410815000	7	DET	40	5	1600	2727	2034	7146
410907000	9	NBR	40	6	0	0	0	0
410907000	9	NBR	40	5	0	0	0	0
410907000	9	NBR	40	8	0	0	0	0
410907000	9	NBR	40	7	0	0	0	0
410907000	9	NBR	40	10	1	0	0	0
410907000	9	WIN	40	5	5	1	0
410907000	9	DET	40	5	200	400	2034	1013
410971000	5	NBR	40	6	0	0	0	0
410971000	5	NBR	40	3	0	0	0	0
410971000	5	NBR	40	9	0	0	0	0
410971000	5	NBR	40	8	0	0	0	0
410971000	5	NBR	40	2	0	0	0	0
410971000	5	WIN	40	5	5	0	0
410971000	5	DET	40	5	0	0	2034	0
411692000	9	TX	12
411775696	1	RX	9	12
414784000	4	TX	13
414825408	1	RX	4	13
415336000	4	ATK	send	neighbor	33
415377040	3	EV	DIO	4
415377040	6	EV	DIO	4
415377040	7	EV	DIO	4
415510000	7	TX	12
415578696	1	RX	7	12
418593000	6	TX	12
418627696	1	RX	6	12
420065000	6	NBR	41	3	0	0	0	0
420065000	6	NBR	41	4	6	0	1	2
420065000	6	NBR	41	5	0	0	0	0
420065000	6	NBR	41	9	0	0	0	0
420065000	6	NBR	41	8	1	0	0	0
420065000	6	NBR	41	7	1	0	0	0
420065000	6	NBR	41	2	0	0	0	0
420065000	6	NBR	41	10	0	0	0	0
420065000	6	WIN	41	8	8	8	0
420065000	6	DET	41	8	1000	1936	2570	5975
420065000	6	ALERT	41	4	DIO	6	5975
420065000	6	STAT	384	3	1	13	8	8
420240000	10	NBR	41	6	0	0	0	2
420240000	10	NBR	41	9	0	0	0	0
420240000	10	NBR	41	7	0	0	0	0
420240000	10	WIN	41	3	3	0	0
420240000	10	DET	41	3	0	0	1281	0
420240000	10	STAT	527	6	1	13	3	3
420484000	3	TX	13
420490408	1	RX	3	13
420505000	8	NBR	41	6	0	0	0	0
420505000	8	NBR	41	5	0	0	0	2
420505000	8	NBR	41	9	0	0	0	2
420505000	8	WIN	41	3	3	0	0
420505000	8	DET	41	3	0	0	1281	0
420505000	8	STAT	528	5	1	12	3	3
420549000	1	RSTAT	119	3	0
420642000	3	NBR	41	1	0	0	0	0
420642000	3	NBR	41	6	0	0	0	0
420642000	3	NBR	41	4	6	0	0	0
420642000	3	NBR	41	7	0	0	0	0
420642000	3	NBR	41	5	0	0	0	0
420642000	3	NBR	41	2	1	0	0	0
420642000	3	WIN	41	6	6	7	0
420642000	3	DET	41	6	1166	2192	2276	6154
420642000	3	STAT	256	1	1	14	6	6
420765000	2	NBR	41	1	0	0	0	0
420765000	2	NBR	41	6	0	0	0	0
420765000	2	NBR	41	3	1	0	0	2
420765000	2	NBR	41	5	1	0	0	0
420765000	2	WIN	41	4	4	2	0
420765000	2	DET	41	4	500	500	1708	1354
420765000	2	STAT	269	1	1	14	4	4
420815000	7	NBR	41	6	0	0	0	0
420815000	7	NBR	41	3	0	0	0	0
420815000	7	NBR	41	4	7	0	0	0
420815000	7	NBR	41	9	1	0	0	0
420815000	7	NBR	41	10	0	0	0	0
420815000	7	WIN	41	5	5	8	0
420815000	7	DET	41	5	1600	2727	2034	7146
420815000	7	STAT	392	4	1	13	5	5
420907000	9	NBR	41	6	0	0	0	0
420907000	9	NBR	41	5	0	0	0	0
420907000	9	NBR	41	8	0	0	0	0
420907000	9	NBR	41	7	0	0	0	0
420907000	9	NBR	41	10	0	0	0	0
420907000	9	WIN	41	5	5	0	0
420907000	9	DET	41	5	0	0	2034	0
420907000	9	STAT	520	6	1	13	5	5
420971000	5	NBR	41	6	0	0	0	0
420971000	5	NBR	41	3	0	0	0	0
420971000	5	NBR	41	9	0	0	0	0
420971000	5	NBR	41	8	0	0	0	0
420971000	5	NBR	41	2	0	0	0	0
420971000	5	WIN	41	5	5	0	0
420971000	5	DET	41	5	0	0	2034	0
420971000	5	STAT	384	3	1	13	5	5
425337000	4	ATK	send	neighbor	34
425356040	3	EV	DIO	4
425356040	6	EV	DIO	4
425356040	7	EV	DIO	4
426209000	5	TX	13
426229696	1	RX	5	13
428103040	2	EV	DIO	1
428103040	3	EV	DIO	1
428683040	3	EV	DIO	2
428683040	5	EV	DIO	2
428683040	6	EV	DIO	2
430065000	6	NBR	42	3	0	0	0	0
430065000	6	NBR	42	4	6	0	1	2
430065000	6	NBR	42	5	0	0	0	0
430065000	6	NBR	42	9	0	0	0	0
430065000	6	NBR	42	8	1	0	0	0
430065000	6	NBR	42	7	1	0	0	0
430065000	6	NBR	42	2	1	0	0	0
430065000	6	NBR	42	10	0	0	0	0
430065000	6	WIN	42	8	8	9	0
430065000	6	DET	42	8	1125	1899	2570	6005
430240000	10	NBR	42	6	0	0	0	2
430240000	10	NBR	42	9	0	0	0	0
430240000	10	NBR	42	7	0	0	0	0
430240000	10	WIN	42	3	3	0	0
430240000	10	DET	42	3	0	0	1281	0
430505000	8	NBR	42	6	0	0	0	0
430505000	8	NBR	42	5	0	0	0	2
430505000	8	NBR	42	9	0	0	0	2
430505000	8	WIN	42	3	3	0	0
430505000	8	DET	42	3	0	0	1281	0
430642000	3	NBR	42	1	1	0	0	0
430642000	3	NBR	42	6	0	0	0	0
430642000	3	NBR	42	4	6	0	0	0
430642000	3	NBR	42	7	0	0	0	0
430642000	3	NBR	42	5	0	0	0	0
430642000	3	NBR	42	2	2	0	0	0
430642000	3	WIN	42	6	6	9	0
430642000	3	DET	42	6	1500	2140	2276	6370
430765000	2	NBR	42	1	1	0	0	0
430765000	2	NBR	42	6	0	0	0	0
430765000	2	NBR	42	3	0	0	0	2
430765000	2	NBR	42	5	1	0	0	0
430765000	2	WIN	42	4	4	2	0
430765000	2	DET	42	4	500	500	1708	1354
430815000	7	NBR	42	6	0	0	0	0
430815000	7	NBR	42	3	0	0	0	0
430815000	7	NBR	42	4	6	0	0	0
430815000	7	NBR	42	9	1	0	0	0
430815000	7	NBR	42	10	0	0	0	0
430815000	7	WIN	42	5	5	7	0
430815000	7	DET	42	5	1400	2332	2034	6143
430907000	9	NBR	42	6	0	0	0	0
430907000	9	NBR	42	5	0	0	0	0
430907000	9	NBR	42	8	0	0	0	0
430907000	9	NBR	42	7	0	0	0	0
430907000	9	NBR	42	10	0	0	0	0
430907000	9	WIN	42	5	5	0	0
430907000	9	DET	42	5	0	0	2034	0
430971000	5	NBR	42	6	0	0	0	0
430971000	5	NBR	42	3	0	0	0	0
430971000	5	NBR	42	9	0	0	0	0
430971000	5	NBR	42	8	0	0	0	0
430971000	5	NBR	42	2	1	0	0	0
430971000	5	WIN	42	5	5	1	0
430971000	5	DET	42	5	200	400	2034	1013
432399000	8	TX	12
432452696	1	RX	8	12
435321040	3	EV	DIO	4
435321040	6	EV	DIO	4
435321040	7	EV	DIO	4
435338000	4	ATK	send	neighbor	35
435373040	3	EV	DIO	4
435373040	6	EV	DIO	4
435373040	7	EV	DIO	4
435508296	2	EV	DIO	3
436420000	2	TX	14
436425408	1	RX	2	14
438643040	2	EV	DIO	6
438643040	3	EV	DIO	6
438643040	5	EV	DIO	6
438643040	7	EV	DIO	6
438643040	8	EV	DIO	6
438643040	9	EV	DIO	6
438643040	10	EV	DIO	6
440065000	6	NBR	43	3	0	0	0	0
440065000	6	NBR	43	4	7	0	2	2
440065000	6	NBR	43	5	0	0	0	0
440065000	6	NBR	43	9	0	0	0	0
440065000	6	NBR	43	8	1	0	0	0
440065000	6	NBR	43	7	0	0	0	0
440065000	6	NBR	43	2	1	0	0	0
440065000	6	NBR	43	10	0	0	0	0
440065000	6	WIN	43	8	8	9	0
440065000	6	DET	43	8	1125	2260	2570	6933
440065000	6	ALERT	43	4	DIO	7	6933
440221040	2	EV	DIO	5
440221040	3	EV	DIO	5
440221040	6	EV	DIO	5
440221040	8	EV	DIO	5
440221040	9	EV	DIO	5
440240000	10	NBR	43	6	1	0	1	2
440240000	10	NBR	43	9	0	0	0	0
440240000	10	NBR	43	7	0	0	0	0
440240000	10	WIN	43	3	3	1	0
440240000	10	DET	43	3	333	471	1281	936
440240000	10	ALERT	43	6	DIO	1	936
440505000	8	NBR	43	6	1	0	0	0
440505000	8	NBR	43	5	1	0	1	2
440505000	8	NBR	43	9	0	0	0	2
440505000	8	WIN	43	3	3	2	0
440505000	8	DET	43	3	666	471	1281	1269
440509000	10	TX	13
440581696	1	RX	10	13
440642000	3	NBR	43	1	1	0	0	0
440642000	3	NBR	43	6	1	0	0	0
440642000	3	NBR	43	4	7	0	0	0
440642000	3	NBR	43	7	0	0	0	0
440642000	3	NBR	43	5	1	0	0	0
440642000	3	NBR	43	2	2	0	0	0
440642000	3	WIN	43	6	6	12	0
440642000	3	DET	43	6	2000	2309	2276	7255
440765000	2	NBR	43	1	1	0	0	0
440765000	2	NBR	43	6	1	0	0	0
440765000	2	NBR	43	3	1	0	1	2
440765000	2	NBR	43	5	2	0	0	0
440765000	2	WIN	43	4	4	5	0
440765000	2	DET	43	4	1250	433	1708	1989
440765000	2	ALERT	43	5	DIO	2	1989
440765000	2	BLOCK	5	perm	2	0
440815000	7	NBR	43	6	1	0	0	0
440815000	7	NBR	43	3	0	0	0	0
440815000	7	NBR	43	4	7	0	0	0
440815000	7	NBR	43	9	1	0	0	0
440815000	7	NBR	43	10	0	0	0	0
440815000	7	WIN	43	5	5	9	0
440815000	7	DET	43	5	1800	2638	2034	7165
440907000	9	NBR	43	6	1	0	0	0
440907000	9	NBR	43	5	1	0	0	0
440907000	9	NBR	43	8	0	0	0	0
440907000	9	NBR	43	7	0	0	0	0
440907000	9	NBR	43	10	0	0	0	0
440907000	9	WIN	43	5	5	2	0
440907000	9	DET	43	5	400	489	2034	1394
440971000	5	NBR	43	6	1	0	0	0
440971000	5	NBR	43	3	0	0	0	0
440971000	5	NBR	43	9	0	0	0	0
440971000	5	NBR	43	8	0	0	0	0
440971000	5	NBR	43	2	1	0	0	0
440971000	5	WIN	43	5	5	2	0
440971000	5	DET	43	5	400	489	2034	1394
441215000	9	TX	13
441280696	1	RX	9	13
445339000	4	ATK	send	neighbor	36
445355040	3	EV	DIO	4
445355040	6	EV	DIO	4
445355040	7	EV	DIO	4
445650000	4	TX	14
445668408	1	RX	4	14
446402000	7	TX	13
446463696	1	RX	7	13
449072000	6	TX	13
449113696	1	RX	6	13
450065000	6	NBR	44	3	0	0	0	0
450065000	6	NBR	44	4	7	0	1	2
450065000	6	NBR	44	5	1	0	0	0
450065000	6	NBR	44	9	0	0	0	0
450065000	6	NBR	44	8	1	0	0	0
450065000	6	NBR	44	7	0	0	0	0
450065000	6	NBR	44	2	1	0	0	0
450065000	6	NBR	44	10	0	0	0	0
450065000	6	WIN	44	8	8	10	0
450065000	6	DET	44	8	1250	2222	2570	6960
450065000	6	ALERT	44	4	DIO	7	6960
450065000	6	STAT	384	3	1	14	8	8
450240000	10	NBR	44	6	1	0	0	2
450240000	10	NBR	44	9	0	0	0	0
450240000	10	NBR	44	7	0	0	0	0
450240000	10	WIN	44	3	3	1	0
450240000	10	DET	44	3	333	471	1281	936
450240000	10	ALERT	44	6	DIO	1	936
450240000	10	STAT	525	6	1	14	3	3
450505000	8	NBR	44	6	1	0	0	0
450505000	8	NBR	44	5	1	0	0	2
450505000	8	NBR	44	9	0	0	0	2
450505000	8	WIN	44	3	3	2	0
450505000	8	DET	44	3	666	471	1281	1269
450505000	8	STAT	527	5	1	13	3	3
450549000	1	RSTAT	127	3	0
450601000	3	TX	14
450644408	1	RX	3	14
450645408	3	NBR	44	1	1	0	0	0
450645408	3	NBR	44	6	1	0	0	0
450645408	3	NBR	44	4	7	0	0	0
450645408	3	NBR	44	7	0	0	0	0
450645408	3	NBR	44	5	1	0	0	0
450645408	3	NBR	44	2	2	0	0	0
450645408	3	WIN	44	6	6	12	0
450645408	3	DET	44	6	2000	2309	2276	7255
450645408	3	STAT	256	1	1	15	6	6
450765000	2	NBR	44	1	1	0	0	0
450765000	2	NBR	44	6	1	0	0	0
450765000	2	NBR	44	3	1	0	0	2
450765000	2	NBR	44	5	1	0	0	2
450765000	2	WIN	44	4	4	4	0
450765000	2	DET	44	4	1000	0	1708	1000
450765000	2	STAT	267	1	1	15	4	4
450815000	7	NBR	44	6	1	0	0	0
450815000	7	NBR	44	3	0	0	0	0
450815000	7	NBR	44	4	7	0	0	0
450815000	7	NBR	44	9	1	0	0	0
450815000	7	NBR	44	10	0	0	0	0
450815000	7	WIN	44	5	5	9	0
450815000	7	DET	44	5	1800	2638	2034	7165
450815000	7	STAT	391	4	1	14	5	5
450907000	9	NBR	44	6	1	0	0	0
450907000	9	NBR	44	5	1	0	0	0
450907000	9	NBR	44	8	0	0	0	0
450907000	9	NBR	44	7	0	0	0	0
450907000	9	NBR	44	10	0	0	0	0
450907000	9	WIN	44	5	5	2	0
450907000	9	DET	44	5	400	489	2034	1394
450907000	9	STAT	519	6	1	14	5	5
450971000	5	NBR	44	6	1	0	0	0
450971000	5	NBR	44	3	0	0	0	0
450971000	5	NBR	44	9	0	0	0	0
450971000	5	NBR	44	8	0	0	0	0
450971000	5	NBR	44	2	1	0	0	0
450971000	5	WIN	44	5	5	2	0
450971000	5	DET	44	5	400	489	2034	1394
450971000	5	STAT	384	3	1	14	5	5
452640296	5	EV	DIO	6
455340000	4	ATK	send	neighbor	37
455347040	3	EV	DIO	4
455347040	6	EV	DIO	4
455347040	7	EV	DIO	4
456500040	6	EV	DIO	10
456500040	7	EV	DIO	10
456500040	9	EV	DIO	10
456920296	9	EV	DIO	7
456991000	5	TX	14
457041696	1	RX	5	14
460065000	6	NBR	45	3	0	0	0	0
460065000	6	NBR	45	4	7	0	1	2
460065000	6	NBR	45	5	1	0	0	0
460065000	6	NBR	45	9	0	0	0	0
460065000	6	NBR	45	8	1	0	0	0
460065000	6	NBR	45	7	0	0	0	0
460065000	6	NBR	45	2	1	0	0	0
460065000	6	NBR	45	10	1	0	0	0
460065000	6	WIN	45	8	8	11	0
460065000	6	DET	45	8	1375	2175	2570	6964
460065000	6	ALERT	45	4	DIO	7	6964
460240000	10	NBR	45	6	1	0	0	2
460240000	10	NBR	45	9	0	0	0	0
460240000	10	NBR	45	7	0	0	0	0
460240000	10	WIN	45	3	3	1	0
460240000	10	DET	45	3	333	471	1281	936
460240000	10	ALERT	45	6	DIO	1	936
460505000	8	NBR	45	6	1	0	0	0
460505000	8	NBR	45	5	1	0	0	2
460505000	8	NBR	45	9	0	0	0	2
460505000	8	WIN	45	3	3	2	0
460505000	8	DET	45	3	666	471	1281	1269
460642000	3	NBR	45	1	1	0	0	0
460642000	3	NBR	45	6	1	0	0	0
460642000	3	NBR	45	4	7	0	0	0
460642000	3	NBR	45	7	0	0	0	0
460642000	3	NBR	45	5	1	0	0	0
460642000	3	NBR	45	2	1	0	0	0
460642000	3	WIN	45	6	6	11	0
460642000	3	DET	45	6	1833	2339	2276	7156
460765000	2	NBR	45	1	1	0	0	0
460765000	2	NBR	45	6	1	0	0	0
460765000	2	NBR	45	3	1	0	0	2
460765000	2	NBR	45	5	1	0	0	2
460765000	2	WIN	45	4	4	4	0
460765000	2	DET	45	4	1000	0	1708	1000
460815000	7	NBR	45	6	1	0	0	0
460815000	7	NBR	45	3	0	0	0	0
460815000	7	NBR	45	4	7	0	0	0
460815000	7	NBR	45	9	0	0	0	0
460815000	7	NBR	45	10	1	0	0	0
460815000	7	WIN	45	5	5	9	0
460815000	7	DET	45	5	1800	2638	2034	7165
460907000	9	NBR	45	6	1	0	0	0
460907000	9	NBR	45	5	1	0	0	0
460907000	9	NBR	45	8	0	0	0	0
460907000	9	NBR	45	7	1	0	0	0
460907000	9	NBR	45	10	1	0	0	0
460907000	9	WIN	45	5	5	4	0
460907000	9	DET	45	5	800	400	2034	1613
460971000	5	NBR	45	6	2	0	0	0
460971000	5	NBR	45	3	0	0	0	0
460971000	5	NBR	45	9	0	0	0	0
460971000	5	NBR	45	8	0	0	0	0
460971000	5	NBR	45	2	1	0	0	0
460971000	5	WIN	45	5	5	3	0
460971000	5	DET	45	5	600	800	2034	2227
462461000	8	TX	13
462526696	1	RX	8	13
464281296	9	EV	DIO	5
464554296	3	EV	DIO	4
465341000	4	ATK	send	neighbor	38
465377040	3	EV	DIO	4
465377040	6	EV	DIO	4
465377040	7	EV	DIO	4
465674000	2	TX	15
465691408	1	RX	2	15
468661296	7	EV	DIO	10
469593000	10	TX	14
469649696	1	RX	10	14
470065000	6	NBR	46	3	0	0	0	0
470065000	6	NBR	46	4	7	0	1	2
470065000	6	NBR	46	5	1	0	0	0
470065000	6	NBR	46	9	0	0	0	0
470065000	6	NBR	46	8	0	0	0	0
470065000	6	NBR	46	7	0	0	0	0
470065000	6	NBR	46	2	1	0	0	0
470065000	6	NBR	46	10	1	0	0	0
470065000	6	WIN	46	8	8	10	0
470065000	6	DET	46	8	1250	2222	2570	6960
470065000	6	ALERT	46	4	DIO	7	6960
470240000	10	NBR	46	6	1	0	0	2
470240000	10	NBR	46	9	0	0	0	0
470240000	10	NBR	46	7	0	0	0	0
470240000	10	WIN	46	3	3	1	0
470240000	10	DET	46	3	333	471	1281	936
470240000	10	ALERT	46	6	DIO	1	936
470341000	9	TX	14
470446696	1	RX	9	14
470505000	8	NBR	46	6	1	0	0	0
470505000	8	NBR	46	5	1	0	0	2
470505000	8	NBR	46	9	0	0	0	2
470505000	8	WIN	46	3	3	2	0
470505000	8	DET	46	3	666	471	1281	1269
470642000	3	NBR	46	1	1	0	0	0
470642000	3	NBR	46	6	1	0	0	0
470642000	3	NBR	46	4	8	0	0	0
470642000	3	NBR	46	7	0	0	0	0
470642000	3	NBR	46	5	1	0	0	0
470642000	3	NBR	46	2	1	0	0	0
470642000	3	WIN	46	6	6	12	0
470642000	3	DET	46	6	2000	2708	2276	8163
470765000	2	NBR	46	1	1	0	0	0
470765000	2	NBR	46	6	1	0	0	0
470765000	2	NBR	46	3	1	0	0	2
470765000	2	NBR	46	5	1	0	0	2
470765000	2	WIN	46	4	4	4	0
470765000	2	DET	46	4	1000	0	1708	1000
470815000	7	NBR	46	6	1	0	0	0
470815000	7	NBR	46	3	0	0	0	0
470815000	7	NBR	46	4	7	0	0	0
470815000	7	NBR	46	9	0	0	0	0
470815000	7	NBR	46	10	2	0	0	0
470815000	7	WIN	46	5	5	10	0
470815000	7	DET	46	5	2000	2607	2034	7302
470907000	9	NBR	46	6	1	0	0	0
470907000	9	NBR	46	5	2	0	0	0
470907000	9	NBR	46	8	0	0	0	0
470907000	9	NBR	46	7	1	0	0	0
470907000	9	NBR	46	10	1	0	0	0
470907000	9	WIN	46	5	5	5	0
470907000	9	DET	46	5	1000	632	2034	2285
470971000	5	NBR	46	6	2	0	0	0
470971000	5	NBR	46	3	0	0	0	0
470971000	5	NBR	46	9	0	0	0	0
470971000	5	NBR	46	8	0	0	0	0
470971000	5	NBR	46	2	1	0	0	0
470971000	5	WIN	46	5	5	3	0
470971000	5	DET	46	5	600	800	2034	2227
474910000	4	TX	15
474924408	1	RX	4	15
475342000	4	ATK	send	neighbor	39
475365040	3	EV	DIO	4
475365040	6	EV	DIO	4
475365040	7	EV	DIO	4
477350000	7	TX	14
477367696	1	RX	7	14
479781000	6	TX	14
479801696	1	RX	6	14
480065000	6	NBR	47	3	0	0	0	0
480065000	6	NBR	47	4	7	0	1	2
480065000	6	NBR	47	5	1	0	0	0
480065000	6	NBR	47	9	0	0	0	0
480065000	6	NBR	47	8	0	0	0	0
480065000	6	NBR	47	7	0	0	0	0
480065000	6	NBR	47	2	1	0	0	0
480065000	6	NBR	47	10	1	0	0	0
480065000	6	WIN	47	8	8	10	0
480065000	6	DET	47	8	1250	2222	2570	6960
480065000	6	ALERT	47	4	DIO	7	6960
480065000	6	STAT	384	3	1	15	8	8
480240000	10	NBR	47	6	1	0	0	2
480240000	10	NBR	47	9	0	0	0	0
480240000	10	NBR	47	7	0	0	0	0
480240000	10	WIN	47	3	3	1	0
480240000	10	DET	47	3	333	471	1281	936
480240000	10	ALERT	47	6	DIO	1	936
480240000	10	STAT	523	6	1	15	3	3
480505000	8	NBR	47	6	1	0	0	0
480505000	8	NBR	47	5	1	0	0	2
480505000	8	NBR	47	9	0	0	0	2
480505000	8	WIN	47	3	3	2	0
480505000	8	DET	47	3	666	471	1281	1269
480505000	8	STAT	526	5	1	14	3	3
480549000	1	RSTAT	136	3	0
480642000	3	NBR	47	1	1	0	0	0
480642000	3	NBR	47	6	1	0	0	0
480642000	3	NBR	47	4	8	0	0	0
480642000	3	NBR	47	7	0	0	0	0
480642000	3	NBR	47	5	1	0	0	0
480642000	3	NBR	47	2	1	0	0	0
480642000	3	WIN	47	6	6	12	0
480642000	3	DET	47	6	2000	2708	2276	8163
480642000	3	STAT	256	1	1	15	6	6
480765000	2	NBR	47	1	1	0	0	0
480765000	2	NBR	47	6	1	0	0	0
480765000	2	NBR	47	3	1	0	0	2
480765000	2	NBR	47	5	1	0	0	2
480765000	2	WIN	47	4	4	4	0
480765000	2	DET	47	4	1000	0	1708	1000
480765000	2	STAT	265	1	1	16	4	4
480815000	7	NBR	47	6	1	0	0	0
480815000	7	NBR	47	3	0	0	0	0
480815000	7	NBR	47	4	7	0	0	0
480815000	7	NBR	47	9	0	0	0	0
480815000	7	NBR	47	10	2	0	0	0
480815000	7	WIN	47	5	5	10	0
480815000	7	DET	47	5	2000	2607	2034	7302
480815000	7	STAT	390	4	1	15	5	5
480907000	9	NBR	47	6	1	0	0	0
480907000	9	NBR	47	5	2	0	0	0
480907000	9	NBR	47	8	0	0	0	0
480907000	9	NBR	47	7	1	0	0	0
480907000	9	NBR	47	10	1	0	0	0
480907000	9	WIN	47	5	5	5	0
480907000	9	DET	47	5	1000	632	2034	2285
480907000	9	STAT	518	6	1	15	5	5
480971000	5	NBR	47	6	2	0	0	0
480971000	5	NBR	47	3	0	0	0	0
480971000	5	NBR	47	9	0	0	0	0
480971000	5	NBR	47	8	0	0	0	0
480971000	5	NBR	47	2	1	0	0	0
480971000	5	WIN	47	5	5	3	0
480971000	5	DET	47	5	600	800	2034	2227
480971000	5	STAT	384	3	1	15	5	5
481053000	3	TX	15
481064408	1	RX	3	15
485343000	4	ATK	send	neighbor	40
485361040	3	EV	DIO	4
485361040	6	EV	DIO	4
485361040	7	EV	DIO	4
486703040	2	EV	DIO	3
486703040	5	EV	DIO	3
486703040	6	EV	DIO	3
486703040	7	EV	DIO	3
486925296	10	EV	DIO	9
487269000	5	TX	15
487330696	1	RX	5	15
490065000	6	NBR	48	3	1	0	0	0
490065000	6	NBR	48	4	7	0	1	2
490065000	6	NBR	48	5	1	0	0	0
490065000	6	NBR	48	9	0	0	0	0
490065000	6	NBR	48	8	0	0	0	0
490065000	6	NBR	48	7	0	0	0	0
490065000	6	NBR	48	2	0	0	0	0
490065000	6	NBR	48	10	1	0	0	0
490065000	6	WIN	48	8	8	10	0
490065000	6	DET	48	8	1250	2222	2570	6960
490065000	6	ALERT	48	4	DIO	7	6960
490240000	10	NBR	48	6	1	0	0	2
490240000	10	NBR	48	9	1	0	0	0
490240000	10	NBR	48	7	0	0	0	0
490240000	10	WIN	48	3	3	2	0
490240000	10	DET	48	3	666	471	1281	1269
490505000	8	NBR	48	6	1	0	0	0
490505000	8	NBR	48	5	1	0	0	2
490505000	8	NBR	48	9	0	0	0	2
490505000	8	WIN	48	3	3	2	0
490505000	8	DET	48	3	666	471	1281	1269
490642000	3	NBR	48	1	0	0	0	0
490642000	3	NBR	48	6	1	0	0	0
490642000	3	NBR	48	4	8	0	0	0
490642000	3	NBR	48	7	0	0	0	0
490642000	3	NBR	48	5	1	0	0	0
490642000	3	NBR	48	2	0	0	0	0
490642000	3	WIN	48	6	6	10	0
490642000	3	DET	48	6	1666	2867	2276	8191
490765000	2	NBR	48	1	0	0	0	0
490765000	2	NBR	48	6	1	0	0	0
490765000	2	NBR	48	3	2	0	1	2
490765000	2	NBR	48	5	1	0	0	2
490765000	2	WIN	48	4	4	4	0
490765000	2	DET	48	4	1000	707	1708	2207
490815000	7	NBR	48	6	1	0	0	0
490815000	7	NBR	48	3	1	0	0	0
490815000	7	NBR	48	4	7	0	0	0
490815000	7	NBR	48	9	0	0	0	0
490815000	7	NBR	48	10	2	0	0	0
490815000	7	WIN	48	5	5	11	0
490815000	7	DET	48	5	2200	2481	2034	7246
490907000	9	NBR	48	6	1	0	0	0
490907000	9	NBR	48	5	2	0	0	0
490907000	9	NBR	48	8	0	0	0	0
490907000	9	NBR	48	7	1	0	0	0
490907000	9	NBR	48	10	1	0	0	0
490907000	9	WIN	48	5	5	5	0
490907000	9	DET	48	5	1000	632	2034	2285
490971000	5	NBR	48	6	2	0	0	0
490971000	5	NBR	48	3	1	0	0	0
490971000	5	NBR	48	9	0	0	0	0
490971000	5	NBR	48	8	0	0	0	0
490971000	5	NBR	48	2	0	0	0	0
490971000	5	WIN	48	5	5	3	0
490971000	5	DET	48	5	600	800	2034	2227
492691000	8	TX	14
492758696	1	RX	8	14
492943296	3	EV	DIO	2
495344000	4	ATK	send	neighbor	41
495365040	3	EV	DIO	4
495365040	6	EV	DIO	4
495365040	7	EV	DIO	4
495758000	2	TX	16
495800408	1	RX	2	16
499391296	9	EV	DIO	8
499971296	7	EV	DIO	3
500065000	6	NBR	49	3	1	0	0	0
500065000	6	NBR	49	4	6	0	1	2
500065000	6	NBR	49	5	1	0	0	0
500065000	6	NBR	49	9	0	0	0	0
500065000	6	NBR	49	8	0	0	0	0
500065000	6	NBR	49	7	0	0	0	0
500065000	6	NBR	49	2	0	0	0	0
500065000	6	NBR	49	10	1	0	0	0
500065000	6	WIN	49	8	8	9	0
500065000	6	DET	49	8	1125	1899	2570	6005
500240000	10	NBR	49	6	0	0	0	2
500240000	10	NBR	49	9	1	0	0	0
500240000	10	NBR	49	7	0	0	0	0
500240000	10	WIN	49	3	3	1	0
500240000	10	DET	49	3	333	471	1281	936
500240000	10	ALERT	49	9	DIO	1	936
500240000	10	BLOCK	9	perm	2	0
500389000	10	TX	15
500458696	1	RX	10	15
500505000	8	NBR	49	6	0	0	0	0
500505000	8	NBR	49	5	0	0	0	2
500505000	8	NBR	49	9	0	0	0	2
500505000	8	WIN	49	3	3	0	0
500505000	8	DET	49	3	0	0	1281	0
500642000	3	NBR	49	1	0	0	0	0
500642000	3	NBR	49	6	0	0	0	0
500642000	3	NBR	49	4	7	0	0	0
500642000	3	NBR	49	7	0	0	0	0
500642000	3	NBR	49	5	0	0	0	0
500642000	3	NBR	49	2	1	0	0	0
500642000	3	WIN	49	6	6	8	0
500642000	3	DET	49	6	1333	2560	2276	7159
500765000	2	NBR	49	1	0	0	0	0
500765000	2	NBR	49	6	0	0	0	0
500765000	2	NBR	49	3	1	0	0	2
500765000	2	NBR	49	5	0	0	0	2
500765000	2	WIN	49	4	4	1	0
500765000	2	DET	49	4	250	433	1708	989
500765000	2	ALERT	49	3	DIO	1	989
500815000	7	NBR	49	6	0	0	0	0
500815000	7	NBR	49	3	2	0	0	0
500815000	7	NBR	49	4	6	0	0	0
500815000	7	NBR	49	9	0	0	0	0
500815000	7	NBR	49	10	2	0	0	0
500815000	7	WIN	49	5	5	10	0
500815000	7	DET	49	5	2000	2190	2034	6454
500907000	9	NBR	49	6	0	0	0	0
500907000	9	NBR	49	5	1	0	0	0
500907000	9	NBR	49	8	1	0	0	0
500907000	9	NBR	49	7	1	0	0	0
500907000	9	NBR	49	10	1	0	0	0
500907000	9	WIN	49	5	5	4	0
500907000	9	DET	49	5	800	400	2034	1613
500971000	5	NBR	49	6	1	0	0	0
500971000	5	NBR	49	3	1	0	0	0
500971000	5	NBR	49	9	0	0	0	0
500971000	5	NBR	49	8	0	0	0	0
500971000	5	NBR	49	2	0	0	0	0
500971000	5	WIN	49	5	5	2	0
500971000	5	DET	49	5	400	489	2034	1394
501109000	9	TX	15
501177696	1	RX	9	15
504562000	4	TX	16
504577408	1	RX	4	16
505345000	4	ATK	send	neighbor	42
505378040	3	EV	DIO	4
505378040	6	EV	DIO	4
505378040	7	EV	DIO	4
508282000	7	TX	15
508340696	1	RX	7	15
510065000	6	NBR	50	3	1	0	0	0
510065000	6	NBR	50	4	6	0	1	2
510065000	6	NBR	50	5	0	0	0	0
510065000	6	NBR	50	9	0	0	0	0
510065000	6	NBR	50	8	0	0	0	0
510065000	6	NBR	50	7	0	0	0	0
510065000	6	NBR	50	2	0	0	0	0
510065000	6	NBR	50	10	1	0	0	0
510065000	6	WIN	50	8	8	8	0
510065000	6	DET	50	8	1000	1936	2570	5975
510065000	6	ALERT	50	4	DIO	6	5975
510065000	6	STAT	384	3	1	15	8	8
510179000	3	TX	16
510195408	1	RX	3	16
510240000	10	NBR	50	6	0	0	0	2
510240000	10	NBR	50	9	1	0	0	2
510240000	10	NBR	50	7	0	0	0	0
510240000	10	WIN	50	3	3	1	0
510240000	10	DET	50	3	333	471	1281	936
510240000	10	ALERT	50	9	DIO	1	936
510240000	10	STAT	521	6	1	16	3	3
510505000	8	NBR	50	6	0	0	0	0
510505000	8	NBR	50	5	0	0	0	2
510505000	8	NBR	50	9	0	0	0	2
510505000	8	WIN	50	3	3	0	0
510505000	8	DET	50	3	0	0	1281	0
510505000	8	STAT	525	5	1	15	3	3
510549000	1	RSTAT	145	3	0
510601000	6	TX	15
510642000	3	NBR	50	1	0	0	0	0
510642000	3	NBR	50	6	0	0	0	0
510642000	3	NBR	50	4	7	0	0	0
510642000	3	NBR	50	7	0	0	0	0
510642000	3	NBR	50	5	0	0	0	0
510642000	3	NBR	50	2	1	0	0	0
510642000	3	WIN	50	6	6	8	0
510642000	3	DET	50	6	1333	2560	2276	7159
510642000	3	STAT	256	1	1	17	6	6
510658696	1	RX	6	15
510765000	2	NBR	50	1	0	0	0	0
510765000	2	NBR	50	6	0	0	0	0
510765000	2	NBR	50	3	1	0	0	2
510765000	2	NBR	50	5	0	0	0	2
510765000	2	WIN	50	4	4	1	0
510765000	2	DET	50	4	250	433	1708	989
510765000	2	ALERT	50	3	DIO	1	989
510765000	2	STAT	264	1	1	17	4	4
510815000	7	NBR	50	6	0	0	0	0
510815000	7	NBR	50	3	2	0	0	0
510815000	7	NBR	50	4	6	0	0	0
510815000	7	NBR	50	9	0	0	0	0
510815000	7	NBR	50	10	2	0	0	0
510815000	7	WIN	50	5	5	10	0
510815000	7	DET	50	5	2000	2190	2034	6454
510815000	7	STAT	389	4	1	16	5	5
510907000	9	NBR	50	6	0	0	0	0
510907000	9	NBR	50	5	1	0	0	0
510907000	9	NBR	50	8	1	0	0	0
510907000	9	NBR	50	7	1	0	0	0
510907000	9	NBR	50	10	1	0	0	0
510907000	9	WIN	50	5	5	4	0
510907000	9	DET	50	5	800	400	2034	1613
510907000	9	STAT	517	6	1	16	5	5
510971000	5	NBR	50	6	1	0	0	0
510971000	5	NBR	50	3	1	0	0	0
510971000	5	NBR	50	9	0	0	0	0
510971000	5	NBR	50	8	0	0	0	0
510971000	5	NBR	50	2	0	0	0	0
510971000	5	WIN	50	5	5	2	0
510971000	5	DET	50	5	400	489	2034	1394
510971000	5	STAT	384	3	1	16	5	5
512408296	10	EV	DIO	7
513940296	7	EV	DIO	10
515346000	4	ATK	send	neighbor	43
515387040	3	EV	DIO	4
515387040	6	EV	DIO	4
515387040	7	EV	DIO	4
517413000	5	TX	16
517430696	1	RX	5	16
520065000	6	NBR	51	3	1	0	0	0
520065000	6	NBR	51	4	6	0	1	2
520065000	6	NBR	51	5	0	0	0	0
520065000	6	NBR	51	9	0	0	0	0
520065000	6	NBR	51	8	0	0	0	0
520065000	6	NBR	51	7	0	0	0	0
520065000	6	NBR	51	2	0	0	0	0
520065000	6	NBR	51	10	0	0	0	0
520065000	6	WIN	51	8	8	7	0
520065000	6	DET	51	8	875	1964	2570	5922
520065000	6	ALERT	51	4	DIO	6	5922
520240000	10	NBR	51	6	0	0	0	2
520240000	10	NBR	51	9	1	0	0	2
520240000	10	NBR	51	7	1	0	0	0
520240000	10	WIN	51	3	3	2	0
520240000	10	DET	51	3	666	471	1281	1269
520505000	8	NBR	51	6	0	0	0	0
520505000	8	NBR	51	5	0	0	0	2
520505000	8	NBR	51	9	0	0	0	2
520505000	8	WIN	51	3	3	0	0
520505000	8	DET	51	3	0	0	1281	0
520642000	3	NBR	51	1	0	0	0	0
520642000	3	NBR	51	6	0	0	0	0
520642000	3	NBR	51	4	7	0	0	0
520642000	3	NBR	51	7	0	0	0	0
520642000	3	NBR	51	5	0	0	0	0
520642000	3	NBR	51	2	1	0	0	0
520642000	3	WIN	51	6	6	8	0
520642000	3	DET	51	6	1333	2560	2276	7159
520658040	3	EV	DIO	7
520658040	6	EV	DIO	7
520658040	9	EV	DIO	7
520658040	10	EV	DIO	7
520765000	2	NBR	51	1	0	0	0	0
520765000	2	NBR	51	6	0	0	0	0
520765000	2	NBR	51	3	1	0	0	2
520765000	2	NBR	51	5	0	0	0	2
520765000	2	WIN	51	4	4	1	0
520765000	2	DET	51	4	250	433	1708	989
520765000	2	ALERT	51	3	DIO	1	989
520815000	7	NBR	51	6	0	0	0	0
520815000	7	NBR	51	3	2	0	0	0
520815000	7	NBR	51	4	6	0	0	0
520815000	7	NBR	51	9	0	0	0	0
520815000	7	NBR	51	10	2	0	0	0
520815000	7	WIN	51	5	5	10	0
520815000	7	DET	51	5	2000	2190	2034	6454
520907000	9	NBR	51	6	0	0	0	0
520907000	9	NBR	51	5	1	0	0	0
520907000	9	NBR	51	8	1	0	0	0
520907000	9	NBR	51	7	1	0	0	0
520907000	9	NBR	51	10	0	0	0	0
520907000	9	WIN	51	5	5	3	0
520907000	9	DET	51	5	600	489	2034	1594
520971000	5	NBR	51	6	0	0	0	0
520971000	5	NBR	51	3	1	0	0	0
520971000	5	NBR	51	9	0	0	0	0
520971000	5	NBR	51	8	0	0	0	0
520971000	5	NBR	51	2	0	0	0	0
520971000	5	WIN	51	5	5	1	0
520971000	5	DET	51	5	200	400	2034	1013
521135040	5	EV	DIO	8
521135040	6	EV	DIO	8
521135040	9	EV	DIO	8
522060000	8	TX	15
522136696	1	RX	8	15
525347000	4	ATK	send	neighbor	44
525380040	3	EV	DIO	4
525380040	6	EV	DIO	4
525380040	7	EV	DIO	4
526132000	2	TX	17
526147408	1	RX	2	17
529011296	7	EV	DIO	4
529992000	10	TX	16
530065000	6	NBR	52	3	1	0	0	0
530065000	6	NBR	52	4	6	0	1	2
530065000	6	NBR	52	5	0	0	0	0
530065000	6	NBR	52	9	0	0	0	0
530065000	6	NBR	52	8	1	0	0	0
530065000	6	NBR	52	7	1	0	0	0
530065000	6	NBR	52	2	0	0	0	0
530065000	6	NBR	52	10	0	0	0	0
530065000	6	WIN	52	8	8	9	0
530065000	6	DET	52	8	1125	1899	2570	6005
530072696	1	RX	10	16
530240000	10	NBR	52	6	0	0	0	2
530240000	10	NBR	52	9	1	0	0	2
530240000	10	NBR	52	7	2	0	0	0
530240000	10	WIN	52	3	3	3	0
530240000	10	DET	52	3	1000	816	1281	2045
530505000	8	NBR	52	6	0	0	0	0
530505000	8	NBR	52	5	0	0	0	2
530505000	8	NBR	52	9	0	0	0	2
530505000	8	WIN	52	3	3	0	0
530505000	8	DET	52	3	0	0	1281	0
530642000	3	NBR	52	1	0	0	0	0
530642000	3	NBR	52	6	0	0	0	0
530642000	3	NBR	52	4	6	0	0	0
530642000	3	NBR	52	7	1	0	0	0
530642000	3	NBR	52	5	0	0	0	0
530642000	3	NBR	52	2	1	0	0	0
530642000	3	WIN	52	6	6	8	0
530642000	3	DET	52	6	1333	2134	2276	6189
530765000	2	NBR	52	1	0	0	0	0
530765000	2	NBR	52	6	0	0	0	0
530765000	2	NBR	52	3	1	0	0	2
530765000	2	NBR	52	5	0	0	0	2
530765000	2	WIN	52	4	4	1	0
530765000	2	DET	52	4	250	433	1708	989
530765000	2	ALERT	52	3	DIO	1	989
530815000	7	NBR	52	6	0	0	0	0
530815000	7	NBR	52	3	2	0	0	0
530815000	7	NBR	52	4	7	0	0	0
530815000	7	NBR	52	9	0	0	0	0
530815000	7	NBR	52	10	1	0	0	0
530815000	7	WIN	52	5	5	10	0
530815000	7	DET	52	5	2000	2607	2034	7302
530820000	9	TX	16
530902696	1	RX	9	16
530907000	9	NBR	52	6	0	0	0	0
530907000	9	NBR	52	5	0	0	0	0
530907000	9	NBR	52	8	2	0	0	0
530907000	9	NBR	52	7	1	0	0	0
530907000	9	NBR	52	10	0	0	0	0
530907000	9	WIN	52	5	5	3	0
530907000	9	DET	52	5	600	800	2034	2227
530971000	5	NBR	52	6	0	0	0	0
530971000	5	NBR	52	3	1	0	0	0
530971000	5	NBR	52	9	0	0	0	0
530971000	5	NBR	52	8	1	0	0	0
530971000	5	NBR	52	2	0	0	0	0
530971000	5	WIN	52	5	5	2	0
530971000	5	DET	52	5	400	489	2034	1394
535287040	5	EV	DIO	9
535287040	6	EV	DIO	9
535287040	7	EV	DIO	9
535287040	8	EV	DIO	9
535287040	10	EV	DIO	9
535348000	4	ATK	send	neighbor	45
535358000	4	TX	17
535384040	3	EV	DIO	4
535384040	6	EV	DIO	4
535384040	7	EV	DIO	4
535388448	1	RX	4	17
539159000	7	TX	16
539210696	1	RX	7	16
539277000	3	TX	17
539319408	1	RX	3	17
540065000	6	NBR	53	3	1	0	0	0
540065000	6	NBR	53	4	6	0	1	2
540065000	6	NBR	53	5	0	0	0	0
540065000	6	NBR	53	9	1	0	0	0
540065000	6	NBR	53	8	1	0	0	0
540065000	6	NBR	53	7	1	0	0	0
540065000	6	NBR	53	2	0	0	0	0
540065000	6	NBR	53	10	0	0	0	0
540065000	6	WIN	53	8	8	10	0
540065000	6	DET	53	8	1250	1854	2570	6014
540065000	6	STAT	384	3	1	16	8	8
540240000	10	NBR	53	6	0	0	0	2
540240000	10	NBR	53	9	2	0	1	2
540240000	10	NBR	53	7	2	0	0	0
540240000	10	WIN	53	3	3	4	0
540240000	10	DET	53	3	1333	942	1281	2539
540240000	10	STAT	520	6	1	17	3	3
540505000	8	NBR	53	6	0	0	0	0
540505000	8	NBR	53	5	0	0	0	2
540505000	8	NBR	53	9	1	0	1	2
540505000	8	WIN	53	3	3	1	0
540505000	8	DET	53	3	333	471	1281	936
540505000	8	ALERT	53	9	DIO	1	936
540505000	8	STAT	524	5	1	16	3	3
540549000	1	RSTAT	154	3	0
540642000	3	NBR	53	1	0	0	0	0
540642000	3	NBR	53	6	0	0	0	0
540642000	3	NBR	53	4	6	0	0	0
540642000	3	NBR	53	7	1	0	0	0
540642000	3	NBR	53	5	0	0	0	0
540642000	3	NBR	53	2	1	0	0	0
540642000	3	WIN	53	6	6	8	0
540642000	3	DET	53	6	1333	2134	2276	6189
540642000	3	STAT	256	1	1	18	6	6
540765000	2	NBR	53	1	0	0	0	0
540765000	2	NBR	53	6	0	0	0	0
540765000	2	NBR	53	3	1	0	0	2
540765000	2	NBR	53	5	0	0	0	2
540765000	2	WIN	53	4	4	1	0
540765000	2	DET	53	4	250	433	1708	989
540765000	2	ALERT	53	3	DIO	1	989
540765000	2	STAT	263	1	1	18	4	4
540815000	7	NBR	53	6	0	0	0	0
540815000	7	NBR	53	3	2	0	0	0
540815000	7	NBR	53	4	7	0	0	0
540815000	7	NBR	53	9	1	0	0	0
540815000	7	NBR	53	10	1	0	0	0
540815000	7	WIN	53	5	5	11	0
540815000	7	DET	53	5	2200	2481	2034	7246
540815000	7	STAT	388	4	1	17	5	5
540907000	9	NBR	53	6	0	0	0	0
540907000	9	NBR	53	5	0	0	0	0
540907000	9	NBR	53	8	2	0	0	0
540907000	9	NBR	53	7	1	0	0	0
540907000	9	NBR	53	10	0	0	0	0
540907000	9	WIN	53	5	5	3	0
540907000	9	DET	53	5	600	800	2034	2227
540907000	9	STAT	516	6	1	17	5	5
540971000	5	NBR	53	6	0	0	0	0
540971000	5	NBR	53	3	1	0	0	0
540971000	5	NBR	53	9	1	0	0	0
540971000	5	NBR	53	8	1	0	0	0
540971000	5	NBR	53	2	0	0	0	0
540971000	5	WIN	53	5	5	3	0
540971000	5	DET	53	5	600	489	2034	1594
540971000	5	STAT	384	3	1	17	5	5
541266000	6	TX	16
541324696	1	RX	6	16
545349000	4	ATK	send	neighbor	46
545386040	3	EV	DIO	4
545386040	6	EV	DIO	4
545386040	7	EV	DIO	4
545489296	8	EV	DIO	6
547095000	5	TX	17
547148696	1	RX	5	17
549151296	8	EV	DIO	5
550065000	6	NBR	54	3	0	0	0	0
550065000	6	NBR	54	4	6	0	1	2
550065000	6	NBR	54	5	0	0	0	0
550065000	6	NBR	54	9	1	0	0	0
550065000	6	NBR	54	8	1	0	0	0
550065000	6	NBR	54	7	1	0	0	0
550065000	6	NBR	54	2	0	0	0	0
550065000	6	NBR	54	10	0	0	0	0
550065000	6	WIN	54	8	8	9	0
550065000	6	DET	54	8	1125	1899	2570	6005
550240000	10	NBR	54	6	0	0	0	2
550240000	10	NBR	54	9	1	0	0	2
550240000	10	NBR	54	7	2	0	0	0
550240000	10	WIN	54	3	3	3	0
550240000	10	DET	54	3	1000	816	1281	2045
550505000	8	NBR	54	6	1	0	0	0
550505000	8	NBR	54	5	1	0	1	2
550505000	8	NBR	54	9	1	0	0	2
550505000	8	WIN	54	3	3	3	0
550505000	8	DET	54	3	1000	0	1281	1000
550642000	3	NBR	54	1	0	0	0	0
550642000	3	NBR	54	6	0	0	0	0
550642000	3	NBR	54	4	6	0	0	0
550642000	3	NBR	54	7	1	0	0	0
550642000	3	NBR	54	5	0	0	0	0
550642000	3	NBR	54	2	1	0	0	0
550642000	3	WIN	54	6	6	8	0
550642000	3	DET	54	6	1333	2134	2276	6189
550765000	2	NBR	54	1	0	0	0	0
550765000	2	NBR	54	6	0	0	0	0
550765000	2	NBR	54	3	0	0	0	2
550765000	2	NBR	54	5	0	0	0	2
550765000	2	WIN	54	4	4	0	0
550765000	2	DET	54	4	0	0	1708	0
550815000	7	NBR	54	6	0	0	0	0
550815000	7	NBR	54	3	1	0	0	0
550815000	7	NBR	54	4	7	0	0	0
550815000	7	NBR	54	9	1	0	0	0
550815000	7	NBR	54	10	1	0	0	0
550815000	7	WIN	54	5	5	10	0
550815000	7	DET	54	5	2000	2529	2034	7143
550907000	9	NBR	54	6	0	0	0	0
550907000	9	NBR	54	5	0	0	0	0
550907000	9	NBR	54	8	2	0	0	0
550907000	9	NBR	54	7	1	0	0	0
550907000	9	NBR	54	10	0	0	0	0
550907000	9	WIN	54	5	5	3	0
550907000	9	DET	54	5	600	800	2034	2227
550971000	5	NBR	54	6	0	0	0	0
550971000	5	NBR	54	3	0	0	0	0
550971000	5	NBR	54	9	1	0	0	0
550971000	5	NBR	54	8	1	0	0	0
550971000	5	NBR	54	2	0	0	0	0
550971000	5	WIN	54	5	5	2	0
550971000	5	DET	54	5	400	489	2034	1394
551929000	8	TX	16
552015696	1	RX	8	16
555315000	2	TX	18
555333408	1	RX	2	18
555350000	4	ATK	send	neighbor	47
555366040	3	EV	DIO	4
555366040	6	EV	DIO	4
555366040	7	EV	DIO	4
558547296	2	EV	DIO	3
560065000	6	NBR	55	3	0	0	0	0
560065000	6	NBR	55	4	6	0	1	2
560065000	6	NBR	55	5	0	0	0	0
560065000	6	NBR	55	9	1	0	0	0
560065000	6	NBR	55	8	1	0	0	0
560065000	6	NBR	55	7	1	0	0	0
560065000	6	NBR	55	2	0	0	0	0
560065000	6	NBR	55	10	0	0	0	0
560065000	6	WIN	55	8	8	9	0
560065000	6	DET	55	8	1125	1899	2570	6005
560069000	10	TX	17
560137696	1	RX	10	17
560240000	10	NBR	55	6	0	0	0	2
560240000	10	NBR	55	9	1	0	0	2
560240000	10	NBR	55	7	2	0	0	0
560240000	10	WIN	55	3	3	3	0
560240000	10	DET	55	3	1000	816	1281	2045
560505000	8	NBR	55	6	1	0	0	0
560505000	8	NBR	55	5	1	0	0	2
560505000	8	NBR	55	9	1	0	0	2
560505000	8	WIN	55	3	3	3	0
560505000	8	DET	55	3	1000	0	1281	1000
560642000	3	NBR	55	1	0	0	0	0
560642000	3	NBR	55	6	0	0	0	0
560642000	3	NBR	55	4	6	0	0	0
560642000	3	NBR	55	7	1	0	0	0
560642000	3	NBR	55	5	0	0	0	0
560642000	3	NBR	55	2	0	0	0	0
560642000	3	WIN	55	6	6	7	0
560642000	3	DET	55	6	1166	2192	2276	6154
560726000	9	TX	17
560765000	2	NBR	55	1	0	0	0	0
560765000	2	NBR	55	6	0	0	0	0
560765000	2	NBR	55	3	1	0	1	2
560765000	2	NBR	55	5	0	0	0	2
560765000	2	WIN	55	4	4	1	0
560765000	2	DET	55	4	250	433	1708	989
560765000	2	ALERT	55	3	DIO	1	989
560767696	1	RX	9	17
560815000	7	NBR	55	6	0	0	0	0
560815000	7	NBR	55	3	0	0	0	0
560815000	7	NBR	55	4	7	0	0	0
560815000	7	NBR	55	9	1	0	0	0
560815000	7	NBR	55	10	1	0	0	0
560815000	7	WIN	55	5	5	9	0
560815000	7	DET	55	5	1800	2638	2034	7165
560907000	9	NBR	55	6	0	0	0	0
560907000	9	NBR	55	5	0	0	0	0
560907000	9	NBR	55	8	1	0	0	0
560907000	9	NBR	55	7	1	0	0	0
560907000	9	NBR	55	10	0	0	0	0
560907000	9	WIN	55	5	5	2	0
560907000	9	DET	55	5	400	489	2034	1394
560971000	5	NBR	55	6	0	0	0	0
560971000	5	NBR	55	3	0	0	0	0
560971000	5	NBR	55	9	1	0	0	0
560971000	5	NBR	55	8	1	0	0	0
560971000	5	NBR	55	2	0	0	0	0
560971000	5	WIN	55	5	5	2	0
560971000	5	DET	55	5	400	489	2034	1394
564437296	5	EV	DIO	2
564960000	4	TX	18
564969408	1	RX	4	18
565351000	4	ATK	send	neighbor	48
565372040	3	EV	DIO	4
565372040	6	EV	DIO	4
565372040	7	EV	DIO	4
568204000	7	TX	17
568268696	1	RX	7	17
568825296	6	EV	DIO	7
569210000	3	TX	18
569219408	1	RX	3	18
570065000	6	NBR	56	3	0	0	0	0
570065000	6	NBR	56	4	6	0	1	2
570065000	6	NBR	56	5	0	0	0	0
570065000	6	NBR	56	9	1	0	0	0
570065000	6	NBR	56	8	1	0	0	0
570065000	6	NBR	56	7	2	0	0	0
570065000	6	NBR	56	2	0	0	0	0
570065000	6	NBR	56	10	0	0	0	0
570065000	6	WIN	56	8	8	10	0
570065000	6	DET	56	8	1250	1920	2570	6184
570065000	6	STAT	384	3	1	17	8	8
570240000	10	NBR	56	6	0	0	0	2
570240000	10	NBR	56	9	1	0	0	2
570240000	10	NBR	56	7	2	0	0	0
570240000	10	WIN	56	3	3	3	0
570240000	10	DET	56	3	1000	816	1281	2045
570240000	10	STAT	519	6	1	18	3	3
570505000	8	NBR	56	6	1	0	0	0
570505000	8	NBR	56	5	1	0	0	2
570505000	8	NBR	56	9	1	0	0	2
570505000	8	WIN	56	3	3	3	0
570505000	8	DET	56	3	1000	0	1281	1000
570505000	8	STAT	523	5	1	17	3	3
570549000	1	RSTAT	163	3	0
570642000	3	NBR	56	1	0	0	0	0
570642000	3	NBR	56	6	0	0	0	0
570642000	3	NBR	56	4	6	0	0	0
570642000	3	NBR	56	7	1	0	0	0
570642000	3	NBR	56	5	0	0	0	0
570642000	3	NBR	56	2	0	0	0	0
570642000	3	WIN	56	6	6	7	0
570642000	3	DET	56	6	1166	2192	2276	6154
570642000	3	STAT	256	1	1	19	6	6
570765000	2	NBR	56	1	0	0	0	0
570765000	2	NBR	56	6	0	0	0	0
570765000	2	NBR	56	3	1	0	0	2
570765000	2	NBR	56	5	0	0	0	2
570765000	2	WIN	56	4	4	1	0
570765000	2	DET	56	4	250	433	1708	989
570765000	2	ALERT	56	3	DIO	1	989
570765000	2	STAT	262	1	1	19	4	4
570815000	7	NBR	56	6	0	0	0	0
570815000	7	NBR	56	3	0	0	0	0
570815000	7	NBR	56	4	7	0	0	0
570815000	7	NBR	56	9	1	0	0	0
570815000	7	NBR	56	10	1	0	0	0
570815000	7	WIN	56	5	5	9	0
570815000	7	DET	56	5	1800	2638	2034	7165
570815000	7	STAT	387	4	1	18	5	5
570884000	6	TX	17
570904696	1	RX	6	17
570907000	9	NBR	56	6	0	0	0	0
570907000	9	NBR	56	5	0	0	0	0
570907000	9	NBR	56	8	1	0	0	0
570907000	9	NBR	56	7	1	0	0	0
570907000	9	NBR	56	10	0	0	0	0
570907000	9	WIN	56	5	5	2	0
570907000	9	DET	56	5	400	489	2034	1394
570907000	9	STAT	515	6	1	18	5	5
570971000	5	NBR	56	6	0	0	0	0
570971000	5	NBR	56	3	0	0	0	0
570971000	5	NBR	56	9	1	0	0	0
570971000	5	NBR	56	8	1	0	0	0
570971000	5	NBR	56	2	1	0	0	0
570971000	5	WIN	56	5	5	3	0
570971000	5	DET	56	5	600	489	2034	1594
570971000	5	STAT	384	3	1	18	5	5
575352000	4	ATK	send	neighbor	49
575384040	3	EV	DIO	4
575384040	6	EV	DIO	4
575384040	7	EV	DIO	4
577931000	5	TX	18
577996696	1	RX	5	18
580065000	6	NBR	57	3	0	0	0	0
580065000	6	NBR	57	4	6	0	1	2
580065000	6	NBR	57	5	0	0	0	0
580065000	6	NBR	57	9	1	0	0	0
580065000	6	NBR	57	8	1	0	0	0
580065000	6	NBR	57	7	2	0	0	0
580065000	6	NBR	57	2	0	0	0	0
580065000	6	NBR	57	10	0	0	0	0
580065000	6	WIN	57	8	8	10	0
580065000	6	DET	57	8	1250	1920	2570	6184
580240000	10	NBR	57	6	0	0	0	2
580240000	10	NBR	57	9	1	0	0	2
580240000	10	NBR	57	7	1	0	0	0
580240000	10	WIN	57	3	3	2	0
580240000	10	DET	57	3	666	471	1281	1269
580505000	8	NBR	57	6	1	0	0	0
580505000	8	NBR	57	5	1	0	0	2
580505000	8	NBR	57	9	1	0	0	2
580505000	8	WIN	57	3	3	3	0
580505000	8	DET	57	3	1000	0	1281	1000
580642000	3	NBR	57	1	0	0	0	0
580642000	3	NBR	57	6	0	0	0	0
580642000	3	NBR	57	4	6	0	0	0
580642000	3	NBR	57	7	1	0	0	0
580642000	3	NBR	57	5	0	0	0	0
580642000	3	NBR	57	2	0	0	0	0
580642000	3	WIN	57	6	6	7	0
580642000	3	DET	57	6	1166	2192	2276	6154
580765000	2	NBR	57	1	0	0	0	0
580765000	2	NBR	57	6	0	0	0	0
580765000	2	NBR	57	3	1	0	0	2
580765000	2	NBR	57	5	0	0	0	2
580765000	2	WIN	57	4	4	1	0
580765000	2	DET	57	4	250	433	1708	989
580765000	2	ALERT	57	3	DIO	1	989
580815000	7	NBR	57	6	0	0	0	0
580815000	7	NBR	57	3	0	0	0	0
580815000	7	NBR	57	4	7	0	0	0
580815000	7	NBR	57	9	1	0	0	0
580815000	7	NBR	57	10	0	0	0	0
580815000	7	WIN	57	5	5	8	0
580815000	7	DET	57	5	1600	2727	2034	7146
580907000	9	NBR	57	6	0	0	0	0
580907000	9	NBR	57	5	0	0	0	0
580907000	9	NBR	57	8	1	0	0	0
580907000	9	NBR	57	7	0	0	0	0
580907000	9	NBR	57	10	0	0	0	0
580907000	9	WIN	57	5	5	1	0
580907000	9	DET	57	5	200	400	2034	1013
580971000	5	NBR	57	6	0	0	0	0
580971000	5	NBR	57	3	0	0	0	0
580971000	5	NBR	57	9	1	0	0	0
580971000	5	NBR	57	8	1	0	0	0
580971000	5	NBR	57	2	1	0	0	0
580971000	5	WIN	57	5	5	3	0
580971000	5	DET	57	5	600	489	2034	1594
582612000	8	TX	17
582680696	1	RX	8	17
584302296	6	EV	DIO	8
584730000	2	TX	19
584761408	1	RX	2	19
585353000	4	ATK	send	neighbor	50
585384040	3	EV	DIO	4
585384040	6	EV	DIO	4
585384040	7	EV	DIO	4
590065000	6	NBR	58	3	0	0	0	0
590065000	6	NBR	58	4	6	0	1	2
590065000	6	NBR	58	5	0	0	0	0
590065000	6	NBR	58	9	1	0	0	0
590065000	6	NBR	58	8	1	0	0	0
590065000	6	NBR	58	7	1	0	0	0
590065000	6	NBR	58	2	0	0	0	0
590065000	6	NBR	58	10	0	0	0	0
590065000	6	WIN	58	8	8	9	0
590065000	6	DET	58	8	1125	1899	2570	6005
590202000	9	TX	18
590240000	10	NBR	58	6	0	0	0	2
590240000	10	NBR	58	9	1	0	0	2
590240000	10	NBR	58	7	0	0	0	0
590240000	10	WIN	58	3	3	1	0
590240000	10	DET	58	3	333	471	1281	936
590240000	10	ALERT	58	9	DIO	1	936
590270696	1	RX	9	18
590505000	8	NBR	58	6	1	0	0	0
590505000	8	NBR	58	5	1	0	0	2
590505000	8	NBR	58	9	1	0	0	2
590505000	8	WIN	58	3	3	3	0
590505000	8	DET	58	3	1000	0	1281	1000
590642000	3	NBR	58	1	0	0	0	0
590642000	3	NBR	58	6	0	0	0	0
590642000	3	NBR	58	4	6	0	0	0
590642000	3	NBR	58	7	0	0	0	0
590642000	3	NBR	58	5	0	0	0	0
590642000	3	NBR	58	2	0	0	0	0
590642000	3	WIN	58	6	6	6	0
590642000	3	DET	58	6	1000	2236	2276	6089
590765000	2	NBR	58	1	0	0	0	0
590765000	2	NBR	58	6	0	0	0	0
590765000	2	NBR	58	3	1	0	0	2
590765000	2	NBR	58	5	0	0	0	2
590765000	2	WIN	58	4	4	1	0
590765000	2	DET	58	4	250	433	1708	989
590765000	2	ALERT	58	3	DIO	1	989
590815000	7	NBR	58	6	0	0	0	0
590815000	7	NBR	58	3	0	0	0	0
590815000	7	NBR	58	4	6	0	0	0
590815000	7	NBR	58	9	1	0	0	0
590815000	7	NBR	58	10	0	0	0	0
590815000	7	WIN	58	5	5	7	0
590815000	7	DET	58	5	1400	2332	2034	6143
590907000	9	NBR	58	6	0	0	0	0
590907000	9	NBR	58	5	0	0	0	0
590907000	9	NBR	58	8	0	0	0	0
590907000	9	NBR	58	7	0	0	0	0
590907000	9	NBR	58	10	0	0	0	0
590907000	9	WIN	58	5	5	0	0
590907000	9	DET	58	5	0	0	2034	0
590971000	5	NBR	58	6	0	0	0	0
590971000	5	NBR	58	3	0	0	0	0
590971000	5	NBR	58	9	1	0	0	0
590971000	5	NBR	58	8	0	0	0	0
590971000	5	NBR	58	2	1	0	0	0
590971000	5	WIN	58	5	5	2	0
590971000	5	DET	58	5	400	489	2034	1394
591060000	10	TX	18
591128696	1	RX	10	18
592652296	7	EV	DIO	9
594331000	4	TX	19
594357408	1	RX	4	19
594702296	6	EV	DIO	4
595354000	4	ATK	send	neighbor	51
595360040	3	EV	DIO	4
595360040	6	EV	DIO	4
595360040	7	EV	DIO	4
596281296	9	EV	DIO	10
598237000	7	TX	18
598325696	1	RX	7	18
599128000	3	TX	19
599150408	1	RX	3	19
SUMMARY end_us=599150408
TEST OK
Test ended at simulation time: 600000000
