Random seed: 1
13000	6	[INFO: Main      ] - Routing: RPL Lite
13000	6	[INFO: Main      ] - Net: sicslowpan
13000	6	[INFO: Main      ] - MAC: CSMA
13000	6	[INFO: Main      ] - 802.15.4 PANID: 0xabcd
13000	6	[INFO: Main      ] - 802.15.4 Default channel: 26
13000	6	[INFO: Main      ] Node ID: 6
13000	6	[INFO: Main      ] Link-layer address: 0006.0006.0006.0006
13000	6	[INFO: Main      ] Tentative link-local IPv6 address: fe80::206:6:6:6
13000	6	ATK	info	neighbor	start=75	dur=600	period_ms=10000
65000	5	[INFO: Main      ] Starting Contiki-NG-release/v5.2-dirty
65000	5	[INFO: Main      ] - Routing: RPL Lite
65000	5	[INFO: Main      ] - Net: sicslowpan
65000	5	[INFO: Main      ] - MAC: CSMA
65000	5	[INFO: Main      ] - 802.15.4 PANID: 0xabcd
65000	5	[INFO: Main      ] - 802.15.4 Default channel: 26
65000	5	[INFO: Main      ] Node ID: 5
65000	5	[INFO: Main      ] Link-layer address: 0005.0005.0005.0005
65000	5	[INFO: Main      ] Tentative link-local IPv6 address: fe80::205:5:5:5
65000	5	IDS	init	window=300	dis_thr=3	block_thr=2	temp_block=60	warmup=0	mode=paper	eval=300
86000	18	[INFO: Main      ] Starting Contiki-NG-release/v5.2-dirty
86000	18	[INFO: Main      ] - Routing: RPL Lite
86000	18	[INFO: Main      ] - Net: sicslowpan
86000	18	[INFO: Main      ] - MAC: CSMA
86000	18	[INFO: Main      ] - 802.15.4 PANID: 0xabcd
86000	18	[INFO: Main      ] - 802.15.4 Default channel: 26
86000	18	[INFO: Main      ] Node ID: 18
86000	18	[INFO: Main      ] Link-layer address: 0012.0012.0012.0012
86000	18	[INFO: Main      ] Tentative link-local IPv6 address: fe80::212:12:12:12
86000	18	IDS	init	window=300	dis_thr=3	block_thr=2	temp_block=60	warmup=0	mode=paper	eval=300
137000	12	[INFO: Main      ] Starting Contiki-NG-release/v5.2-dirty
137000	12	[INFO: Main      ] - Routing: RPL Lite
137000	12	[INFO: Main      ] - Net: sicslowpan
137000	12	[INFO: Main      ] - MAC: CSMA
137000	12	[INFO: Main      ] - 802.15.4 PANID: 0xabcd
137000	12	[INFO: Main      ] - 802.15.4 Default channel: 26
137000	12	[INFO: Main      ] Node ID: 12
137000	12	[INFO: Main      ] Link-layer address: 000c.000c.000c.000c
137000	12	[INFO: Main      ] Tentative link-local IPv6 address: fe80::20c:c:c:c
137000	12	IDS	init	window=300	dis_thr=3	block_thr=2	temp_block=60	warmup=0	mode=paper	eval=300
240000	10	[INFO: Main      ] Starting Contiki-NG-release/v5.2-dirty
240000	10	[INFO: Main      ] - Routing: RPL Lite
240000	10	[INFO: Main      ] - Net: sicslowpan
240000	10	[INFO: Main      ] - MAC: CSMA
240000	10	[INFO: Main      ] - 802.15.4 PANID: 0xabcd
240000	10	[INFO: Main      ] - 802.15.4 Default channel: 26
240000	10	[INFO: Main      ] Node ID: 10
240000	10	[INFO: Main      ] Link-layer address: 000a.000a.000a.000a
240000	10	[INFO: Main      ] Tentative link-local IPv6 address: fe80::20a:a:a:a
240000	10	IDS	init	window=300	dis_thr=3	block_thr=2	temp_block=60	warmup=0	mode=paper	eval=300
252000	19	[INFO: Main      ] Starting Contiki-NG-release/v5.2-dirty
252000	19	[INFO: Main      ] - Routing: RPL Lite
252000	19	[INFO: Main      ] - Net: sicslowpan
252000	19	[INFO: Main      ] - MAC: CSMA
252000	19	[INFO: Main      ] - 802.15.4 PANID: 0xabcd
252000	19	[INFO: Main      ] - 802.15.4 Default channel: 26
252000	19	[INFO: Main      ] Node ID: 19
252000	19	[INFO: Main      ] Link-layer address: 0013.0013.0013.0013
252000	19	[INFO: Main      ] Tentative link-local IPv6 address: fe80::213:13:13:13
252000	19	IDS	init	window=300	dis_thr=3	block_thr=2	temp_block=60	warmup=0	mode=paper	eval=300
302000	11	[INFO: Main      ] Starting Contiki-NG-release/v5.2-dirty
302000	11	[INFO: Main      ] - Routing: RPL Lite
302000	11	[INFO: Main      ] - Net: sicslowpan
302000	11	[INFO: Main      ] - MAC: CSMA
302000	11	[INFO: Main      ] - 802.15.4 PANID: 0xabcd
302000	11	[INFO: Main      ] - 802.15.4 Default channel: 26
302000	11	[INFO: Main      ] Node ID: 11
302000	11	[INFO: Main      ] Link-layer address: 000b.000b.000b.000b
302000	11	[INFO: Main      ] Tentative link-local IPv6 address: fe80::20b:b:b:b
302000	11	IDS	init	window=300	dis_thr=3	block_thr=2	temp_block=60	warmup=0	mode=paper	eval=300
346000	16	[INFO: Main      ] Starting Contiki-NG-release/v5.2-dirty
346000	16	[INFO: Main      ] - Routing: RPL Lite
346000	16	[INFO: Main      ] - Net: sicslowpan
346000	16	[INFO: Main      ] - MAC: CSMA
346000	16	[INFO: Main      ] - 802.15.4 PANID: 0xabcd
346000	16	[INFO: Main      ] - 802.15.4 Default channel: 26
346000	16	[INFO: Main      ] Node ID: 16
346000	16	[INFO: Main      ] Link-layer address: 0010.0010.0010.0010
346000	16	[INFO: Main      ] Tentative link-local IPv6 address: fe80::210:10:10:10
346000	16	IDS	init	window=300	dis_thr=3	block_thr=2	temp_block=60	warmup=0	mode=paper	eval=300
369000	20	[INFO: Main      ] Starting Contiki-NG-release/v5.2-dirty
369000	20	[INFO: Main      ] - Routing: RPL Lite
369000	20	[INFO: Main      ] - Net: sicslowpan
369000	20	[INFO: Main      ] - MAC: CSMA
369000	20	[INFO: Main      ] - 802.15.4 PANID: 0xabcd
369000	20	[INFO: Main      ] - 802.15.4 Default channel: 26
369000	20	[INFO: Main      ] Node ID: 20
369000	20	[INFO: Main      ] Link-layer address: 0014.0014.0014.0014
369000	20	[INFO: Main      ] Tentative link-local IPv6 address: fe80::214:14:14:14
369000	20	IDS	init	window=300	dis_thr=3	block_thr=2	temp_block=60	warmup=0	mode=paper	eval=300
505000	8	[INFO: Main      ] Starting Contiki-NG-release/v5.2-dirty
505000	8	[INFO: Main      ] - Routing: RPL Lite
505000	8	[INFO: Main      ] - Net: sicslowpan
505000	8	[INFO: Main      ] - MAC: CSMA
505000	8	[INFO: Main      ] - 802.15.4 PANID: 0xabcd
505000	8	[INFO: Main      ] - 802.15.4 Default channel: 26
505000	8	[INFO: Main      ] Node ID: 8
505000	8	[INFO: Main      ] Link-layer address: 0008.0008.0008.0008
505000	8	[INFO: Main      ] Tentative link-local IPv6 address: fe80::208:8:8:8
505000	8	IDS	init	window=300	dis_thr=3	block_thr=2	temp_block=60	warmup=0	mode=paper	eval=300
541000	14	[INFO: Main      ] Starting Contiki-NG-release/v5.2-dirty
541000	14	[INFO: Main      ] - Routing: RPL Lite
541000	14	[INFO: Main      ] - Net: sicslowpan
541000	14	[INFO: Main      ] - MAC: CSMA
541000	14	[INFO: Main      ] - 802.15.4 PANID: 0xabcd
541000	14	[INFO: Main      ] - 802.15.4 Default channel: 26
541000	14	[INFO: Main      ] Node ID: 14
541000	14	[INFO: Main      ] Link-layer address: 000e.000e.000e.000e
541000	14	[INFO: Main      ] Tentative link-local IPv6 address: fe80::20e:e:e:e
541000	14	IDS	init	window=300	dis_thr=3	block_thr=2	temp_block=60	warmup=0	mode=paper	eval=300
549000	1	[INFO: Main      ] Starting Contiki-NG-release/v5.2-dirty
549000	1	[INFO: Main      ] - Routing: RPL Lite
549000	1	[INFO: Main      ] - Net: sicslowpan
549000	1	[INFO: Main      ] - MAC: CSMA
549000	1	[INFO: Main      ] - 802.15.4 PANID: 0xabcd
549000	1	[INFO: Main      ] - 802.15.4 Default channel: 26
549000	1	[INFO: Main      ] Node ID: 1
549000	1	[INFO: Main      ] Link-layer address: 0001.0001.0001.0001
549000	1	[INFO: Main      ] Tentative link-local IPv6 address: fe80::201:1:1:1
549000	1	ROOT	start
642000	3	[INFO: Main      ] Starting Contiki-NG-release/v5.2-dirty
642000	3	[INFO: Main      ] - Routing: RPL Lite
642000	3	[INFO: Main      ] - Net: sicslowpan
642000	3	[INFO: Main      ] - MAC: CSMA
642000	3	[INFO: Main      ] - 802.15.4 PANID: 0xabcd
642000	3	[INFO: Main      ] - 802.15.4 Default channel: 26
642000	3	[INFO: Main      ] Node ID: 3
642000	3	[INFO: Main      ] Link-layer address: 0003.0003.0003.0003
642000	3	[INFO: Main      ] Tentative link-local IPv6 address: fe80::203:3:3:3
642000	3	IDS	init	window=300	dis_thr=3	block_thr=2	temp_block=60	warmup=0	mode=paper	eval=300
692000	15	[INFO: Main      ] Starting Contiki-NG-release/v5.2-dirty
692000	15	[INFO: Main      ] - Routing: RPL Lite
692000	15	[INFO: Main      ] - Net: sicslowpan
692000	15	[INFO: Main      ] - MAC: CSMA
692000	15	[INFO: Main      ] - 802.15.4 PANID: 0xabcd
692000	15	[INFO: Main      ] - 802.15.4 Default channel: 26
692000	15	[INFO: Main      ] Node ID: 15
692000	15	[INFO: Main      ] Link-layer address: 000f.000f.000f.000f
692000	15	[INFO: Main      ] Tentative link-local IPv6 address: fe80::20f:f:f:f
692000	15	IDS	init	window=300	dis_thr=3	block_thr=2	temp_block=60	warmup=0	mode=paper	eval=300
765000	2	[INFO: Main      ] Starting Contiki-NG-release/v5.2-dirty
765000	2	[INFO: Main      ] - Routing: RPL Lite
765000	2	[INFO: Main      ] - Net: sicslowpan
765000	2	[INFO: Main      ] - MAC: CSMA
765000	2	[INFO: Main      ] - 802.15.4 PANID: 0xabcd
765000	2	[INFO: Main      ] - 802.15.4 Default channel: 26
765000	2	[INFO: Main      ] Node ID: 2
765000	2	[INFO: Main      ] Link-layer address: 0002.0002.0002.0002
765000	2	[INFO: Main      ] Tentative link-local IPv6 address: fe80::202:2:2:2
765000	2	IDS	init	window=300	dis_thr=3	block_thr=2	temp_block=60	warmup=0	mode=paper	eval=300
815000	7	[INFO: Main      ] Starting Contiki-NG-release/v5.2-dirty
815000	7	[INFO: Main      ] - Routing: RPL Lite
815000	7	[INFO: Main      ] - Net: sicslowpan
815000	7	[INFO: Main      ] - MAC: CSMA
815000	7	[INFO: Main      ] - 802.15.4 PANID: 0xabcd
815000	7	[INFO: Main      ] - 802.15.4 Default channel: 26
815000	7	[INFO: Main      ] Node ID: 7
815000	7	[INFO: Main      ] Link-layer address: 0007.0007.0007.0007
815000	7	[INFO: Main      ] Tentative link-local IPv6 address: fe80::207:7:7:7
815000	7	IDS	init	window=300	dis_thr=3	block_thr=2	temp_block=60	warmup=0	mode=paper	eval=300
862000	17	[INFO: Main      ] Starting Contiki-NG-release/v5.2-dirty
862000	17	[INFO: Main      ] - Routing: RPL Lite
862000	17	[INFO: Main      ] - Net: sicslowpan
862000	17	[INFO: Main      ] - MAC: CSMA
862000	17	[INFO: Main      ] - 802.15.4 PANID: 0xabcd
862000	17	[INFO: Main      ] - 802.15.4 Default channel: 26
862000	17	[INFO: Main      ] Node ID: 17
862000	17	[INFO: Main      ] Link-layer address: 0011.0011.0011.0011
862000	17	[INFO: Main      ] Tentative link-local IPv6 address: fe80::211:11:11:11
862000	17	IDS	init	window=300	dis_thr=3	block_thr=2	temp_block=60	warmup=0	mode=paper	eval=300
907000	9	[INFO: Main      ] Starting Contiki-NG-release/v5.2-dirty
907000	9	[INFO: Main      ] - Routing: RPL Lite
907000	9	[INFO: Main      ] - Net: sicslowpan
907000	9	[INFO: Main      ] - MAC: CSMA
907000	9	[INFO: Main      ] - 802.15.4 PANID: 0xabcd
907000	9	[INFO: Main      ] - 802.15.4 Default channel: 26
907000	9	[INFO: Main      ] Node ID: 9
907000	9	[INFO: Main      ] Link-layer address: 0009.0009.0009.0009
907000	9	[INFO: Main      ] Tentative link-local IPv6 address: fe80::209:9:9:9
907000	9	IDS	init	window=300	dis_thr=3	block_thr=2	temp_block=60	warmup=0	mode=paper	eval=300
971000	4	[INFO: Main      ] Starting Contiki-NG-release/v5.2-dirty
971000	4	[INFO: Main      ] - Routing: RPL Lite
971000	4	[INFO: Main      ] - Net: sicslowpan
971000	4	[INFO: Main      ] - MAC: CSMA
971000	4	[INFO: Main      ] - 802.15.4 PANID: 0xabcd
971000	4	[INFO: Main      ] - 802.15.4 Default channel: 26
971000	4	[INFO: Main      ] Node ID: 4
971000	4	[INFO: Main      ] Link-layer address: 0004.0004.0004.0004
971000	4	[INFO: Main      ] Tentative link-local IPv6 address: fe80::204:4:4:4
971000	4	IDS	init	window=300	dis_thr=3	block_thr=2	temp_block=60	warmup=0	mode=paper	eval=300
999000	13	[INFO: Main      ] Starting Contiki-NG-release/v5.2-dirty
999000	13	[INFO: Main      ] - Routing: RPL Lite
999000	13	[INFO: Main      ] - Net: sicslowpan
999000	13	[INFO: Main      ] - MAC: CSMA
999000	13	[INFO: Main      ] - 802.15.4 PANID: 0xabcd
999000	13	[INFO: Main      ] - 802.15.4 Default channel: 26
999000	13	[INFO: Main      ] Node ID: 13
999000	13	[INFO: Main      ] Link-layer address: 000d.000d.000d.000d
999000	13	[INFO: Main      ] Tentative link-local IPv6 address: fe80::20d:d:d:d
999000	13	IDS	init	window=300	dis_thr=3	block_thr=2	temp_block=60	warmup=0	mode=paper	eval=300
3007040	2	EV	DIO	1
3007040	2	[WARN: RPL       ] just joined, no parent yet, setting timer for leaving
3007040	3	EV	DIO	1
3007040	3	[WARN: RPL       ] just joined, no parent yet, setting timer for leaving
3007040	4	EV	DIO	1
3007040	4	[WARN: RPL       ] just joined, no parent yet, setting timer for leaving
3007040	5	EV	DIO	1
3007040	5	[WARN: RPL       ] just joined, no parent yet, setting timer for leaving
3007040	8	EV	DIO	1
3007040	8	[WARN: RPL       ] just joined, no parent yet, setting timer for leaving
3007040	9	EV	DIO	1
3007040	9	[WARN: RPL       ] just joined, no parent yet, setting timer for leaving
3007040	10	EV	DIO	1
3007040	10	[WARN: RPL       ] just joined, no parent yet, setting timer for leaving
3007040	6	[WARN: RPL       ] just joined, no parent yet, setting timer for leaving
7659296	10	PAR	0	1	1
7659296	10	[WARN: RPL       ] found parent: fe80::201:1:1:1, staying in DAG
9792296	3	PAR	0	1	1
9792296	3	[WARN: RPL       ] found parent: fe80::201:1:1:1, staying in DAG
10193296	4	PAR	0	1	1
10193296	4	[WARN: RPL       ] found parent: fe80::201:1:1:1, staying in DAG
10458296	6	PAR	0	1	1
10458296	6	[WARN: RPL       ] found parent: fe80::201:1:1:1, staying in DAG
10495296	5	PAR	0	1	1
10495296	5	[WARN: RPL       ] found parent: fe80::201:1:1:1, staying in DAG
11052296	9	PAR	0	1	1
11052296	9	[WARN: RPL       ] found parent: fe80::201:1:1:1, staying in DAG
12305040	2	EV	DIO	1
12305040	3	EV	DIO	1
12305040	4	EV	DIO	1
12305040	5	EV	DIO	1
12305040	8	EV	DIO	1
12305040	9	EV	DIO	1
12305040	10	EV	DIO	1
13733040	3	EV	DIO	10
13733040	4	EV	DIO	10
13733040	5	EV	DIO	10
13733040	8	EV	DIO	10
13733040	9	EV	DIO	10
13733040	11	EV	DIO	10
13733040	11	[WARN: RPL       ] just joined, no parent yet, setting timer for leaving
13733040	13	EV	DIO	10
13733040	13	[WARN: RPL       ] just joined, no parent yet, setting timer for leaving
13733040	14	EV	DIO	10
13733040	14	[WARN: RPL       ] just joined, no parent yet, setting timer for leaving
13733040	15	EV	DIO	10
13733040	15	[WARN: RPL       ] just joined, no parent yet, setting timer for leaving
13733040	16	EV	DIO	10
13733040	16	[WARN: RPL       ] just joined, no parent yet, setting timer for leaving
13733040	19	EV	DIO	10
13733040	19	[WARN: RPL       ] just joined, no parent yet, setting timer for leaving
13733040	20	EV	DIO	10
13733040	20	[WARN: RPL       ] just joined, no parent yet, setting timer for leaving
13879296	10	EV	DIO	14
13930296	10	EV	DIO	13
13949296	10	EV	DIO	14
14016296	2	PAR	0	1	1
14016296	2	[WARN: RPL       ] found parent: fe80::201:1:1:1, staying in DAG
14129296	10	EV	DIO	11
14237296	8	PAR	0	1	1
14237296	8	[WARN: RPL       ] found parent: fe80::201:1:1:1, staying in DAG
14929296	10	EV	DIO	11
15239296	10	EV	DIO	16
15360296	10	EV	DIO	14
15515800	8	EV	DIS	19
15515800	9	EV	DIS	19
15515800	10	EV	DIS	19
15515800	12	EV	DIS	19
15515800	12	[WARN: RPL       ] dis_input: not in an instance yet, discard
15515800	13	EV	DIS	19
15515800	14	EV	DIS	19
15515800	15	EV	DIS	19
15515800	16	EV	DIS	19
15515800	17	EV	DIS	19
15515800	17	[WARN: RPL       ] dis_input: not in an instance yet, discard
15515800	18	EV	DIS	19
15515800	18	[WARN: RPL       ] dis_input: not in an instance yet, discard
15515800	20	EV	DIS	19
15771296	10	EV	DIO	19
15786800	5	EV	DIS	16
15786800	9	EV	DIS	16
15786800	10	EV	DIS	16
15786800	11	EV	DIS	16
15786800	14	EV	DIS	16
15786800	15	EV	DIS	16
15786800	19	EV	DIS	16
15786800	20	EV	DIS	16
15871296	10	EV	DIO	20
16027040	4	EV	DIO	6
16027040	5	EV	DIO	6
16027040	9	EV	DIO	6
16027040	10	EV	DIO	6
16027040	11	EV	DIO	6
16027040	15	EV	DIO	6
16027040	16	EV	DIO	6
16069040	2	EV	DIO	9
16069040	3	EV	DIO	9
16069040	4	EV	DIO	9
16069040	5	EV	DIO	9
16069040	7	EV	DIO	9
16069040	7	[WARN: RPL       ] just joined, no parent yet, setting timer for leaving
16069040	8	EV	DIO	9
16069040	10	EV	DIO	9
16069040	11	EV	DIO	9
16069040	12	EV	DIO	9
16069040	12	[WARN: RPL       ] just joined, no parent yet, setting timer for leaving
16069040	13	EV	DIO	9
16069040	14	EV	DIO	9
16069040	15	EV	DIO	9
16069040	16	EV	DIO	9
16069040	18	EV	DIO	9
16069040	18	[WARN: RPL       ] just joined, no parent yet, setting timer for leaving
16069040	19	EV	DIO	9
16069040	20	EV	DIO	9
16116296	10	EV	DIO	16
16155296	10	EV	DIO	20
16191800	7	EV	DIS	17
16191800	8	EV	DIS	17
16191800	12	EV	DIS	17
16191800	13	EV	DIS	17
16191800	14	EV	DIS	17
16191800	18	EV	DIS	17
16191800	19	EV	DIS	17
16313040	2	EV	DIO	3
16313040	4	EV	DIO	3
16313040	5	EV	DIO	3
16313040	7	EV	DIO	3
16313040	8	EV	DIO	3
16313040	9	EV	DIO	3
16313040	10	EV	DIO	3
16313040	12	EV	DIO	3
16313040	13	EV	DIO	3
16313040	14	EV	DIO	3
16614040	3	EV	DIO	5
16614040	4	EV	DIO	5
16614040	8	EV	DIO	5
16614040	9	EV	DIO	5
16614040	10	EV	DIO	5
16614040	11	EV	DIO	5
16614040	14	EV	DIO	5
16614040	15	EV	DIO	5
16614040	16	EV	DIO	5
16824040	2	EV	DIO	4
16824040	3	EV	DIO	4
16824040	5	EV	DIO	4
16824040	7	EV	DIO	4
16824040	8	EV	DIO	4
16824040	9	EV	DIO	4
16824040	10	EV	DIO	4
16824040	11	EV	DIO	4
16824040	13	EV	DIO	4
16824040	14	EV	DIO	4
16824040	15	EV	DIO	4
17057296	10	EV	DIO	11
17169296	10	EV	DIO	19
17259296	10	EV	DIO	13
17285296	9	EV	DIO	18
17601296	10	EV	DIO	15
18200296	10	EV	DIO	11
18200296	11	PAR	0	10	1
18200296	11	[WARN: RPL       ] found parent: fe80::20a:a:a:a, staying in DAG
18297296	10	EV	DIO	20
18331296	9	EV	DIO	7
18476040	3	EV	DIO	10
18476040	4	EV	DIO	10
18476040	5	EV	DIO	10
18476040	8	EV	DIO	10
18476040	9	EV	DIO	10
18476040	11	EV	DIO	10
18476040	13	EV	DIO	10
18476040	14	EV	DIO	10
18476040	15	EV	DIO	10
18476040	16	EV	DIO	10
18476040	19	EV	DIO	10
18476040	20	EV	DIO	10
18743296	9	EV	DIO	12
18775000	2	TX	0
18810376	1	RX	2	0
18934296	9	EV	DIO	18
19094296	9	EV	DIO	18
19106296	10	EV	DIO	19
19119000	10	TX	0
19127376	1	RX	10	0
19170296	10	EV	DIO	14
19170296	14	PAR	0	10	1
19170296	14	[WARN: RPL       ] found parent: fe80::20a:a:a:a, staying in DAG
19337296	10	EV	DIO	16
19949800	7	EV	DIS	18
19949800	8	EV	DIS	18
19949800	9	EV	DIS	18
19949800	12	EV	DIS	18
19949800	13	EV	DIS	18
19949800	14	EV	DIS	18
19949800	15	EV	DIS	18
19949800	17	EV	DIS	18
19949800	17	[WARN: RPL       ] dis_input: not in an instance yet, discard
19949800	19	EV	DIS	18
19949800	20	EV	DIS	18
20206000	9	TX	0
20215376	1	RX	9	0
20562296	9	EV	DIO	13
20862296	10	EV	DIO	15
21003800	2	EV	DIS	7
21003800	3	EV	DIS	7
21003800	4	EV	DIS	7
21003800	8	EV	DIS	7
21003800	9	EV	DIS	7
21003800	12	EV	DIS	7
21003800	13	EV	DIS	7
21003800	14	EV	DIS	7
21003800	17	EV	DIS	7
21003800	17	[WARN: RPL       ] dis_input: not in an instance yet, discard
21003800	18	EV	DIS	7
21020296	10	EV	DIO	20
21020296	20	PAR	0	10	1
21020296	20	[WARN: RPL       ] found parent: fe80::20a:a:a:a, staying in DAG
21352040	3	EV	DIO	2
21352040	4	EV	DIO	2
21352040	7	EV	DIO	2
21352040	8	EV	DIO	2
21352040	9	EV	DIO	2
21352040	12	EV	DIO	2
21352040	13	EV	DIO	2
21525296	9	EV	DIO	18
21525296	18	PAR	0	9	1
21525296	18	[WARN: RPL       ] found parent: fe80::209:9:9:9, staying in DAG
21563040	2	EV	DIO	8
21563040	3	EV	DIO	8
21563040	4	EV	DIO	8
21563040	5	EV	DIO	8
21563040	7	EV	DIO	8
21563040	9	EV	DIO	8
21563040	10	EV	DIO	8
21563040	12	EV	DIO	8
21563040	13	EV	DIO	8
21563040	14	EV	DIO	8
21563040	15	EV	DIO	8
21563040	17	EV	DIO	8
21563040	17	[WARN: RPL       ] just joined, no parent yet, setting timer for leaving
21563040	18	EV	DIO	8
21563040	19	EV	DIO	8
21606296	10	EV	DIO	16
21606296	16	PAR	0	10	1
21606296	16	[WARN: RPL       ] found parent: fe80::20a:a:a:a, staying in DAG
21686296	10	EV	DIO	15
21969296	9	EV	DIO	12
22276296	3	EV	DIO	7
23078296	10	EV	DIO	19
23078296	19	PAR	0	10	1
23078296	19	[WARN: RPL       ] found parent: fe80::20a:a:a:a, staying in DAG
23213040	2	EV	DIO	9
23213040	3	EV	DIO	9
23213040	4	EV	DIO	9
23213040	5	EV	DIO	9
23213040	7	EV	DIO	9
23213040	8	EV	DIO	9
23213040	10	EV	DIO	9
23213040	11	EV	DIO	9
23213040	12	EV	DIO	9
23213040	13	EV	DIO	9
23213040	14	EV	DIO	9
23213040	15	EV	DIO	9
23213040	16	EV	DIO	9
23213040	18	EV	DIO	9
23213040	19	EV	DIO	9
23213040	20	EV	DIO	9
23222296	9	EV	DIO	13
23423040	2	EV	DIO	3
23423040	4	EV	DIO	3
23423040	5	EV	DIO	3
23423040	7	EV	DIO	3
23423040	8	EV	DIO	3
23423040	9	EV	DIO	3
23423040	10	EV	DIO	3
23423040	12	EV	DIO	3
23423040	13	EV	DIO	3
23423040	14	EV	DIO	3
23431040	4	EV	DIO	6
23431040	5	EV	DIO	6
23431040	9	EV	DIO	6
23431040	10	EV	DIO	6
23431040	11	EV	DIO	6
23431040	15	EV	DIO	6
23431040	16	EV	DIO	6
23502296	3	EV	DIO	7
23738296	10	EV	DIO	15
23738296	15	PAR	0	10	1
23738296	15	[WARN: RPL       ] found parent: fe80::20a:a:a:a, staying in DAG
23816040	3	EV	DIO	5
23816040	4	EV	DIO	5
23816040	8	EV	DIO	5
23816040	9	EV	DIO	5
23816040	10	EV	DIO	5
23816040	11	EV	DIO	5
23816040	14	EV	DIO	5
23816040	15	EV	DIO	5
23816040	16	EV	DIO	5
24087040	3	EV	DIO	10
24087040	4	EV	DIO	10
24087040	5	EV	DIO	10
24087040	8	EV	DIO	10
24087040	9	EV	DIO	10
24087040	11	EV	DIO	10
24087040	13	EV	DIO	10
24087040	14	EV	DIO	10
24087040	15	EV	DIO	10
24087040	16	EV	DIO	10
24087040	19	EV	DIO	10
24087040	20	EV	DIO	10
24104000	6	TX	0
24111376	1	RX	6	0
24956040	2	EV	DIO	4
24956040	3	EV	DIO	4
24956040	5	EV	DIO	4
24956040	7	EV	DIO	4
24956040	8	EV	DIO	4
24956040	9	EV	DIO	4
24956040	10	EV	DIO	4
24956040	11	EV	DIO	4
24956040	13	EV	DIO	4
24956040	14	EV	DIO	4
24956040	15	EV	DIO	4
25146040	4	EV	DIO	11
25146040	5	EV	DIO	11
25146040	9	EV	DIO	11
25146040	10	EV	DIO	11
25146040	14	EV	DIO	11
25146040	15	EV	DIO	11
25146040	16	EV	DIO	11
25146040	20	EV	DIO	11
25182296	8	EV	DIO	17
25228000	3	TX	0
25237376	1	RX	3	0
25500000	11	TX	0
25579664	1	RX	11	0
25586040	3	EV	DIO	14
25586040	4	EV	DIO	14
25586040	5	EV	DIO	14
25586040	7	EV	DIO	14
25586040	8	EV	DIO	14
25586040	9	EV	DIO	14
25586040	10	EV	DIO	14
25586040	11	EV	DIO	14
25586040	12	EV	DIO	14
25586040	13	EV	DIO	14
25586040	15	EV	DIO	14
25586040	16	EV	DIO	14
25586040	17	EV	DIO	14
25586040	18	EV	DIO	14
25586040	19	EV	DIO	14
25586040	20	EV	DIO	14
25625296	9	EV	DIO	13
25761296	9	EV	DIO	12
26627296	3	EV	DIO	7
26842040	2	EV	DIO	1
26842040	3	EV	DIO	1
26842040	4	EV	DIO	1
26842040	5	EV	DIO	1
26842040	8	EV	DIO	1
26842040	9	EV	DIO	1
26842040	10	EV	DIO	1
27340296	9	EV	DIO	12
27340296	12	PAR	0	9	1
27340296	12	[WARN: RPL       ] found parent: fe80::209:9:9:9, staying in DAG
27427000	4	TX	0
27466376	1	RX	4	0
27533040	5	EV	DIO	16
27533040	9	EV	DIO	16
27533040	10	EV	DIO	16
27533040	11	EV	DIO	16
27533040	14	EV	DIO	16
27533040	15	EV	DIO	16
27533040	19	EV	DIO	16
27533040	20	EV	DIO	16
28409296	3	EV	DIO	7
28409296	7	PAR	0	3	1
28409296	7	[WARN: RPL       ] found parent: fe80::203:3:3:3, staying in DAG
28725296	8	EV	DIO	17
28919296	8	EV	DIO	17
29281040	8	EV	DIO	19
29281040	9	EV	DIO	19
29281040	10	EV	DIO	19
29281040	12	EV	DIO	19
29281040	13	EV	DIO	19
29281040	14	EV	DIO	19
29281040	15	EV	DIO	19
29281040	16	EV	DIO	19
29281040	17	EV	DIO	19
29281040	18	EV	DIO	19
29281040	20	EV	DIO	19
29288040	2	EV	DIO	8
29288040	3	EV	DIO	8
29288040	4	EV	DIO	8
29288040	5	EV	DIO	8
29288040	7	EV	DIO	8
29288040	9	EV	DIO	8
29288040	10	EV	DIO	8
29288040	12	EV	DIO	8
29288040	13	EV	DIO	8
29288040	14	EV	DIO	8
29288040	15	EV	DIO	8
29288040	17	EV	DIO	8
29288040	18	EV	DIO	8
29288040	19	EV	DIO	8
29534296	8	EV	DIO	17
29534296	17	PAR	0	8	1
29534296	17	[WARN: RPL       ] found parent: fe80::208:8:8:8, staying in DAG
29599296	9	EV	DIO	13
29599296	13	PAR	0	9	1
29599296	13	[WARN: RPL       ] found parent: fe80::209:9:9:9, staying in DAG
29927040	3	EV	DIO	2
29927040	4	EV	DIO	2
29927040	7	EV	DIO	2
29927040	8	EV	DIO	2
29927040	9	EV	DIO	2
29927040	12	EV	DIO	2
29927040	13	EV	DIO	2
30065000	5	STAT	299	1	1	0	10	10
30086000	18	STAT	525	9	1	0	4	6
30137000	12	STAT	0	0	1	0	6	9
30231040	7	EV	DIO	18
30231040	8	EV	DIO	18
30231040	9	EV	DIO	18
30231040	12	EV	DIO	18
30231040	13	EV	DIO	18
30231040	14	EV	DIO	18
30231040	15	EV	DIO	18
30231040	17	EV	DIO	18
30231040	19	EV	DIO	18
30231040	20	EV	DIO	18
30240000	10	STAT	288	1	1	1	14	14
30252000	19	STAT	509	10	1	0	6	7
30302000	11	STAT	467	10	1	1	7	7
30346000	16	STAT	472	10	1	0	7	7
30369000	20	STAT	497	10	1	0	7	7
30505000	8	STAT	336	1	1	0	11	12
30541000	14	STAT	472	10	1	0	10	12
30549000	1	RSTAT	7	8	0
30604040	4	EV	DIO	15
30604040	5	EV	DIO	15
30604040	8	EV	DIO	15
30604040	9	EV	DIO	15
30604040	10	EV	DIO	15
30604040	11	EV	DIO	15
30604040	13	EV	DIO	15
30604040	14	EV	DIO	15
30604040	16	EV	DIO	15
30604040	18	EV	DIO	15
30604040	19	EV	DIO	15
30604040	20	EV	DIO	15
30642000	3	STAT	294	1	1	1	9	9
30692000	15	STAT	472	10	1	0	11	11
30765000	2	STAT	328	1	1	1	5	6
30815000	7	STAT	0	0	1	0	7	8
30862000	17	STAT	0	0	1	0	4	5
30907000	9	STAT	310	1	1	1	17	17
30971000	4	STAT	294	1	1	1	11	12
30999000	13	STAT	0	0	1	0	10	12
31609040	2	EV	DIO	4
31609040	3	EV	DIO	4
31609040	5	EV	DIO	4
31609040	7	EV	DIO	4
31609040	8	EV	DIO	4
31609040	9	EV	DIO	4
31609040	10	EV	DIO	4
31609040	11	EV	DIO	4
31609040	13	EV	DIO	4
31609040	14	EV	DIO	4
31609040	15	EV	DIO	4
31690000	16	TX	0
31751664	1	RX	16	0
32241040	2	EV	DIO	9
32241040	3	EV	DIO	9
32241040	4	EV	DIO	9
32241040	5	EV	DIO	9
32241040	7	EV	DIO	9
32241040	8	EV	DIO	9
32241040	10	EV	DIO	9
32241040	11	EV	DIO	9
32241040	12	EV	DIO	9
32241040	13	EV	DIO	9
32241040	14	EV	DIO	9
32241040	15	EV	DIO	9
32241040	16	EV	DIO	9
32241040	18	EV	DIO	9
32241040	19	EV	DIO	9
32241040	20	EV	DIO	9
32663040	2	EV	DIO	3
32663040	4	EV	DIO	3
32663040	5	EV	DIO	3
32663040	7	EV	DIO	3
32663040	8	EV	DIO	3
32663040	9	EV	DIO	3
32663040	10	EV	DIO	3
32663040	12	EV	DIO	3
32663040	13	EV	DIO	3
32663040	14	EV	DIO	3
32878000	5	TX	0
32917376	1	RX	5	0
33230040	3	EV	DIO	14
33230040	4	EV	DIO	14
33230040	5	EV	DIO	14
33230040	7	EV	DIO	14
33230040	8	EV	DIO	14
33230040	9	EV	DIO	14
33230040	10	EV	DIO	14
33230040	11	EV	DIO	14
33230040	12	EV	DIO	14
33230040	13	EV	DIO	14
33230040	15	EV	DIO	14
33230040	16	EV	DIO	14
33230040	17	EV	DIO	14
33230040	18	EV	DIO	14
33230040	19	EV	DIO	14
33230040	20	EV	DIO	14
33489040	5	EV	DIO	16
33489040	9	EV	DIO	16
33489040	10	EV	DIO	16
33489040	11	EV	DIO	16
33489040	14	EV	DIO	16
33489040	15	EV	DIO	16
33489040	19	EV	DIO	16
33489040	20	EV	DIO	16
33630040	4	EV	DIO	6
33630040	5	EV	DIO	6
33630040	9	EV	DIO	6
33630040	10	EV	DIO	6
33630040	11	EV	DIO	6
33630040	15	EV	DIO	6
33630040	16	EV	DIO	6
34751000	19	TX	0
34792664	1	RX	19	0
35347040	9	EV	DIO	20
35347040	10	EV	DIO	20
35347040	11	EV	DIO	20
35347040	13	EV	DIO	20
35347040	14	EV	DIO	20
35347040	15	EV	DIO	20
35347040	16	EV	DIO	20
35347040	18	EV	DIO	20
35347040	19	EV	DIO	20
35491000	14	TX	0
35539040	2	EV	DIO	13
35539040	3	EV	DIO	13
35539040	4	EV	DIO	13
35539040	7	EV	DIO	13
35539040	8	EV	DIO	13
35539040	9	EV	DIO	13
35539040	10	EV	DIO	13
35539040	12	EV	DIO	13
35539040	14	EV	DIO	13
35539040	15	EV	DIO	13
35539040	17	EV	DIO	13
35539040	18	EV	DIO	13
35539040	19	EV	DIO	13
35539040	20	EV	DIO	13
35550664	1	RX	14	0
35682040	7	EV	DIO	17
35682040	8	EV	DIO	17
35682040	12	EV	DIO	17
35682040	13	EV	DIO	17
35682040	14	EV	DIO	17
35682040	18	EV	DIO	17
35682040	19	EV	DIO	17
35801040	7	EV	DIO	18
35801040	8	EV	DIO	18
35801040	9	EV	DIO	18
35801040	12	EV	DIO	18
35801040	13	EV	DIO	18
35801040	14	EV	DIO	18
35801040	15	EV	DIO	18
35801040	17	EV	DIO	18
35801040	19	EV	DIO	18
35801040	20	EV	DIO	18
35852040	2	EV	DIO	7
35852040	3	EV	DIO	7
35852040	4	EV	DIO	7
35852040	8	EV	DIO	7
35852040	9	EV	DIO	7
35852040	12	EV	DIO	7
35852040	13	EV	DIO	7
35852040	14	EV	DIO	7
35852040	17	EV	DIO	7
35852040	18	EV	DIO	7
36198040	2	EV	DIO	12
36198040	3	EV	DIO	12
36198040	7	EV	DIO	12
36198040	8	EV	DIO	12
36198040	9	EV	DIO	12
36198040	13	EV	DIO	12
36198040	14	EV	DIO	12
36198040	17	EV	DIO	12
36198040	18	EV	DIO	12
36198040	19	EV	DIO	12
36266040	4	EV	DIO	15
36266040	5	EV	DIO	15
36266040	8	EV	DIO	15
36266040	9	EV	DIO	15
36266040	10	EV	DIO	15
36266040	11	EV	DIO	15
36266040	13	EV	DIO	15
36266040	14	EV	DIO	15
36266040	16	EV	DIO	15
36266040	18	EV	DIO	15
36266040	19	EV	DIO	15
36266040	20	EV	DIO	15
36878040	8	EV	DIO	19
36878040	9	EV	DIO	19
36878040	10	EV	DIO	19
36878040	12	EV	DIO	19
36878040	13	EV	DIO	19
36878040	14	EV	DIO	19
36878040	15	EV	DIO	19
36878040	16	EV	DIO	19
36878040	17	EV	DIO	19
36878040	18	EV	DIO	19
36878040	20	EV	DIO	19
37554040	3	EV	DIO	5
37554040	4	EV	DIO	5
37554040	8	EV	DIO	5
37554040	9	EV	DIO	5
37554040	10	EV	DIO	5
37554040	11	EV	DIO	5
37554040	14	EV	DIO	5
37554040	15	EV	DIO	5
37554040	16	EV	DIO	5
38283000	13	TX	0
38361664	1	RX	13	0
39277000	17	TX	0
39342664	1	RX	17	0
40081040	3	EV	DIO	10
40081040	4	EV	DIO	10
40081040	5	EV	DIO	10
40081040	8	EV	DIO	10
40081040	9	EV	DIO	10
40081040	11	EV	DIO	10
40081040	13	EV	DIO	10
40081040	14	EV	DIO	10
40081040	15	EV	DIO	10
40081040	16	EV	DIO	10
40081040	19	EV	DIO	10
40081040	20	EV	DIO	10
40505040	2	EV	DIO	8
40505040	3	EV	DIO	8
40505040	4	EV	DIO	8
40505040	5	EV	DIO	8
40505040	7	EV	DIO	8
40505040	9	EV	DIO	8
40505040	10	EV	DIO	8
40505040	12	EV	DIO	8
40505040	13	EV	DIO	8
40505040	14	EV	DIO	8
40505040	15	EV	DIO	8
40505040	17	EV	DIO	8
40505040	18	EV	DIO	8
40505040	19	EV	DIO	8
41053000	20	TX	0
41100664	1	RX	20	0
41256040	2	EV	DIO	12
41256040	3	EV	DIO	12
41256040	7	EV	DIO	12
41256040	8	EV	DIO	12
41256040	9	EV	DIO	12
41256040	13	EV	DIO	12
41256040	14	EV	DIO	12
41256040	17	EV	DIO	12
41256040	18	EV	DIO	12
41256040	19	EV	DIO	12
42013040	3	EV	DIO	2
42013040	4	EV	DIO	2
42013040	7	EV	DIO	2
42013040	8	EV	DIO	2
42013040	9	EV	DIO	2
42013040	12	EV	DIO	2
42013040	13	EV	DIO	2
42406040	2	EV	DIO	13
42406040	3	EV	DIO	13
42406040	4	EV	DIO	13
42406040	7	EV	DIO	13
42406040	8	EV	DIO	13
42406040	9	EV	DIO	13
42406040	10	EV	DIO	13
42406040	12	EV	DIO	13
42406040	14	EV	DIO	13
42406040	15	EV	DIO	13
42406040	17	EV	DIO	13
42406040	18	EV	DIO	13
42406040	19	EV	DIO	13
42406040	20	EV	DIO	13
42456040	2	EV	DIO	3
42456040	4	EV	DIO	3
42456040	5	EV	DIO	3
42456040	7	EV	DIO	3
42456040	8	EV	DIO	3
42456040	9	EV	DIO	3
42456040	10	EV	DIO	3
42456040	12	EV	DIO	3
42456040	13	EV	DIO	3
42456040	14	EV	DIO	3
43231040	7	EV	DIO	17
43231040	8	EV	DIO	17
43231040	12	EV	DIO	17
43231040	13	EV	DIO	17
43231040	14	EV	DIO	17
43231040	18	EV	DIO	17
43231040	19	EV	DIO	17
43502040	2	EV	DIO	7
43502040	3	EV	DIO	7
43502040	4	EV	DIO	7
43502040	8	EV	DIO	7
43502040	9	EV	DIO	7
43502040	12	EV	DIO	7
43502040	13	EV	DIO	7
43502040	14	EV	DIO	7
43502040	17	EV	DIO	7
43502040	18	EV	DIO	7
43749040	9	EV	DIO	20
43749040	10	EV	DIO	20
43749040	11	EV	DIO	20
43749040	13	EV	DIO	20
43749040	14	EV	DIO	20
43749040	15	EV	DIO	20
43749040	16	EV	DIO	20
43749040	18	EV	DIO	20
43749040	19	EV	DIO	20
44321000	18	TX	0
44370000	8	TX	0
44377664	1	RX	18	0
44398376	1	RX	8	0
44516040	5	EV	DIO	16
44516040	9	EV	DIO	16
44516040	10	EV	DIO	16
44516040	11	EV	DIO	16
44516040	14	EV	DIO	16
44516040	15	EV	DIO	16
44516040	19	EV	DIO	16
44516040	20	EV	DIO	16
44974040	2	EV	DIO	4
44974040	3	EV	DIO	4
44974040	5	EV	DIO	4
44974040	7	EV	DIO	4
44974040	8	EV	DIO	4
44974040	9	EV	DIO	4
44974040	10	EV	DIO	4
44974040	11	EV	DIO	4
44974040	13	EV	DIO	4
44974040	14	EV	DIO	4
44974040	15	EV	DIO	4
46018040	3	EV	DIO	14
46018040	4	EV	DIO	14
46018040	5	EV	DIO	14
46018040	7	EV	DIO	14
46018040	8	EV	DIO	14
46018040	9	EV	DIO	14
46018040	10	EV	DIO	14
46018040	11	EV	DIO	14
46018040	12	EV	DIO	14
46018040	13	EV	DIO	14
46018040	15	EV	DIO	14
46018040	16	EV	DIO	14
46018040	17	EV	DIO	14
46018040	18	EV	DIO	14
46018040	19	EV	DIO	14
46018040	20	EV	DIO	14
46153040	2	EV	DIO	9
46153040	3	EV	DIO	9
46153040	4	EV	DIO	9
46153040	5	EV	DIO	9
46153040	7	EV	DIO	9
46153040	8	EV	DIO	9
46153040	10	EV	DIO	9
46153040	11	EV	DIO	9
46153040	12	EV	DIO	9
46153040	13	EV	DIO	9
46153040	14	EV	DIO	9
46153040	15	EV	DIO	9
46153040	16	EV	DIO	9
46153040	18	EV	DIO	9
46153040	19	EV	DIO	9
46153040	20	EV	DIO	9
48402040	4	EV	DIO	11
48402040	5	EV	DIO	11
48402040	9	EV	DIO	11
48402040	10	EV	DIO	11
48402040	14	EV	DIO	11
48402040	15	EV	DIO	11
48402040	16	EV	DIO	11
48402040	20	EV	DIO	11
48577000	10	TX	1
48596376	1	RX	10	1
48613000	2	TX	1
48622376	1	RX	2	1
49564000	12	TX	0
49605664	1	RX	12	0
50631000	9	TX	1
50654376	1	RX	9	1
52248000	7	TX	0
52298664	1	RX	7	0
52647040	7	EV	DIO	18
52647040	8	EV	DIO	18
52647040	9	EV	DIO	18
52647040	12	EV	DIO	18
52647040	13	EV	DIO	18
52647040	14	EV	DIO	18
52647040	15	EV	DIO	18
52647040	17	EV	DIO	18
52647040	19	EV	DIO	18
52647040	20	EV	DIO	18
52672040	2	EV	DIO	7
52672040	3	EV	DIO	7
52672040	4	EV	DIO	7
52672040	8	EV	DIO	7
52672040	9	EV	DIO	7
52672040	12	EV	DIO	7
52672040	13	EV	DIO	7
52672040	14	EV	DIO	7
52672040	17	EV	DIO	7
52672040	18	EV	DIO	7
53221040	4	EV	DIO	15
53221040	5	EV	DIO	15
53221040	8	EV	DIO	15
53221040	9	EV	DIO	15
53221040	10	EV	DIO	15
53221040	11	EV	DIO	15
53221040	13	EV	DIO	15
53221040	14	EV	DIO	15
53221040	16	EV	DIO	15
53221040	18	EV	DIO	15
53221040	19	EV	DIO	15
53221040	20	EV	DIO	15
53225000	6	TX	1
53267376	1	RX	6	1
53906040	8	EV	DIO	19
53906040	9	EV	DIO	19
53906040	10	EV	DIO	19
53906040	12	EV	DIO	19
53906040	13	EV	DIO	19
53906040	14	EV	DIO	19
53906040	15	EV	DIO	19
53906040	16	EV	DIO	19
53906040	17	EV	DIO	19
53906040	18	EV	DIO	19
53906040	20	EV	DIO	19
54239040	7	EV	DIO	17
54239040	8	EV	DIO	17
54239040	12	EV	DIO	17
54239040	13	EV	DIO	17
54239040	14	EV	DIO	17
54239040	18	EV	DIO	17
54239040	19	EV	DIO	17
54400296	9	EV	DIO	10
54511000	11	TX	1
54569664	1	RX	11	1
55092000	15	TX	0
55153664	1	RX	15	0
55722000	3	TX	1
55738376	1	RX	3	1
57125296	10	EV	DIO	4
57357000	4	TX	1
57388376	1	RX	4	1
57566040	2	EV	DIO	13
57566040	3	EV	DIO	13
57566040	4	EV	DIO	13
57566040	7	EV	DIO	13
57566040	8	EV	DIO	13
57566040	9	EV	DIO	13
57566040	10	EV	DIO	13
57566040	12	EV	DIO	13
57566040	14	EV	DIO	13
57566040	15	EV	DIO	13
57566040	17	EV	DIO	13
57566040	18	EV	DIO	13
57566040	19	EV	DIO	13
57566040	20	EV	DIO	13
58419040	2	EV	DIO	12
58419040	3	EV	DIO	12
58419040	7	EV	DIO	12
58419040	8	EV	DIO	12
58419040	9	EV	DIO	12
58419040	13	EV	DIO	12
58419040	14	EV	DIO	12
58419040	17	EV	DIO	12
58419040	18	EV	DIO	12
58419040	19	EV	DIO	12
59600040	2	EV	DIO	1
59600040	3	EV	DIO	1
59600040	4	EV	DIO	1
59600040	5	EV	DIO	1
59600040	8	EV	DIO	1
59600040	9	EV	DIO	1
59600040	10	EV	DIO	1
60065000	5	STAT	294	1	1	1	11	11
60086000	18	STAT	490	9	1	1	10	10
60137000	12	STAT	500	9	1	1	10	10
60240000	10	STAT	269	1	1	2	14	14
60252000	19	STAT	478	10	1	1	11	11
60302000	11	STAT	440	10	1	2	9	9
60346000	16	STAT	444	10	1	1	9	9
60369000	20	STAT	467	10	1	1	9	9
60505000	8	STAT	313	1	1	1	15	15
60541000	14	STAT	444	10	1	1	16	16
60549000	1	RSTAT	26	8	0
60642000	3	STAT	283	1	1	2	11	11
60692000	15	STAT	444	10	1	1	13	13
60765000	2	STAT	320	1	1	2	8	8
60815000	7	STAT	456	3	1	1	10	10
60841000	16	TX	1
60862000	17	STAT	520	8	1	1	7	7
60873664	1	RX	16	1
60907000	9	STAT	283	1	1	2	18	18
60971000	4	STAT	290	1	1	2	13	13
60999000	13	STAT	456	9	1	1	14	14
61873296	10	EV	DIO	5
62358040	3	EV	DIO	10
62358040	4	EV	DIO	10
62358040	5	EV	DIO	10
62358040	8	EV	DIO	10
62358040	9	EV	DIO	10
62358040	11	EV	DIO	10
62358040	13	EV	DIO	10
62358040	14	EV	DIO	10
62358040	15	EV	DIO	10
62358040	16	EV	DIO	10
62358040	19	EV	DIO	10
62358040	20	EV	DIO	10
62956000	5	TX	1
62977376	1	RX	5	1
63128040	3	EV	DIO	5
63128040	4	EV	DIO	5
63128040	8	EV	DIO	5
63128040	9	EV	DIO	5
63128040	10	EV	DIO	5
63128040	11	EV	DIO	5
63128040	14	EV	DIO	5
63128040	15	EV	DIO	5
63128040	16	EV	DIO	5
63723040	2	EV	DIO	8
63723040	3	EV	DIO	8
63723040	4	EV	DIO	8
63723040	5	EV	DIO	8
63723040	7	EV	DIO	8
63723040	9	EV	DIO	8
63723040	10	EV	DIO	8
63723040	12	EV	DIO	8
63723040	13	EV	DIO	8
63723040	14	EV	DIO	8
63723040	15	EV	DIO	8
63723040	17	EV	DIO	8
63723040	18	EV	DIO	8
63723040	19	EV	DIO	8
64866040	3	EV	DIO	2
64866040	4	EV	DIO	2
64866040	7	EV	DIO	2
64866040	8	EV	DIO	2
64866040	9	EV	DIO	2
64866040	12	EV	DIO	2
64866040	13	EV	DIO	2
65255000	19	TX	1
65310664	1	RX	19	1
65831040	2	EV	DIO	9
65831040	3	EV	DIO	9
65831040	4	EV	DIO	9
65831040	5	EV	DIO	9
65831040	7	EV	DIO	9
65831040	8	EV	DIO	9
65831040	10	EV	DIO	9
65831040	11	EV	DIO	9
65831040	12	EV	DIO	9
65831040	13	EV	DIO	9
65831040	14	EV	DIO	9
65831040	15	EV	DIO	9
65831040	16	EV	DIO	9
65831040	18	EV	DIO	9
65831040	19	EV	DIO	9
65831040	20	EV	DIO	9
66034000	14	TX	1
66108664	1	RX	14	1
68334000	13	TX	1
68394664	1	RX	13	1
69494000	17	TX	1
69543664	1	RX	17	1
69550040	3	EV	DIO	14
69550040	4	EV	DIO	14
69550040	5	EV	DIO	14
69550040	7	EV	DIO	14
69550040	8	EV	DIO	14
69550040	9	EV	DIO	14
69550040	10	EV	DIO	14
69550040	11	EV	DIO	14
69550040	12	EV	DIO	14
69550040	13	EV	DIO	14
69550040	15	EV	DIO	14
69550040	16	EV	DIO	14
69550040	17	EV	DIO	14
69550040	18	EV	DIO	14
69550040	19	EV	DIO	14
69550040	20	EV	DIO	14
70480040	4	EV	DIO	6
70480040	5	EV	DIO	6
70480040	9	EV	DIO	6
70480040	10	EV	DIO	6
70480040	11	EV	DIO	6
70480040	15	EV	DIO	6
70480040	16	EV	DIO	6
71061040	4	EV	DIO	11
71061040	5	EV	DIO	11
71061040	9	EV	DIO	11
71061040	10	EV	DIO	11
71061040	14	EV	DIO	11
71061040	15	EV	DIO	11
71061040	16	EV	DIO	11
71061040	20	EV	DIO	11
71172000	20	TX	1
71225664	1	RX	20	1
72766296	5	EV	DIO	11
73103296	9	EV	DIO	3
74422000	8	TX	1
74428376	1	RX	8	1
74766000	18	TX	1
74821664	1	RX	18	1
75013000	6	ATK	start	neighbor	10000
75911040	2	EV	DIO	4
75911040	3	EV	DIO	4
75911040	5	EV	DIO	4
75911040	7	EV	DIO	4
75911040	8	EV	DIO	4
75911040	9	EV	DIO	4
75911040	10	EV	DIO	4
75911040	11	EV	DIO	4
75911040	13	EV	DIO	4
75911040	14	EV	DIO	4
75911040	15	EV	DIO	4
76239040	5	EV	DIO	16
76239040	9	EV	DIO	16
76239040	10	EV	DIO	16
76239040	11	EV	DIO	16
76239040	14	EV	DIO	16
76239040	15	EV	DIO	16
76239040	19	EV	DIO	16
76239040	20	EV	DIO	16
76516296	9	EV	DIO	15
77614040	8	EV	DIO	19
77614040	9	EV	DIO	19
77614040	10	EV	DIO	19
77614040	12	EV	DIO	19
77614040	13	EV	DIO	19
77614040	14	EV	DIO	19
77614040	15	EV	DIO	19
77614040	16	EV	DIO	19
77614040	17	EV	DIO	19
77614040	18	EV	DIO	19
77614040	20	EV	DIO	19
77685040	2	EV	DIO	7
77685040	3	EV	DIO	7
77685040	4	EV	DIO	7
77685040	8	EV	DIO	7
77685040	9	EV	DIO	7
77685040	12	EV	DIO	7
77685040	13	EV	DIO	7
77685040	14	EV	DIO	7
77685040	17	EV	DIO	7
77685040	18	EV	DIO	7
78042040	2	EV	DIO	3
78042040	4	EV	DIO	3
78042040	5	EV	DIO	3
78042040	7	EV	DIO	3
78042040	8	EV	DIO	3
78042040	9	EV	DIO	3
78042040	10	EV	DIO	3
78042040	12	EV	DIO	3
78042040	13	EV	DIO	3
78042040	14	EV	DIO	3
78447040	9	EV	DIO	20
78447040	10	EV	DIO	20
78447040	11	EV	DIO	20
78447040	13	EV	DIO	20
78447040	14	EV	DIO	20
78447040	15	EV	DIO	20
78447040	16	EV	DIO	20
78447040	18	EV	DIO	20
78447040	19	EV	DIO	20
78790000	12	TX	1
78848664	1	RX	12	1
79063000	2	TX	2
79097376	1	RX	2	2
79493000	10	TX	2
79513376	1	RX	10	2
79607040	7	EV	DIO	17
79607040	8	EV	DIO	17
79607040	12	EV	DIO	17
79607040	13	EV	DIO	17
79607040	14	EV	DIO	17
79607040	18	EV	DIO	17
79607040	19	EV	DIO	17
81182296	19	EV	DIO	18
81406000	9	TX	2
81413376	1	RX	9	2
82484000	7	TX	1
82519664	1	RX	7	1
83104296	9	EV	DIO	19
84029000	6	TX	2
84034376	1	RX	6	2
84671000	11	TX	2
84678000	15	TX	1
84728664	1	RX	15	1
84750664	1	RX	11	2
85004000	3	TX	2
85014000	6	ATK	send	neighbor	0
85034376	1	RX	3	2
85053040	4	EV	DIO	6
85053040	5	EV	DIO	6
85053040	9	EV	DIO	6
85053040	10	EV	DIO	6
85053040	11	EV	DIO	6
85053040	15	EV	DIO	6
85053040	16	EV	DIO	6
85458040	7	EV	DIO	18
85458040	8	EV	DIO	18
85458040	9	EV	DIO	18
85458040	12	EV	DIO	18
85458040	13	EV	DIO	18
85458040	14	EV	DIO	18
85458040	15	EV	DIO	18
85458040	17	EV	DIO	18
85458040	19	EV	DIO	18
85458040	20	EV	DIO	18
87827040	4	EV	DIO	15
87827040	5	EV	DIO	15
87827040	8	EV	DIO	15
87827040	9	EV	DIO	15
87827040	10	EV	DIO	15
87827040	11	EV	DIO	15
87827040	13	EV	DIO	15
87827040	14	EV	DIO	15
87827040	16	EV	DIO	15
87827040	18	EV	DIO	15
87827040	19	EV	DIO	15
87827040	20	EV	DIO	15
87965000	4	TX	2
87982296	9	EV	DIO	2
88051376	1	RX	4	2
88219040	2	EV	DIO	12
88219040	3	EV	DIO	12
88219040	7	EV	DIO	12
88219040	8	EV	DIO	12
88219040	9	EV	DIO	12
88219040	13	EV	DIO	12
88219040	14	EV	DIO	12
88219040	17	EV	DIO	12
88219040	18	EV	DIO	12
88219040	19	EV	DIO	12
88679296	10	EV	DIO	9
89857040	2	EV	DIO	13
89857040	3	EV	DIO	13
89857040	4	EV	DIO	13
89857040	7	EV	DIO	13
89857040	8	EV	DIO	13
89857040	9	EV	DIO	13
89857040	10	EV	DIO	13
89857040	12	EV	DIO	13
89857040	14	EV	DIO	13
89857040	15	EV	DIO	13
89857040	17	EV	DIO	13
89857040	18	EV	DIO	13
89857040	19	EV	DIO	13
89857040	20	EV	DIO	13
90065000	5	STAT	290	1	1	2	11	11
90086000	18	STAT	475	9	1	2	10	10
90137000	12	STAT	484	9	1	2	10	10
90240000	10	STAT	260	1	1	3	14	14
90252000	19	STAT	459	10	1	2	11	11
90302000	11	STAT	425	10	1	3	9	9
90346000	16	STAT	429	10	1	2	9	9
90369000	20	STAT	449	10	1	2	9	9
90505000	8	STAT	301	1	1	2	15	15
90541000	14	STAT	429	10	1	2	16	16
90549000	1	RSTAT	45	8	0
90642000	3	STAT	277	1	1	3	11	11
90692000	15	STAT	429	10	1	2	13	13
90765000	2	STAT	313	1	1	3	8	8
90772296	10	EV	DIO	6
90815000	7	STAT	445	3	1	2	10	10
90862000	17	STAT	505	8	1	2	7	7
90907000	9	STAT	272	1	1	3	18	18
90971000	4	STAT	286	1	1	3	13	13
90999000	13	STAT	445	9	1	2	14	14
91375000	16	TX	2
91416664	1	RX	16	2
93182296	10	EV	DIO	8
93872000	5	TX	2
93889376	1	RX	5	2
95015000	6	ATK	send	neighbor	1
95047040	4	EV	DIO	6
95047040	5	EV	DIO	6
95047040	9	EV	DIO	6
95047040	10	EV	DIO	6
95047040	11	EV	DIO	6
95047040	15	EV	DIO	6
95047040	16	EV	DIO	6
95762000	14	TX	2
95834664	1	RX	14	2
95969000	19	TX	2
96013664	1	RX	19	2
97080296	9	EV	DIO	14
97357040	2	EV	DIO	1
97357040	3	EV	DIO	1
97357040	4	EV	DIO	1
97357040	5	EV	DIO	1
97357040	8	EV	DIO	1
97357040	9	EV	DIO	1
97357040	10	EV	DIO	1
97977000	13	TX	2
98046664	1	RX	13	2
99695000	17	TX	2
99754664	1	RX	17	2
101668000	20	TX	2
101738664	1	RX	20	2
103272296	19	EV	DIO	16
103816000	18	TX	2
103872664	1	RX	18	2
104852000	8	TX	2
104865376	1	RX	8	2
105016000	6	ATK	send	neighbor	2
105033040	4	EV	DIO	6
105033040	5	EV	DIO	6
105033040	9	EV	DIO	6
105033040	10	EV	DIO	6
105033040	11	EV	DIO	6
105033040	15	EV	DIO	6
105033040	16	EV	DIO	6
107139296	13	EV	DIO	10
108559000	2	TX	3
108591376	1	RX	2	3
108929000	12	TX	2
108994664	1	RX	12	2
110444000	10	TX	3
110462376	1	RX	10	3
111336000	9	TX	3
111340376	1	RX	9	3
112918000	7	TX	2
112951664	1	RX	7	2
114177000	15	TX	2
114210664	1	RX	15	2
114257000	6	TX	3
114286376	1	RX	6	3
115017000	6	ATK	send	neighbor	3
115058040	4	EV	DIO	6
115058040	5	EV	DIO	6
115058040	9	EV	DIO	6
115058040	10	EV	DIO	6
115058040	11	EV	DIO	6
115058040	15	EV	DIO	6
115058040	16	EV	DIO	6
115158000	3	TX	3
115167376	1	RX	3	3
115268000	11	TX	3
115284296	1	RX	11	3
118152000	4	TX	3
118168040	2	EV	DIO	8
118168040	3	EV	DIO	8
118168040	4	EV	DIO	8
118168040	5	EV	DIO	8
118168040	7	EV	DIO	8
118168040	9	EV	DIO	8
118168040	10	EV	DIO	8
118168040	12	EV	DIO	8
118168040	13	EV	DIO	8
118168040	14	EV	DIO	8
118168040	15	EV	DIO	8
118168040	17	EV	DIO	8
118168040	18	EV	DIO	8
118168040	19	EV	DIO	8
118185376	1	RX	4	3
118515040	5	EV	DIO	16
118515040	9	EV	DIO	16
118515040	10	EV	DIO	16
118515040	11	EV	DIO	16
118515040	14	EV	DIO	16
118515040	15	EV	DIO	16
118515040	19	EV	DIO	16
118515040	20	EV	DIO	16
119944040	4	EV	DIO	6
119944040	5	EV	DIO	6
119944040	9	EV	DIO	6
119944040	10	EV	DIO	6
119944040	11	EV	DIO	6
119944040	15	EV	DIO	6
119944040	16	EV	DIO	6
120065000	5	STAT	286	1	1	3	11	11
120086000	18	STAT	468	9	1	3	10	10
120099040	4	EV	DIO	11
120099040	5	EV	DIO	11
120099040	9	EV	DIO	11
120099040	10	EV	DIO	11
120099040	14	EV	DIO	11
120099040	15	EV	DIO	11
120099040	16	EV	DIO	11
120099040	20	EV	DIO	11
120137000	12	STAT	476	9	1	3	10	10
120240000	10	STAT	256	1	1	4	14	14
120252000	19	STAT	452	10	1	3	11	11
120302000	11	STAT	422	10	1	4	9	9
120346000	16	STAT	425	10	1	3	9	9
120369000	20	STAT	443	10	1	3	9	9
120505000	8	STAT	292	1	1	3	15	15
120539040	3	EV	DIO	5
120539040	4	EV	DIO	5
120539040	8	EV	DIO	5
120539040	9	EV	DIO	5
120539040	10	EV	DIO	5
120539040	11	EV	DIO	5
120539040	14	EV	DIO	5
120539040	15	EV	DIO	5
120539040	16	EV	DIO	5
120541000	14	STAT	425	10	1	3	16	16
120549000	1	RSTAT	64	8	0
120642000	3	STAT	272	1	1	4	11	11
120692000	15	STAT	425	10	1	3	13	13
120765000	2	STAT	307	1	1	4	8	8
120815000	7	STAT	441	3	1	3	10	10
120862000	17	STAT	477	8	1	3	7	7
120907000	9	STAT	265	1	1	4	18	18
120971000	4	STAT	283	1	1	4	13	13
120999000	13	STAT	441	9	1	3	14	14
121435296	9	EV	DIO	20
121667040	9	EV	DIO	20
121667040	10	EV	DIO	20
121667040	11	EV	DIO	20
121667040	13	EV	DIO	20
121667040	14	EV	DIO	20
121667040	15	EV	DIO	20
121667040	16	EV	DIO	20
121667040	18	EV	DIO	20
121667040	19	EV	DIO	20
122047000	16	TX	3
122097664	1	RX	16	3
122893000	5	TX	3
122936376	1	RX	5	3
124659040	4	EV	DIO	15
124659040	5	EV	DIO	15
124659040	8	EV	DIO	15
124659040	9	EV	DIO	15
124659040	10	EV	DIO	15
124659040	11	EV	DIO	15
124659040	13	EV	DIO	15
124659040	14	EV	DIO	15
124659040	16	EV	DIO	15
124659040	18	EV	DIO	15
124659040	19	EV	DIO	15
124659040	20	EV	DIO	15
125018000	6	ATK	send	neighbor	4
125036040	4	EV	DIO	6
125036040	5	EV	DIO	6
125036040	9	EV	DIO	6
125036040	10	EV	DIO	6
125036040	11	EV	DIO	6
125036040	15	EV	DIO	6
125036040	16	EV	DIO	6
125056000	14	TX	3
125126664	1	RX	14	3
125183296	13	EV	DIO	17
125678000	19	TX	3
125696664	1	RX	19	3
127246040	3	EV	DIO	14
127246040	4	EV	DIO	14
127246040	5	EV	DIO	14
127246040	7	EV	DIO	14
127246040	8	EV	DIO	14
127246040	9	EV	DIO	14
127246040	10	EV	DIO	14
127246040	11	EV	DIO	14
127246040	12	EV	DIO	14
127246040	13	EV	DIO	14
127246040	15	EV	DIO	14
127246040	16	EV	DIO	14
127246040	17	EV	DIO	14
127246040	18	EV	DIO	14
127246040	19	EV	DIO	14
127246040	20	EV	DIO	14
127485000	13	TX	3
127548664	1	RX	13	3
128060040	3	EV	DIO	2
128060040	4	EV	DIO	2
128060040	7	EV	DIO	2
128060040	8	EV	DIO	2
128060040	9	EV	DIO	2
128060040	12	EV	DIO	2
128060040	13	EV	DIO	2
129297040	2	EV	DIO	7
129297040	3	EV	DIO	7
129297040	4	EV	DIO	7
129297040	8	EV	DIO	7
129297040	9	EV	DIO	7
129297040	12	EV	DIO	7
129297040	13	EV	DIO	7
129297040	14	EV	DIO	7
129297040	17	EV	DIO	7
129297040	18	EV	DIO	7
129662000	17	TX	3
129678296	1	RX	17	3
130291040	2	EV	DIO	9
130291040	3	EV	DIO	9
130291040	4	EV	DIO	9
130291040	5	EV	DIO	9
130291040	7	EV	DIO	9
130291040	8	EV	DIO	9
130291040	10	EV	DIO	9
130291040	11	EV	DIO	9
130291040	12	EV	DIO	9
130291040	13	EV	DIO	9
130291040	14	EV	DIO	9
130291040	15	EV	DIO	9
130291040	16	EV	DIO	9
130291040	18	EV	DIO	9
130291040	19	EV	DIO	9
130291040	20	EV	DIO	9
131071040	8	EV	DIO	19
131071040	9	EV	DIO	19
131071040	10	EV	DIO	19
131071040	12	EV	DIO	19
131071040	13	EV	DIO	19
131071040	14	EV	DIO	19
131071040	15	EV	DIO	19
131071040	16	EV	DIO	19
131071040	17	EV	DIO	19
131071040	18	EV	DIO	19
131071040	20	EV	DIO	19
131359296	10	EV	DIO	13
131477000	20	TX	3
131521664	1	RX	20	3
133233000	18	TX	3
133263664	1	RX	18	3
133892000	8	TX	3
133935376	1	RX	8	3
135019000	6	ATK	send	neighbor	5
135054040	4	EV	DIO	6
135054040	5	EV	DIO	6
135054040	9	EV	DIO	6
135054040	10	EV	DIO	6
135054040	11	EV	DIO	6
135054040	15	EV	DIO	6
135054040	16	EV	DIO	6
136790296	9	EV	DIO	7
137588040	3	EV	DIO	10
137588040	4	EV	DIO	10
137588040	5	EV	DIO	10
137588040	8	EV	DIO	10
137588040	9	EV	DIO	10
137588040	11	EV	DIO	10
137588040	13	EV	DIO	10
137588040	14	EV	DIO	10
137588040	15	EV	DIO	10
137588040	16	EV	DIO	10
137588040	19	EV	DIO	10
137588040	20	EV	DIO	10
137688296	8	EV	DIO	12
138196000	2	TX	4
138233376	1	RX	2	4
139805000	12	TX	3
139835296	1	RX	12	3
139925000	10	TX	4
139929376	1	RX	10	4
140149040	2	EV	DIO	4
140149040	3	EV	DIO	4
140149040	5	EV	DIO	4
140149040	7	EV	DIO	4
140149040	8	EV	DIO	4
140149040	9	EV	DIO	4
140149040	10	EV	DIO	4
140149040	11	EV	DIO	4
140149040	13	EV	DIO	4
140149040	14	EV	DIO	4
140149040	15	EV	DIO	4
140611040	2	EV	DIO	12
140611040	3	EV	DIO	12
140611040	7	EV	DIO	12
140611040	8	EV	DIO	12
140611040	9	EV	DIO	12
140611040	13	EV	DIO	12
140611040	14	EV	DIO	12
140611040	17	EV	DIO	12
140611040	18	EV	DIO	12
140611040	19	EV	DIO	12
140705000	9	TX	4
140733376	1	RX	9	4
140859296	10	EV	DIO	6
141056040	2	EV	DIO	13
141056040	3	EV	DIO	13
141056040	4	EV	DIO	13
141056040	7	EV	DIO	13
141056040	8	EV	DIO	13
141056040	9	EV	DIO	13
141056040	10	EV	DIO	13
141056040	12	EV	DIO	13
141056040	14	EV	DIO	13
141056040	15	EV	DIO	13
141056040	17	EV	DIO	13
141056040	18	EV	DIO	13
141056040	19	EV	DIO	13
141056040	20	EV	DIO	13
142047000	7	TX	3
142104664	1	RX	7	3
143650000	15	TX	3
143692664	1	RX	15	3
143788040	7	EV	DIO	18
143788040	8	EV	DIO	18
143788040	9	EV	DIO	18
143788040	12	EV	DIO	18
143788040	13	EV	DIO	18
143788040	14	EV	DIO	18
143788040	15	EV	DIO	18
143788040	17	EV	DIO	18
143788040	19	EV	DIO	18
143788040	20	EV	DIO	18
144330000	6	TX	4
144351376	1	RX	6	4
144844000	11	TX	4
144877664	1	RX	11	4
145020000	6	ATK	send	neighbor	6
145037040	4	EV	DIO	6
145037040	5	EV	DIO	6
145037040	9	EV	DIO	6
145037040	10	EV	DIO	6
145037040	11	EV	DIO	6
145037040	15	EV	DIO	6
145037040	16	EV	DIO	6
145307000	3	TX	4
145346376	1	RX	3	4
147302000	4	TX	4
147332376	1	RX	4	4
148489296	8	EV	DIO	18
150065000	5	STAT	283	1	1	4	11	11
150086000	18	STAT	443	9	1	4	10	10
150137000	12	STAT	450	9	1	4	10	10
150240000	10	STAT	256	1	1	5	14	14
150252000	19	STAT	435	10	1	4	11	11
150302000	11	STAT	408	10	1	5	9	9
150346000	16	STAT	411	10	1	4	9	9
150369000	20	STAT	427	10	1	4	9	9
150505000	8	STAT	284	1	1	4	15	15
150541000	14	STAT	411	10	1	4	16	16
150549000	1	RSTAT	83	8	0
150642000	3	STAT	268	1	1	5	11	11
150692000	15	STAT	411	10	1	4	13	13
150765000	2	STAT	301	1	1	5	8	8
150815000	7	STAT	438	3	1	4	10	10
150862000	17	STAT	471	8	1	4	7	7
150907000	9	STAT	261	1	1	5	18	18
150971000	4	STAT	280	1	1	5	13	13
150999000	13	STAT	419	9	1	4	14	14
151912000	5	TX	4
151953376	1	RX	5	4
151956000	16	TX	4
152013664	1	RX	16	4
152078296	16	EV	DIO	5
155021000	6	ATK	send	neighbor	7
155060040	4	EV	DIO	6
155060040	5	EV	DIO	6
155060040	9	EV	DIO	6
155060040	10	EV	DIO	6
155060040	11	EV	DIO	6
155060040	15	EV	DIO	6
155060040	16	EV	DIO	6
155610000	14	TX	4
155654296	1	RX	14	4
156619000	19	TX	4
156658664	1	RX	19	4
157098000	13	TX	4
157143664	1	RX	13	4
157630296	16	EV	DIO	11
159881000	17	TX	4
159964664	1	RX	17	4
160735000	20	TX	4
160761296	1	RX	20	4
162179296	10	EV	DIO	9
163425000	8	TX	4
163460376	1	RX	8	4
163835000	18	TX	4
163887664	1	RX	18	4
165022000	6	ATK	send	neighbor	8
165056040	4	EV	DIO	6
165056040	5	EV	DIO	6
165056040	9	EV	DIO	6
165056040	10	EV	DIO	6
165056040	11	EV	DIO	6
165056040	15	EV	DIO	6
165056040	16	EV	DIO	6
167003296	9	EV	DIO	15
168013000	2	TX	5
168025376	1	RX	2	5
169120000	12	TX	4
169160664	1	RX	12	4
169359296	9	EV	DIO	19
169692000	10	TX	5
169698376	1	RX	10	5
170995000	9	TX	5
171020376	1	RX	9	5
171548000	7	TX	4
171629664	1	RX	7	4
171685296	10	EV	DIO	3
174088000	15	TX	4
174118664	1	RX	15	4
174125000	11	TX	5
174154296	3	EV	DIO	2
174211664	1	RX	11	5
174368000	6	TX	5
174409376	1	RX	6	5
174681296	13	EV	DIO	17
174999296	9	EV	DIO	14
175023000	6	ATK	send	neighbor	9
175040040	4	EV	DIO	6
175040040	5	EV	DIO	6
175040040	9	EV	DIO	6
175040040	10	EV	DIO	6
175040040	11	EV	DIO	6
175040040	15	EV	DIO	6
175040040	16	EV	DIO	6
175113000	3	TX	5
175143376	1	RX	3	5
176707000	4	TX	5
176733376	1	RX	4	5
179341296	19	EV	DIO	20
180065000	5	STAT	280	1	1	5	11	11
180086000	18	STAT	437	9	1	5	10	10
180137000	12	STAT	444	9	1	5	10	10
180240000	10	STAT	256	1	1	6	14	14
180252000	19	STAT	429	10	1	5	11	11
180302000	11	STAT	418	10	1	6	9	9
180346000	16	STAT	408	10	1	5	9	9
180369000	20	STAT	422	10	1	5	9	9
180413296	19	EV	DIO	8
180505000	8	STAT	278	1	1	5	15	15
180541000	14	STAT	408	10	1	5	16	16
180549000	1	RSTAT	102	8	0
180642000	3	STAT	265	1	1	6	11	11
180692000	15	STAT	408	10	1	5	13	13
180765000	2	STAT	296	1	1	6	8	8
180815000	7	STAT	435	3	1	5	10	10
180862000	17	STAT	465	8	1	5	7	7
180907000	9	STAT	257	1	1	6	18	18
180971000	4	STAT	277	1	1	6	13	13
180999000	13	STAT	416	9	1	5	14	14
182149000	16	TX	5
182167664	1	RX	16	5
182540000	5	TX	5
182580376	1	RX	5	5
183436296	9	EV	DIO	7
185024000	6	ATK	send	neighbor	10
185048040	4	EV	DIO	6
185048040	5	EV	DIO	6
185048040	9	EV	DIO	6
185048040	10	EV	DIO	6
185048040	11	EV	DIO	6
185048040	15	EV	DIO	6
185048040	16	EV	DIO	6
185886000	14	TX	5
185953664	1	RX	14	5
186921000	13	TX	5
186953664	1	RX	13	5
187509000	19	TX	5
187549664	1	RX	19	5
189609000	17	TX	5
189660664	1	RX	17	5
190244000	20	TX	5
190297664	1	RX	20	5
192918000	18	TX	5
192990664	1	RX	18	5
193637000	8	TX	5
193658376	1	RX	8	5
195025000	6	ATK	send	neighbor	11
195047040	4	EV	DIO	6
195047040	5	EV	DIO	6
195047040	9	EV	DIO	6
195047040	10	EV	DIO	6
195047040	11	EV	DIO	6
195047040	15	EV	DIO	6
195047040	16	EV	DIO	6
197069000	2	TX	6
197106376	1	RX	2	6
199651000	12	TX	5
199680664	1	RX	12	5
199705000	10	TX	6
199723376	1	RX	10	6
201424000	9	TX	6
201438376	1	RX	9	6
201567000	7	TX	5
201615664	1	RX	7	5
203570000	6	TX	6
203614376	1	RX	6	6
203839000	15	TX	5
203888296	1	RX	15	5
204907000	11	TX	6
204956664	1	RX	11	6
205026000	6	ATK	send	neighbor	12
205051040	4	EV	DIO	6
205051040	5	EV	DIO	6
205051040	9	EV	DIO	6
205051040	10	EV	DIO	6
205051040	11	EV	DIO	6
205051040	15	EV	DIO	6
205051040	16	EV	DIO	6
205985000	3	TX	6
206014376	1	RX	3	6
206699000	4	TX	6
206723376	1	RX	4	6
210065000	5	STAT	277	1	1	6	11	11
210086000	18	STAT	432	9	1	6	10	10
210137000	12	STAT	438	9	1	6	10	10
210240000	10	STAT	256	1	1	7	14	14
210252000	19	STAT	424	10	1	6	11	11
210302000	11	STAT	414	10	1	7	9	9
210346000	16	STAT	405	10	1	6	9	9
210369000	20	STAT	418	10	1	6	9	9
210505000	8	STAT	273	1	1	6	15	15
210541000	14	STAT	405	10	1	6	16	16
210549000	1	RSTAT	121	8	0
210642000	3	STAT	263	1	1	7	11	11
210692000	15	STAT	405	10	1	6	13	13
210765000	2	STAT	292	1	1	7	8	8
210815000	7	STAT	432	3	1	6	10	10
210862000	17	STAT	460	8	1	6	7	7
210907000	9	STAT	256	1	1	7	18	18
210971000	4	STAT	274	1	1	7	13	13
210999000	13	STAT	413	9	1	6	14	14
211182000	16	TX	6
211210664	1	RX	16	6
213164000	5	TX	6
213174376	1	RX	5	6
213923296	10	EV	DIO	13
215027000	6	ATK	send	neighbor	13
215047040	4	EV	DIO	6
215047040	5	EV	DIO	6
215047040	9	EV	DIO	6
215047040	10	EV	DIO	6
215047040	11	EV	DIO	6
215047040	15	EV	DIO	6
215047040	16	EV	DIO	6
216202000	13	TX	6
216238664	1	RX	13	6
216741000	14	TX	6
216794664	1	RX	14	6
218170296	10	EV	DIO	4
218205000	19	TX	6
218238664	1	RX	19	6
219374000	20	TX	6
219437664	1	RX	20	6
220205000	17	TX	6
220235664	1	RX	17	6
220298296	13	EV	DIO	17
221386040	4	EV	DIO	11
221386040	5	EV	DIO	11
221386040	9	EV	DIO	11
221386040	10	EV	DIO	11
221386040	14	EV	DIO	11
221386040	15	EV	DIO	11
221386040	16	EV	DIO	11
221386040	20	EV	DIO	11
221930296	19	EV	DIO	14
222982000	18	TX	6
223039664	1	RX	18	6
223870000	8	TX	6
223898376	1	RX	8	6
223979040	2	EV	DIO	8
223979040	3	EV	DIO	8
223979040	4	EV	DIO	8
223979040	5	EV	DIO	8
223979040	7	EV	DIO	8
223979040	9	EV	DIO	8
223979040	10	EV	DIO	8
223979040	12	EV	DIO	8
223979040	13	EV	DIO	8
223979040	14	EV	DIO	8
223979040	15	EV	DIO	8
223979040	17	EV	DIO	8
223979040	18	EV	DIO	8
223979040	19	EV	DIO	8
224399040	9	EV	DIO	20
224399040	10	EV	DIO	20
224399040	11	EV	DIO	20
224399040	13	EV	DIO	20
224399040	14	EV	DIO	20
224399040	15	EV	DIO	20
224399040	16	EV	DIO	20
224399040	18	EV	DIO	20
224399040	19	EV	DIO	20
224614040	3	EV	DIO	5
224614040	4	EV	DIO	5
224614040	8	EV	DIO	5
224614040	9	EV	DIO	5
224614040	10	EV	DIO	5
224614040	11	EV	DIO	5
224614040	14	EV	DIO	5
224614040	15	EV	DIO	5
224614040	16	EV	DIO	5
225028000	6	ATK	send	neighbor	14
225045040	4	EV	DIO	6
225045040	5	EV	DIO	6
225045040	9	EV	DIO	6
225045040	10	EV	DIO	6
225045040	11	EV	DIO	6
225045040	15	EV	DIO	6
225045040	16	EV	DIO	6
226443296	17	EV	DIO	18
226988000	2	TX	7
227025376	1	RX	2	7
228775000	12	TX	6
228840664	1	RX	12	6
229762000	10	TX	7
229793376	1	RX	10	7
231275000	7	TX	6
231325664	1	RX	7	6
231831000	9	TX	7
231867376	1	RX	9	7
233008000	15	TX	6
233053664	1	RX	15	6
234005000	6	TX	7
234013376	1	RX	6	7
235029000	6	ATK	send	neighbor	15
235047040	4	EV	DIO	6
235047040	5	EV	DIO	6
235047040	9	EV	DIO	6
235047040	10	EV	DIO	6
235047040	11	EV	DIO	6
235047040	15	EV	DIO	6
235047040	16	EV	DIO	6
235186000	11	TX	7
235203664	1	RX	11	7
236089000	3	TX	7
236100376	1	RX	3	7
237229000	4	TX	7
237243376	1	RX	4	7
238957040	4	EV	DIO	15
238957040	5	EV	DIO	15
238957040	8	EV	DIO	15
238957040	9	EV	DIO	15
238957040	10	EV	DIO	15
238957040	11	EV	DIO	15
238957040	13	EV	DIO	15
238957040	14	EV	DIO	15
238957040	16	EV	DIO	15
238957040	18	EV	DIO	15
238957040	19	EV	DIO	15
238957040	20	EV	DIO	15
238977040	7	EV	DIO	18
238977040	8	EV	DIO	18
238977040	9	EV	DIO	18
238977040	12	EV	DIO	18
238977040	13	EV	DIO	18
238977040	14	EV	DIO	18
238977040	15	EV	DIO	18
238977040	17	EV	DIO	18
238977040	19	EV	DIO	18
238977040	20	EV	DIO	18
239773296	19	EV	DIO	12
240065000	5	STAT	274	1	1	7	11	11
240086000	18	STAT	428	9	1	7	10	10
240137000	12	STAT	433	9	1	7	10	10
240240000	10	STAT	256	1	1	8	14	14
240252000	19	STAT	420	10	1	7	11	11
240302000	11	STAT	411	10	1	8	9	9
240346000	16	STAT	402	10	1	7	9	9
240369000	20	STAT	414	10	1	7	9	9
240505000	8	STAT	269	1	1	7	15	15
240541000	14	STAT	402	10	1	7	16	16
240549000	1	RSTAT	140	8	0
240642000	3	STAT	261	1	1	8	11	11
240692000	15	STAT	402	10	1	7	13	13
240765000	2	STAT	288	1	1	8	8	8
240815000	7	STAT	429	3	1	7	10	10
240862000	17	STAT	433	8	1	7	7	7
240907000	9	STAT	256	1	1	8	18	18
240971000	4	STAT	272	1	1	8	13	13
240983000	16	TX	7
240999000	13	STAT	410	9	1	7	14	14
241026664	1	RX	16	7
241806040	2	EV	DIO	7
241806040	3	EV	DIO	7
241806040	4	EV	DIO	7
241806040	8	EV	DIO	7
241806040	9	EV	DIO	7
241806040	12	EV	DIO	7
241806040	13	EV	DIO	7
241806040	14	EV	DIO	7
241806040	17	EV	DIO	7
241806040	18	EV	DIO	7
241945040	2	EV	DIO	3
241945040	4	EV	DIO	3
241945040	5	EV	DIO	3
241945040	7	EV	DIO	3
241945040	8	EV	DIO	3
241945040	9	EV	DIO	3
241945040	10	EV	DIO	3
241945040	12	EV	DIO	3
241945040	13	EV	DIO	3
241945040	14	EV	DIO	3
242165296	10	EV	DIO	6
242279040	8	EV	DIO	19
242279040	9	EV	DIO	19
242279040	10	EV	DIO	19
242279040	12	EV	DIO	19
242279040	13	EV	DIO	19
242279040	14	EV	DIO	19
242279040	15	EV	DIO	19
242279040	16	EV	DIO	19
242279040	17	EV	DIO	19
242279040	18	EV	DIO	19
242279040	20	EV	DIO	19
242344000	5	TX	7
242378376	1	RX	5	7
242391040	5	EV	DIO	16
242391040	9	EV	DIO	16
242391040	10	EV	DIO	16
242391040	11	EV	DIO	16
242391040	14	EV	DIO	16
242391040	15	EV	DIO	16
242391040	19	EV	DIO	16
242391040	20	EV	DIO	16
245030000	6	ATK	send	neighbor	16
245035040	4	EV	DIO	6
245035040	5	EV	DIO	6
245035040	9	EV	DIO	6
245035040	10	EV	DIO	6
245035040	11	EV	DIO	6
245035040	15	EV	DIO	6
245035040	16	EV	DIO	6
245441040	3	EV	DIO	10
245441040	4	EV	DIO	10
245441040	5	EV	DIO	10
245441040	8	EV	DIO	10
245441040	9	EV	DIO	10
245441040	11	EV	DIO	10
245441040	13	EV	DIO	10
245441040	14	EV	DIO	10
245441040	15	EV	DIO	10
245441040	16	EV	DIO	10
245441040	19	EV	DIO	10
245441040	20	EV	DIO	10
245786040	3	EV	DIO	14
245786040	4	EV	DIO	14
245786040	5	EV	DIO	14
245786040	7	EV	DIO	14
245786040	8	EV	DIO	14
245786040	9	EV	DIO	14
245786040	10	EV	DIO	14
245786040	11	EV	DIO	14
245786040	12	EV	DIO	14
245786040	13	EV	DIO	14
245786040	15	EV	DIO	14
245786040	16	EV	DIO	14
245786040	17	EV	DIO	14
245786040	18	EV	DIO	14
245786040	19	EV	DIO	14
245786040	20	EV	DIO	14
246105296	3	EV	DIO	10
246122000	14	TX	7
246179664	1	RX	14	7
246422296	5	EV	DIO	11
246624296	9	EV	DIO	19
246982000	13	TX	7
247059664	1	RX	13	7
247591000	19	TX	7
247635664	1	RX	19	7
248494000	20	TX	7
248569664	1	RX	20	7
250639000	17	TX	7
250681664	1	RX	17	7
253665000	8	TX	7
253690376	1	RX	8	7
253780000	18	TX	7
253832664	1	RX	18	7
255031000	6	ATK	send	neighbor	17
255042040	4	EV	DIO	6
255042040	5	EV	DIO	6
255042040	9	EV	DIO	6
255042040	10	EV	DIO	6
255042040	11	EV	DIO	6
255042040	15	EV	DIO	6
255042040	16	EV	DIO	6
255301296	3	EV	DIO	2
255947296	10	EV	DIO	9
256360000	2	TX	8
256372376	1	RX	2	8
257350040	2	EV	DIO	1
257350040	3	EV	DIO	1
257350040	4	EV	DIO	1
257350040	5	EV	DIO	1
257350040	8	EV	DIO	1
257350040	9	EV	DIO	1
257350040	10	EV	DIO	1
257766296	9	EV	DIO	3
257805040	7	EV	DIO	17
257805040	8	EV	DIO	17
257805040	12	EV	DIO	17
257805040	13	EV	DIO	17
257805040	14	EV	DIO	17
257805040	18	EV	DIO	17
257805040	19	EV	DIO	17
257987000	12	TX	7
258016664	1	RX	12	7
258769040	4	EV	DIO	6
258769040	5	EV	DIO	6
258769040	9	EV	DIO	6
258769040	10	EV	DIO	6
258769040	11	EV	DIO	6
258769040	15	EV	DIO	6
258769040	16	EV	DIO	6
260742000	10	TX	8
260746376	1	RX	10	8
260953296	8	EV	DIO	13
261072000	7	TX	7
261113664	1	RX	7	7
261545296	19	EV	DIO	15
262134000	15	TX	7
262176664	1	RX	15	7
262235040	2	EV	DIO	13
262235040	3	EV	DIO	13
262235040	4	EV	DIO	13
262235040	7	EV	DIO	13
262235040	8	EV	DIO	13
262235040	9	EV	DIO	13
262235040	10	EV	DIO	13
262235040	12	EV	DIO	13
262235040	14	EV	DIO	13
262235040	15	EV	DIO	13
262235040	17	EV	DIO	13
262235040	18	EV	DIO	13
262235040	19	EV	DIO	13
262235040	20	EV	DIO	13
262746040	2	EV	DIO	4
262746040	3	EV	DIO	4
262746040	5	EV	DIO	4
262746040	7	EV	DIO	4
262746040	8	EV	DIO	4
262746040	9	EV	DIO	4
262746040	10	EV	DIO	4
262746040	11	EV	DIO	4
262746040	13	EV	DIO	4
262746040	14	EV	DIO	4
262746040	15	EV	DIO	4
262766000	9	TX	8
262797376	1	RX	9	8
264502000	6	TX	8
264540376	1	RX	6	8
264986000	11	TX	8
265030664	1	RX	11	8
265032000	6	ATK	send	neighbor	18
265046040	4	EV	DIO	6
265046040	5	EV	DIO	6
265046040	9	EV	DIO	6
265046040	10	EV	DIO	6
265046040	11	EV	DIO	6
265046040	15	EV	DIO	6
265046040	16	EV	DIO	6
265765296	17	EV	DIO	7
266303040	2	EV	DIO	9
266303040	3	EV	DIO	9
266303040	4	EV	DIO	9
266303040	5	EV	DIO	9
266303040	7	EV	DIO	9
266303040	8	EV	DIO	9
266303040	10	EV	DIO	9
266303040	11	EV	DIO	9
266303040	12	EV	DIO	9
266303040	13	EV	DIO	9
266303040	14	EV	DIO	9
266303040	15	EV	DIO	9
266303040	16	EV	DIO	9
266303040	18	EV	DIO	9
266303040	19	EV	DIO	9
266303040	20	EV	DIO	9
266458296	9	EV	DIO	8
266470000	4	TX	8
266510376	1	RX	4	8
266894000	3	TX	8
266922376	1	RX	3	8
270065000	5	STAT	272	1	1	8	11	11
270086000	18	STAT	416	9	1	8	10	10
270094040	2	EV	DIO	12
270094040	3	EV	DIO	12
270094040	7	EV	DIO	12
270094040	8	EV	DIO	12
270094040	9	EV	DIO	12
270094040	13	EV	DIO	12
270094040	14	EV	DIO	12
270094040	17	EV	DIO	12
270094040	18	EV	DIO	12
270094040	19	EV	DIO	12
270137000	12	STAT	420	9	1	8	10	10
270240000	10	STAT	256	1	1	9	14	14
270252000	19	STAT	416	10	1	8	11	11
270275000	16	TX	8
270302000	11	STAT	408	10	1	9	9	9
270303296	1	RX	16	8
270346000	16	STAT	398	10	1	9	9	9
270369000	20	STAT	411	10	1	8	9	9
270505000	8	STAT	265	1	1	8	15	15
270541000	14	STAT	400	10	1	8	16	16
270549000	1	RSTAT	160	8	0
270642000	3	STAT	259	1	1	9	11	11
270692000	15	STAT	400	10	1	8	13	13
270765000	2	STAT	284	1	1	9	8	8
270815000	7	STAT	405	3	1	8	10	10
270862000	17	STAT	429	8	1	8	7	7
270907000	9	STAT	256	1	1	9	18	18
270971000	4	STAT	270	1	1	9	13	13
270999000	13	STAT	400	9	1	8	14	14
272171000	5	TX	8
272191376	1	RX	5	8
274481040	3	EV	DIO	2
274481040	4	EV	DIO	2
274481040	7	EV	DIO	2
274481040	8	EV	DIO	2
274481040	9	EV	DIO	2
274481040	12	EV	DIO	2
274481040	13	EV	DIO	2
275033000	6	ATK	send	neighbor	19
275046040	4	EV	DIO	6
275046040	5	EV	DIO	6
275046040	9	EV	DIO	6
275046040	10	EV	DIO	6
275046040	11	EV	DIO	6
275046040	15	EV	DIO	6
275046040	16	EV	DIO	6
276108000	14	TX	8
276173664	1	RX	14	8
276647000	13	TX	8
276664664	1	RX	13	8
277913000	19	TX	8
277983664	1	RX	19	8
278258000	20	TX	8
278276664	1	RX	20	8
281338000	17	TX	8
281380664	1	RX	17	8
283131000	8	TX	8
283156376	1	RX	8	8
284702000	18	TX	8
284736664	1	RX	18	8
285034000	6	ATK	send	neighbor	20
285060040	4	EV	DIO	6
285060040	5	EV	DIO	6
285060040	9	EV	DIO	6
285060040	10	EV	DIO	6
285060040	11	EV	DIO	6
285060040	15	EV	DIO	6
285060040	16	EV	DIO	6
286741296	9	EV	DIO	20
287201000	2	TX	9
287244376	1	RX	2	9
288717000	12	TX	8
288750664	1	RX	12	8
291173000	7	TX	8
291219664	1	RX	7	8
291322000	10	TX	9
291348376	1	RX	10	9
291536000	15	TX	8
291587664	1	RX	15	8
292672000	9	TX	9
292677376	1	RX	9	9
292853296	13	EV	DIO	17
293913000	6	TX	9
293938376	1	RX	6	9
294411000	11	TX	9
294456664	1	RX	11	9
295035000	6	ATK	send	neighbor	21
295073040	4	EV	DIO	6
295073040	5	EV	DIO	6
295073040	9	EV	DIO	6
295073040	10	EV	DIO	6
295073040	11	EV	DIO	6
295073040	15	EV	DIO	6
295073040	16	EV	DIO	6
295641296	10	EV	DIO	5
296707000	3	TX	9
296717376	1	RX	3	9
297280000	4	TX	9
297298376	1	RX	4	9
299532000	16	TX	9
299575664	1	RX	16	9
299587296	9	EV	DIO	4
300065000	5	STAT	270	1	1	9	11	11
300065000	5	NBR	0	1	6	0	0	0
300065000	5	NBR	0	10	7	0	0	0
300065000	5	NBR	0	16	6	1	0	0
300065000	5	NBR	0	6	28	0	0	0
300065000	5	NBR	0	9	7	0	0	0
300065000	5	NBR	0	3	6	0	0	0
300065000	5	NBR	0	4	7	0	0	0
300065000	5	NBR	0	8	6	0	0	0
300065000	5	NBR	0	11	7	0	0	0
300065000	5	NBR	0	14	6	0	0	0
300065000	5	NBR	0	15	6	0	0	0
300065000	5	WIN	0	11	11	92	1
300065000	5	DET	0	11	8363	6227	2734	25387
300065000	5	ALERT	0	6	DIO	28	25387
300065000	5	BLOCK	6	temp	1	60
300086000	18	STAT	412	9	1	9	10	10
300086000	18	NBR	0	19	6	1	0	0
300086000	18	NBR	0	9	7	0	0	0
300086000	18	NBR	0	17	5	1	0	0
300086000	18	NBR	0	7	6	1	0	0
300086000	18	NBR	0	8	6	0	0	0
300086000	18	NBR	0	14	6	0	0	0
300086000	18	NBR	0	15	6	0	0	0
300086000	18	NBR	0	20	5	0	0	0
300086000	18	NBR	0	13	6	0	0	0
300086000	18	NBR	0	12	6	0	0	0
300086000	18	WIN	0	10	10	59	3
300086000	18	DET	0	10	5900	538	2701	7353
300137000	12	STAT	416	9	1	9	10	10
300137000	12	NBR	0	19	6	1	0	0
300137000	12	NBR	0	9	7	0	0	0
300137000	12	NBR	0	17	5	1	0	0
300137000	12	NBR	0	3	6	0	0	0
300137000	12	NBR	0	18	6	1	0	0
300137000	12	NBR	0	7	6	1	0	0
300137000	12	NBR	0	2	6	0	0	0
300137000	12	NBR	0	8	6	0	0	0
300137000	12	NBR	0	14	6	0	0	0
300137000	12	NBR	0	13	6	0	0	0
300137000	12	WIN	0	10	10	60	4
300137000	12	DET	0	10	6000	447	2701	7207
300240000	10	STAT	256	1	1	10	14	14
300240000	10	NBR	0	1	6	0	0	0
300240000	10	NBR	0	14	10	0	0	0
300240000	10	NBR	0	13	10	0	0	0
300240000	10	NBR	0	11	9	0	0	0
300240000	10	NBR	0	16	10	1	0	0
300240000	10	NBR	0	19	10	1	0	0
300240000	10	NBR	0	20	9	0	0	0
300240000	10	NBR	0	6	31	0	0	0
300240000	10	NBR	0	9	10	0	0	0
300240000	10	NBR	0	3	7	0	0	0
300240000	10	NBR	0	5	8	0	0	0
300240000	10	NBR	0	4	9	0	0	0
300240000	10	NBR	0	15	10	0	0	0
300240000	10	NBR	0	8	7	0	0	0
300240000	10	WIN	0	14	14	146	2
300240000	10	DET	0	14	10428	5851	2815	26898
300240000	10	ALERT	0	6	DIO	31	26898
300240000	10	BLOCK	6	temp	1	60
300252000	19	STAT	412	10	1	9	11	11
300252000	19	NBR	0	10	7	0	0	0
300252000	19	NBR	0	16	7	1	0	0
300252000	19	NBR	0	9	7	0	0	0
300252000	19	NBR	0	17	5	1	0	0
300252000	19	NBR	0	18	7	1	0	0
300252000	19	NBR	0	8	7	0	0	0
300252000	19	NBR	0	14	7	0	0	0
300252000	19	NBR	0	15	7	0	0	0
300252000	19	NBR	0	20	6	0	0	0
300252000	19	NBR	0	13	6	0	0	0
300252000	19	NBR	0	12	7	0	0	0
300252000	19	WIN	0	11	11	73	3
300252000	19	DET	0	11	6636	642	2734	8391
300302000	11	STAT	405	10	1	10	9	9
300302000	11	NBR	0	10	7	0	0	0
300302000	11	NBR	0	16	6	1	0	0
300302000	11	NBR	0	6	28	0	0	0
300302000	11	NBR	0	9	7	0	0	0
300302000	11	NBR	0	5	6	0	0	0
300302000	11	NBR	0	4	7	0	0	0
300302000	11	NBR	0	14	6	0	0	0
300302000	11	NBR	0	15	6	0	0	0
300302000	11	NBR	0	20	5	0	0	0
300302000	11	WIN	0	9	9	78	1
300302000	11	DET	0	9	8666	6863	2650	26852
300302000	11	ALERT	0	6	DIO	28	26852
300302000	11	BLOCK	6	temp	1	60
300346000	16	STAT	396	10	1	10	9	9
300346000	16	NBR	0	10	7	0	0	0
300346000	16	NBR	0	19	6	1	0	0
300346000	16	NBR	0	6	28	0	0	0
300346000	16	NBR	0	9	7	0	0	0
300346000	16	NBR	0	5	7	0	0	0
300346000	16	NBR	0	11	6	0	0	0
300346000	16	NBR	0	14	6	0	0	0
300346000	16	NBR	0	15	6	0	0	0
300346000	16	NBR	0	20	5	0	0	0
300346000	16	WIN	0	9	9	78	1
300346000	16	DET	0	9	8666	6863	2650	26852
300346000	16	ALERT	0	6	DIO	28	26852
300346000	16	BLOCK	6	temp	1	60
300369000	20	STAT	408	10	1	9	9	9
300369000	20	NBR	0	10	7	0	0	0
300369000	20	NBR	0	19	6	1	0	0
300369000	20	NBR	0	16	6	1	0	0
300369000	20	NBR	0	9	7	0	0	0
300369000	20	NBR	0	18	6	1	0	0
300369000	20	NBR	0	11	5	0	0	0
300369000	20	NBR	0	14	6	0	0	0
300369000	20	NBR	0	15	6	0	0	0
300369000	20	NBR	0	13	6	0	0	0
300369000	20	WIN	0	9	9	55	3
300369000	20	DET	0	9	6111	566	2650	7610
300505000	8	STAT	263	1	1	9	15	15
300505000	8	NBR	0	1	6	0	0	0
300505000	8	NBR	0	10	7	0	0	0
300505000	8	NBR	0	19	6	1	0	0
300505000	8	NBR	0	9	7	0	0	0
300505000	8	NBR	0	17	9	1	0	0
300505000	8	NBR	0	3	6	0	0	0
300505000	8	NBR	0	5	6	0	0	0
300505000	8	NBR	0	4	7	0	0	0
300505000	8	NBR	0	18	7	1	0	0
300505000	8	NBR	0	7	6	1	0	0
300505000	8	NBR	0	2	6	0	0	0
300505000	8	NBR	0	14	6	0	0	0
300505000	8	NBR	0	15	6	0	0	0
300505000	8	NBR	0	13	7	0	0	0
300505000	8	NBR	0	12	7	0	0	0
300505000	8	WIN	0	15	15	99	4
300505000	8	DET	0	15	6600	800	2860	8888
300505000	8	ALERT	0	17	DIO	9	8888
300505000	8	BLOCK	17	temp	1	60
300541000	14	STAT	398	10	1	9	16	16
300541000	14	NBR	0	10	7	0	0	0
300541000	14	NBR	0	19	6	1	0	0
300541000	14	NBR	0	16	6	1	0	0
300541000	14	NBR	0	9	7	0	0	0
300541000	14	NBR	0	17	5	1	0	0
300541000	14	NBR	0	3	6	0	0	0
300541000	14	NBR	0	5	6	0	0	0
300541000	14	NBR	0	4	7	0	0	0
300541000	14	NBR	0	18	6	1	0	0
300541000	14	NBR	0	7	6	1	0	0
300541000	14	NBR	0	8	6	0	0	0
300541000	14	NBR	0	11	5	0	0	0
300541000	14	NBR	0	15	6	0	0	0
300541000	14	NBR	0	20	5	0	0	0
300541000	14	NBR	0	13	6	0	0	0
300541000	14	NBR	0	12	6	0	0	0
300541000	14	WIN	0	16	16	96	5
300541000	14	DET	0	16	6000	612	2923	7788
300549000	1	RSTAT	179	8	0
300642000	3	STAT	257	1	1	10	11	11
300642000	3	NBR	0	1	6	0	0	0
300642000	3	NBR	0	10	8	0	0	0
300642000	3	NBR	0	9	7	0	0	0
300642000	3	NBR	0	5	6	0	0	0
300642000	3	NBR	0	4	7	0	0	0
300642000	3	NBR	0	7	10	1	0	0
300642000	3	NBR	0	2	8	0	0	0
300642000	3	NBR	0	8	6	0	0	0
300642000	3	NBR	0	14	6	0	0	0
300642000	3	NBR	0	13	6	0	0	0
300642000	3	NBR	0	12	6	0	0	0
300642000	3	WIN	0	11	11	76	1
300642000	3	DET	0	11	6909	1239	2734	10296
300692000	15	STAT	398	10	1	9	13	13
300692000	15	NBR	0	10	7	0	0	0
300692000	15	NBR	0	19	6	1	0	0
300692000	15	NBR	0	16	6	1	0	0
300692000	15	NBR	0	6	28	0	0	0
300692000	15	NBR	0	9	7	0	0	0
300692000	15	NBR	0	5	6	0	0	0
300692000	15	NBR	0	4	7	0	0	0
300692000	15	NBR	0	18	6	1	0	0
300692000	15	NBR	0	8	6	0	0	0
300692000	15	NBR	0	11	5	0	0	0
300692000	15	NBR	0	14	6	0	0	0
300692000	15	NBR	0	20	5	0	0	0
300692000	15	NBR	0	13	6	0	0	0
300692000	15	WIN	0	13	13	101	3
300692000	15	DET	0	13	7769	5872	2783	24110
300692000	15	ALERT	0	6	DIO	28	24110
300692000	15	BLOCK	6	temp	1	60
300765000	2	STAT	281	1	1	10	8	8
300765000	2	NBR	0	1	6	0	0	0
300765000	2	NBR	0	9	7	0	0	0
300765000	2	NBR	0	3	6	0	0	0
300765000	2	NBR	0	4	7	0	0	0
300765000	2	NBR	0	7	6	1	0	0
300765000	2	NBR	0	8	6	0	0	0
300765000	2	NBR	0	13	6	0	0	0
300765000	2	NBR	0	12	6	0	0	0
300765000	2	WIN	0	8	8	50	1
300765000	2	DET	0	8	6250	433	2570	7362
300815000	7	STAT	403	3	1	9	10	10
300815000	7	NBR	0	9	7	0	0	0
300815000	7	NBR	0	17	5	1	0	0
300815000	7	NBR	0	3	6	0	0	0
300815000	7	NBR	0	4	7	0	0	0
300815000	7	NBR	0	18	6	1	0	0
300815000	7	NBR	0	2	6	0	0	0
300815000	7	NBR	0	8	6	0	0	0
300815000	7	NBR	0	14	6	0	0	0
300815000	7	NBR	0	13	6	0	0	0
300815000	7	NBR	0	12	6	0	0	0
300815000	7	WIN	0	10	10	61	2
300815000	7	DET	0	10	6100	538	2701	7553
300862000	17	STAT	425	8	1	9	7	7
300862000	17	NBR	0	19	6	1	0	0
300862000	17	NBR	0	18	7	1	0	0
300862000	17	NBR	0	7	7	1	0	0
300862000	17	NBR	0	8	6	0	0	0
300862000	17	NBR	0	14	6	0	0	0
300862000	17	NBR	0	13	6	0	0	0
300862000	17	NBR	0	12	6	0	0	0
300862000	17	WIN	0	7	7	44	3
300862000	17	DET	0	7	6285	451	2450	7389
300907000	9	STAT	256	1	1	10	18	18
300907000	9	NBR	0	1	6	0	0	0
300907000	9	NBR	0	10	8	0	0	0
300907000	9	NBR	0	19	9	1	0	0
300907000	9	NBR	0	16	6	1	0	0
300907000	9	NBR	0	6	28	0	0	0
300907000	9	NBR	0	3	8	0	0	0
300907000	9	NBR	0	5	6	0	0	0
300907000	9	NBR	0	4	8	0	0	0
300907000	9	NBR	0	18	10	1	0	0
300907000	9	NBR	0	7	9	1	0	0
300907000	9	NBR	0	12	10	0	0	0
300907000	9	NBR	0	13	10	0	0	0
300907000	9	NBR	0	2	7	0	0	0
300907000	9	NBR	0	8	7	0	0	0
300907000	9	NBR	0	11	5	0	0	0
300907000	9	NBR	0	14	8	0	0	0
300907000	9	NBR	0	15	8	0	0	0
300907000	9	NBR	0	20	7	0	0	0
300907000	9	WIN	0	18	18	160	4
300907000	9	DET	0	18	8888	4852	3118	24016
300907000	9	ALERT	0	6	DIO	28	24016
300907000	9	BLOCK	6	temp	1	60
300971000	4	STAT	268	1	1	10	13	13
300971000	4	NBR	0	1	6	0	0	0
300971000	4	NBR	0	10	7	0	0	0
300971000	4	NBR	0	6	28	0	0	0
300971000	4	NBR	0	9	7	0	0	0
300971000	4	NBR	0	3	6	0	0	0
300971000	4	NBR	0	5	6	0	0	0
300971000	4	NBR	0	7	6	1	0	0
300971000	4	NBR	0	2	6	0	0	0
300971000	4	NBR	0	8	6	0	0	0
300971000	4	NBR	0	11	5	0	0	0
300971000	4	NBR	0	14	6	0	0	0
300971000	4	NBR	0	15	6	0	0	0
300971000	4	NBR	0	13	6	0	0	0
300971000	4	WIN	0	13	13	101	1
300971000	4	DET	0	13	7769	5859	2783	24074
300971000	4	ALERT	0	6	DIO	28	24074
300971000	4	BLOCK	6	temp	1	60
300999000	13	STAT	398	9	1	9	14	14
300999000	13	NBR	0	10	8	0	0	0
300999000	13	NBR	0	19	6	1	0	0
300999000	13	NBR	0	9	7	0	0	0
300999000	13	NBR	0	17	9	1	0	0
300999000	13	NBR	0	3	6	0	0	0
300999000	13	NBR	0	4	7	0	0	0
300999000	13	NBR	0	18	6	1	0	0
300999000	13	NBR	0	7	6	1	0	0
300999000	13	NBR	0	2	6	0	0	0
300999000	13	NBR	0	8	6	0	0	0
300999000	13	NBR	0	14	6	0	0	0
300999000	13	NBR	0	15	6	0	0	0
300999000	13	NBR	0	20	5	0	0	0
300999000	13	NBR	0	12	6	0	0	0
300999000	13	WIN	0	14	14	90	4
300999000	13	DET	0	14	6428	979	2815	9183
302135000	5	TX	9
302169376	1	RX	5	9
305036000	6	ATK	send	neighbor	22
305041040	4	EV	DIO	6
305041040	5	EV	DIO	6
305041040	9	EV	DIO	6
305041040	10	EV	DIO	6
305041040	11	EV	DIO	6
305041040	15	EV	DIO	6
305041040	16	EV	DIO	6
305141296	8	EV	DIO	18
305651000	14	TX	9
305716664	1	RX	14	9
305981000	13	TX	9
306033664	1	RX	13	9
306966296	9	EV	DIO	14
307357000	19	TX	9
307442664	1	RX	19	9
309187000	20	TX	9
309233664	1	RX	20	9
310505000	17	TX	9
310542296	1	RX	17	9
313365000	8	TX	9
313395376	1	RX	8	9
314518296	10	EV	DIO	9
315036296	16	EV	DIO	6
315038296	6	ATK	send	neighbor	23
315074040	4	EV	DIO	6
315074040	5	EV	DIO	6
315074040	9	EV	DIO	6
315074040	10	EV	DIO	6
315074040	11	EV	DIO	6
315074040	15	EV	DIO	6
315074040	16	EV	DIO	6
315449000	18	TX	9
315480664	1	RX	18	9
317889000	2	TX	10
317917408	1	RX	2	10
319197000	12	TX	9
319235664	1	RX	12	9
319444296	5	EV	DIO	11
321276296	3	EV	DIO	2
321370296	9	EV	DIO	3
321825000	15	TX	9
321864296	1	RX	15	9
321973000	7	TX	9
321985296	8	EV	DIO	12
322005296	1	RX	7	9
322214000	10	TX	10
322218408	1	RX	10	10
322713000	9	TX	10
322718408	1	RX	9	10
323760296	9	EV	DIO	7
324097000	11	TX	10
324174696	1	RX	11	10
324895000	6	TX	10
324938408	1	RX	6	10
325039000	6	ATK	send	neighbor	24
325053040	4	EV	DIO	6
325053040	5	EV	DIO	6
325053040	9	EV	DIO	6
325053040	10	EV	DIO	6
325053040	11	EV	DIO	6
325053040	15	EV	DIO	6
325053040	16	EV	DIO	6
327090000	3	TX	10
327096408	1	RX	3	10
327747000	4	TX	10
327775408	1	RX	4	10
330065000	5	STAT	268	1	1	10	11	11
330086000	18	STAT	409	9	1	10	10	10
330137000	12	STAT	412	9	1	10	10	10
330240000	10	STAT	256	1	1	11	14	14
330252000	19	STAT	409	10	1	10	11	11
330302000	11	STAT	402	10	1	11	9	9
330346000	16	STAT	396	10	1	10	9	9
330369000	20	STAT	405	10	1	10	9	9
330430000	16	TX	10
330483696	1	RX	16	10
330505000	8	STAT	261	1	1	10	15	15
330541000	14	STAT	396	10	1	10	16	16
330549000	1	RSTAT	198	8	0
330642000	3	STAT	256	1	1	11	11	11
330692000	15	STAT	396	10	1	10	13	13
330765000	2	STAT	278	1	1	11	8	8
330815000	7	STAT	401	3	1	10	10	10
330862000	17	STAT	422	8	1	10	7	7
330907000	9	STAT	256	1	1	11	18	18
330971000	4	STAT	266	1	1	11	13	13
330999000	13	STAT	396	9	1	10	14	14
331160000	5	TX	10
331190408	1	RX	5	10
335040000	6	ATK	send	neighbor	25
335056040	4	EV	DIO	6
335056040	5	EV	DIO	6
335056040	9	EV	DIO	6
335056040	10	EV	DIO	6
335056040	11	EV	DIO	6
335056040	15	EV	DIO	6
335056040	16	EV	DIO	6
335109296	9	EV	DIO	15
335814000	14	TX	10
335881696	1	RX	14	10
336695000	13	TX	10
336747696	1	RX	13	10
337742000	19	TX	10
337768696	1	RX	19	10
339590000	20	TX	10
339645696	1	RX	20	10
339656000	17	TX	10
339680696	1	RX	17	10
343738000	8	TX	10
343759408	1	RX	8	10
344165296	19	EV	DIO	17
344436296	9	EV	DIO	10
345041000	6	ATK	send	neighbor	26
345077040	4	EV	DIO	6
345077040	5	EV	DIO	6
345077040	9	EV	DIO	6
345077040	10	EV	DIO	6
345077040	11	EV	DIO	6
345077040	15	EV	DIO	6
345077040	16	EV	DIO	6
346308000	18	TX	10
346334696	1	RX	18	10
347263000	2	TX	11
347280408	1	RX	2	11
349936000	12	TX	10
349980696	1	RX	12	10
352163000	15	TX	10
352212696	1	RX	15	10
352275000	7	TX	10
352323696	1	RX	7	10
352820000	9	TX	11
352831408	1	RX	9	11
353003000	10	TX	11
353013408	1	RX	10	11
353299296	9	EV	DIO	14
353611296	3	EV	DIO	8
353748296	9	EV	DIO	19
354846000	11	TX	11
354895696	1	RX	11	11
355042000	6	ATK	send	neighbor	27
355053040	4	EV	DIO	6
355053040	5	EV	DIO	6
355053040	9	EV	DIO	6
355053040	10	EV	DIO	6
355053040	11	EV	DIO	6
355053040	15	EV	DIO	6
355053040	16	EV	DIO	6
355340000	6	TX	11
355364408	1	RX	6	11
357497000	3	TX	11
357502408	1	RX	3	11
357972000	4	TX	11
357978296	10	EV	DIO	5
357995408	1	RX	4	11
360065000	5	STAT	266	1	1	11	11	11
360086000	18	STAT	406	9	1	11	10	10
360137000	12	STAT	409	9	1	11	10	10
360240000	10	STAT	256	1	1	12	14	14
360252000	19	STAT	406	10	1	11	11	11
360302000	11	STAT	400	10	1	12	9	9
360346000	16	STAT	394	10	1	11	9	9
360369000	20	STAT	402	10	1	11	9	9
360505000	8	STAT	259	1	1	11	15	15
360541000	14	STAT	394	10	1	11	16	16
360549000	1	RSTAT	216	8	0
360642000	3	STAT	256	1	1	12	11	11
360692000	15	STAT	394	10	1	11	13	13
360765000	2	STAT	275	1	1	12	8	8
360815000	7	STAT	399	3	1	11	10	10
360862000	17	STAT	419	8	1	11	7	7
360907000	9	STAT	256	1	1	12	18	18
360971000	4	STAT	265	1	1	12	13	13
360999000	13	STAT	394	9	1	11	14	14
361230000	16	TX	11
361232000	5	TX	11
361253408	1	RX	5	11
361276696	1	RX	16	11
361958296	8	EV	DIO	18
362241296	8	EV	DIO	13
365043000	6	ATK	send	neighbor	28
365072040	4	EV	DIO	6
365072040	4	BLOCK	6	expire	1	60
365072040	5	EV	DIO	6
365072040	5	BLOCK	6	expire	1	60
365072040	9	EV	DIO	6
365072040	9	BLOCK	6	expire	1	60
365072040	10	EV	DIO	6
365072040	10	BLOCK	6	expire	1	60
365072040	11	EV	DIO	6
365072040	11	BLOCK	6	expire	1	60
365072040	15	EV	DIO	6
365072040	15	BLOCK	6	expire	1	60
365072040	16	EV	DIO	6
365072040	16	BLOCK	6	expire	1	60
365325000	14	TX	11
365358696	1	RX	14	11
365673296	9	EV	DIO	20
365952000	13	TX	11
366028696	1	RX	13	11
367646000	19	TX	11
367702696	1	RX	19	11
369377000	20	TX	11
369391360	1	RX	20	11
369776000	17	TX	11
369849696	1	RX	17	11
373107000	8	TX	11
373151408	1	RX	8	11
375044000	6	ATK	send	neighbor	29
375050040	4	EV	DIO	6
375050040	5	EV	DIO	6
375050040	9	EV	DIO	6
375050040	10	EV	DIO	6
375050040	11	EV	DIO	6
375050040	15	EV	DIO	6
375050040	16	EV	DIO	6
375328000	18	TX	11
375357696	1	RX	18	11
376412000	2	TX	12
376420408	1	RX	2	12
380244000	12	TX	11
380300696	1	RX	12	11
381419000	15	TX	11
381475696	1	RX	15	11
382571000	7	TX	11
382628696	1	RX	7	11
382665000	10	TX	12
382706408	1	RX	10	12
383412000	9	TX	12
383439296	10	EV	DIO	6
383454408	1	RX	9	12
384762000	11	TX	12
384823696	1	RX	11	12
385045000	6	ATK	send	neighbor	30
385050040	4	EV	DIO	6
385050040	5	EV	DIO	6
385050040	9	EV	DIO	6
385050040	10	EV	DIO	6
385050040	11	EV	DIO	6
385050040	15	EV	DIO	6
385050040	16	EV	DIO	6
386226000	6	TX	12
386254408	1	RX	6	12
387012000	4	TX	12
387019408	1	RX	4	12
387354000	3	TX	12
387378408	1	RX	3	12
389866296	9	EV	DIO	15
390065000	5	STAT	265	1	1	12	11	11
390086000	18	STAT	403	9	1	12	10	10
390137000	12	STAT	406	9	1	12	10	10
390240000	10	STAT	256	1	1	13	14	14
390252000	19	STAT	403	10	1	12	11	11
390302000	11	STAT	398	10	1	13	9	9
390346000	16	STAT	393	10	1	12	9	9
390369000	20	STAT	400	10	1	12	9	9
390505000	8	STAT	257	1	1	12	15	15
390541000	14	STAT	393	10	1	12	16	16
390549000	1	RSTAT	235	8	0
390642000	3	STAT	256	1	1	13	11	11
390692000	15	STAT	393	10	1	12	13	13
390765000	2	STAT	273	1	1	13	8	8
390787000	5	TX	12
390815000	7	STAT	398	3	1	12	10	10
390831408	1	RX	5	12
390862000	17	STAT	416	8	1	12	7	7
390907000	9	STAT	256	1	1	13	18	18
390971000	4	STAT	264	1	1	13	13	13
390999000	13	STAT	393	9	1	12	14	14
391047296	19	EV	DIO	9
392095000	16	TX	12
392124696	1	RX	16	12
394642000	14	TX	12
394708696	1	RX	14	12
395046000	6	ATK	send	neighbor	31
395089040	4	EV	DIO	6
395089040	5	EV	DIO	6
395089040	9	EV	DIO	6
395089040	10	EV	DIO	6
395089040	11	EV	DIO	6
395089040	15	EV	DIO	6
395089040	16	EV	DIO	6
395514000	13	TX	12
395564696	1	RX	13	12
396691000	19	TX	12
396723696	1	RX	19	12
396779296	3	EV	DIO	4
399842000	17	TX	12
399885696	1	RX	17	12
400350000	20	TX	12
400374696	1	RX	20	12
400748296	8	EV	DIO	12
402976000	8	TX	12
403007408	1	RX	8	12
404826000	18	TX	12
404864696	1	RX	18	12
405047000	6	ATK	send	neighbor	32
405058040	4	EV	DIO	6
405058040	5	EV	DIO	6
405058040	9	EV	DIO	6
405058040	10	EV	DIO	6
405058040	11	EV	DIO	6
405058040	15	EV	DIO	6
405058040	16	EV	DIO	6
405862000	2	TX	13
405886408	1	RX	2	13
410481000	12	TX	12
410515696	1	RX	12	12
412303000	10	TX	13
412330408	1	RX	10	13
412395000	15	TX	12
412441696	1	RX	15	12
412739000	7	TX	12
412773696	1	RX	7	12
413947000	11	TX	13
413993696	1	RX	11	13
414344000	9	TX	13
414353408	1	RX	9	13
415048000	6	ATK	send	neighbor	33
415065040	4	EV	DIO	6
415065040	5	EV	DIO	6
415065040	9	EV	DIO	6
415065040	10	EV	DIO	6
415065040	11	EV	DIO	6
415065040	15	EV	DIO	6
415065040	16	EV	DIO	6
415774040	2	EV	DIO	8
415774040	3	EV	DIO	8
415774040	4	EV	DIO	8
415774040	5	EV	DIO	8
415774040	7	EV	DIO	8
415774040	9	EV	DIO	8
415774040	10	EV	DIO	8
415774040	12	EV	DIO	8
415774040	13	EV	DIO	8
415774040	14	EV	DIO	8
415774040	15	EV	DIO	8
415774040	17	EV	DIO	8
415774040	18	EV	DIO	8
415774040	19	EV	DIO	8
415924000	6	TX	13
415941408	1	RX	6	13
416201296	9	EV	DIO	3
416457000	3	TX	13
416474408	1	RX	3	13
416511000	4	TX	13
416530408	1	RX	4	13
417109296	18	EV	DIO	17
418628040	2	EV	DIO	4
418628040	3	EV	DIO	4
418628040	5	EV	DIO	4
418628040	7	EV	DIO	4
418628040	8	EV	DIO	4
418628040	9	EV	DIO	4
418628040	10	EV	DIO	4
418628040	11	EV	DIO	4
418628040	13	EV	DIO	4
418628040	14	EV	DIO	4
418628040	15	EV	DIO	4
419982000	5	TX	13
420013408	1	RX	5	13
420065000	5	STAT	263	1	1	14	11	11
420086000	18	STAT	401	9	1	13	10	10
420137000	12	STAT	403	9	1	13	10	10
420240000	10	STAT	256	1	1	14	14	14
420252000	19	STAT	401	10	1	13	11	11
420302000	11	STAT	396	10	1	14	9	9
420346000	16	STAT	392	10	1	13	9	9
420369000	20	STAT	398	10	1	13	9	9
420505000	8	STAT	256	1	1	13	15	15
420541000	14	STAT	392	10	1	13	16	16
420549000	1	RSTAT	255	8	0
420642000	3	STAT	256	1	1	14	11	11
420692000	15	STAT	392	10	1	13	13	13
420765000	2	STAT	271	1	1	14	8	8
420815000	7	STAT	397	3	1	13	10	10
420862000	17	STAT	401	8	1	13	7	7
420907000	9	STAT	256	1	1	14	18	18
420971000	4	STAT	263	1	1	14	13	13
420999000	13	STAT	392	9	1	13	14	14
421423296	16	EV	DIO	19
421594000	16	TX	13
421658696	1	RX	16	13
424102000	14	TX	13
424146696	1	RX	14	13
424183296	5	EV	DIO	11
424697296	4	EV	DIO	7
425049000	6	ATK	send	neighbor	34
425081040	4	EV	DIO	6
425081040	5	EV	DIO	6
425081040	9	EV	DIO	6
425081040	10	EV	DIO	6
425081040	11	EV	DIO	6
425081040	15	EV	DIO	6
425081040	16	EV	DIO	6
425292000	13	TX	13
425347696	1	RX	13	13
426650040	3	EV	DIO	14
426650040	4	EV	DIO	14
426650040	5	EV	DIO	14
426650040	7	EV	DIO	14
426650040	8	EV	DIO	14
426650040	9	EV	DIO	14
426650040	10	EV	DIO	14
426650040	11	EV	DIO	14
426650040	12	EV	DIO	14
426650040	13	EV	DIO	14
426650040	15	EV	DIO	14
426650040	16	EV	DIO	14
426650040	17	EV	DIO	14
426650040	18	EV	DIO	14
426650040	19	EV	DIO	14
426650040	20	EV	DIO	14
427199000	19	TX	13
427233696	1	RX	19	13
429681040	4	EV	DIO	6
429681040	5	EV	DIO	6
429681040	9	EV	DIO	6
429681040	10	EV	DIO	6
429681040	11	EV	DIO	6
429681040	15	EV	DIO	6
429681040	16	EV	DIO	6
430122000	17	TX	13
430199696	1	RX	17	13
431107000	20	TX	13
431122296	4	EV	DIO	2
431169696	1	RX	20	13
431196040	2	EV	DIO	13
431196040	3	EV	DIO	13
431196040	4	EV	DIO	13
431196040	7	EV	DIO	13
431196040	8	EV	DIO	13
431196040	9	EV	DIO	13
431196040	10	EV	DIO	13
431196040	12	EV	DIO	13
431196040	14	EV	DIO	13
431196040	15	EV	DIO	13
431196040	17	EV	DIO	13
431196040	18	EV	DIO	13
431196040	19	EV	DIO	13
431196040	20	EV	DIO	13
432530000	8	TX	13
432570408	1	RX	8	13
434371000	18	TX	13
434404696	1	RX	18	13
434792296	9	EV	DIO	10
434837296	8	EV	DIO	14
435050000	6	ATK	send	neighbor	35
435095040	4	EV	DIO	6
435095040	5	EV	DIO	6
435095040	9	EV	DIO	6
435095040	10	EV	DIO	6
435095040	11	EV	DIO	6
435095040	15	EV	DIO	6
435095040	16	EV	DIO	6
435249000	2	TX	14
435279408	1	RX	2	14
435665296	9	EV	DIO	5
435679296	8	EV	DIO	18
436570040	4	EV	DIO	11
436570040	5	EV	DIO	11
436570040	9	EV	DIO	11
436570040	10	EV	DIO	11
436570040	14	EV	DIO	11
436570040	15	EV	DIO	11
436570040	16	EV	DIO	11
436570040	20	EV	DIO	11
438541296	5	EV	DIO	8
439623296	5	EV	DIO	15
439754000	12	TX	13
439812696	1	RX	12	13
440861296	16	EV	DIO	20
440900040	3	EV	DIO	10
440900040	4	EV	DIO	10
440900040	5	EV	DIO	10
440900040	8	EV	DIO	10
440900040	9	EV	DIO	10
440900040	11	EV	DIO	10
440900040	13	EV	DIO	10
440900040	14	EV	DIO	10
440900040	15	EV	DIO	10
440900040	16	EV	DIO	10
440900040	19	EV	DIO	10
440900040	20	EV	DIO	10
441620296	9	EV	DIO	16
441963000	15	TX	13
441992696	1	RX	15	13
442503000	7	TX	13
442554696	1	RX	7	13
442966000	10	TX	14
442995408	1	RX	10	14
444570000	11	TX	14
444651696	1	RX	11	14
444802000	9	TX	14
444829408	1	RX	9	14
444966296	3	EV	DIO	9
445051000	6	ATK	send	neighbor	36
445059040	4	EV	DIO	6
445059040	5	EV	DIO	6
445059040	9	EV	DIO	6
445059040	10	EV	DIO	6
445059040	11	EV	DIO	6
445059040	15	EV	DIO	6
445059040	16	EV	DIO	6
446489000	6	TX	14
446497408	1	RX	6	14
447294000	3	TX	14
447318408	1	RX	3	14
447340000	4	TX	14
447345408	1	RX	4	14
449760040	2	EV	DIO	12
449760040	3	EV	DIO	12
449760040	7	EV	DIO	12
449760040	8	EV	DIO	12
449760040	9	EV	DIO	12
449760040	13	EV	DIO	12
449760040	14	EV	DIO	12
449760040	17	EV	DIO	12
449760040	18	EV	DIO	12
449760040	19	EV	DIO	12
450065000	5	STAT	263	1	1	14	11	11
450086000	18	STAT	399	9	1	14	10	10
450137000	12	STAT	401	9	1	14	10	10
450240000	10	STAT	256	1	1	15	14	14
450252000	19	STAT	399	10	1	14	11	11
450302000	11	STAT	394	10	1	15	9	9
450310000	5	TX	14
450327408	1	RX	5	14
450346000	16	STAT	391	10	1	14	9	9
450369000	20	STAT	409	10	1	14	9	9
450505000	8	STAT	256	1	1	14	15	15
450541000	14	STAT	391	10	1	14	16	16
450549000	1	RSTAT	274	8	0
450642000	3	STAT	256	1	1	15	11	11
450692000	15	STAT	391	10	1	14	13	13
450765000	2	STAT	269	1	1	15	8	8
450815000	7	STAT	396	3	1	14	10	10
450862000	17	STAT	399	8	1	14	7	7
450907000	9	STAT	256	1	1	15	18	18
450971000	4	STAT	262	1	1	15	13	13
450992000	16	TX	14
450999000	13	STAT	391	9	1	14	14	14
451032696	1	RX	16	14
451427296	19	EV	DIO	13
453279000	14	TX	14
453315696	1	RX	14	14
454600000	13	TX	14
454667696	1	RX	13	14
455052000	6	ATK	send	neighbor	37
455062040	4	EV	DIO	6
455062040	5	EV	DIO	6
455062040	9	EV	DIO	6
455062040	10	EV	DIO	6
455062040	11	EV	DIO	6
455062040	15	EV	DIO	6
455062040	16	EV	DIO	6
457264000	19	TX	14
457320696	1	RX	19	14
459322000	17	TX	14
459373696	1	RX	17	14
461759000	20	TX	14
461775696	1	RX	20	14
462545000	8	TX	14
462559408	1	RX	8	14
464480000	18	TX	14
464546696	1	RX	18	14
464676000	2	TX	15
464716408	1	RX	2	15
465053000	6	ATK	send	neighbor	38
465065040	4	EV	DIO	6
465065040	5	EV	DIO	6
465065040	9	EV	DIO	6
465065040	10	EV	DIO	6
465065040	11	EV	DIO	6
465065040	15	EV	DIO	6
465065040	16	EV	DIO	6
466623040	5	EV	DIO	16
466623040	9	EV	DIO	16
466623040	10	EV	DIO	16
466623040	11	EV	DIO	16
466623040	14	EV	DIO	16
466623040	15	EV	DIO	16
466623040	19	EV	DIO	16
466623040	20	EV	DIO	16
468808000	12	TX	14
468878696	1	RX	12	14
471544296	18	EV	DIO	17
471872296	5	EV	DIO	6
472037000	15	TX	14
472057696	1	RX	15	14
473451000	7	TX	14
473458000	10	TX	15
473469408	1	RX	10	15
473499696	1	RX	7	14
473962000	11	TX	15
474005696	1	RX	11	15
474854000	9	TX	15
474860408	1	RX	9	15
475054000	6	ATK	send	neighbor	39
475063040	4	EV	DIO	6
475063040	5	EV	DIO	6
475063040	9	EV	DIO	6
475063040	10	EV	DIO	6
475063040	11	EV	DIO	6
475063040	15	EV	DIO	6
475063040	16	EV	DIO	6
476581000	3	TX	15
476589408	1	RX	3	15
477198000	6	TX	15
477208000	4	TX	15
477220408	1	RX	4	15
477236408	1	RX	6	15
477885296	10	EV	DIO	4
480065000	5	STAT	262	1	1	15	11	11
480086000	18	STAT	397	9	1	15	10	10
480137000	12	STAT	399	9	1	15	10	10
480174040	9	EV	DIO	20
480174040	10	EV	DIO	20
480174040	11	EV	DIO	20
480174040	13	EV	DIO	20
480174040	14	EV	DIO	20
480174040	15	EV	DIO	20
480174040	16	EV	DIO	20
480174040	18	EV	DIO	20
480174040	19	EV	DIO	20
480240000	10	STAT	256	1	1	16	14	14
480252000	19	STAT	397	10	1	15	11	11
480302000	11	STAT	393	10	1	16	9	9
480321000	5	TX	15
480346000	16	STAT	390	10	1	15	9	9
480361408	1	RX	5	15
480369000	20	STAT	406	10	1	15	9	9
480505000	8	STAT	256	1	1	15	15	15
480541000	14	STAT	390	10	1	15	16	16
480549000	1	RSTAT	293	8	0
480642000	3	STAT	256	1	1	16	11	11
480692000	15	STAT	390	10	1	15	13	13
480765000	2	STAT	267	1	1	16	8	8
480815000	7	STAT	395	3	1	15	10	10
480862000	17	STAT	397	8	1	15	7	7
480907000	9	STAT	256	1	1	16	18	18
480971000	4	STAT	261	1	1	16	13	13
480999000	13	STAT	390	9	1	15	14	14
481554000	16	TX	15
481598696	1	RX	16	15
482779000	14	TX	15
482816360	1	RX	14	15
484683000	13	TX	15
484725360	1	RX	13	15
485055000	6	ATK	send	neighbor	40
485078040	4	EV	DIO	6
485078040	5	EV	DIO	6
485078040	9	EV	DIO	6
485078040	10	EV	DIO	6
485078040	11	EV	DIO	6
485078040	15	EV	DIO	6
485078040	16	EV	DIO	6
486712040	7	EV	DIO	18
486712040	8	EV	DIO	18
486712040	9	EV	DIO	18
486712040	12	EV	DIO	18
486712040	13	EV	DIO	18
486712040	14	EV	DIO	18
486712040	15	EV	DIO	18
486712040	17	EV	DIO	18
486712040	19	EV	DIO	18
486712040	20	EV	DIO	18
486892040	2	EV	DIO	1
486892040	3	EV	DIO	1
486892040	4	EV	DIO	1
486892040	5	EV	DIO	1
486892040	8	EV	DIO	1
486892040	9	EV	DIO	1
486892040	10	EV	DIO	1
486962000	19	TX	15
486995696	1	RX	19	15
489558000	17	TX	15
489610696	1	RX	17	15
490445040	8	EV	DIO	19
490445040	9	EV	DIO	19
490445040	10	EV	DIO	19
490445040	12	EV	DIO	19
490445040	13	EV	DIO	19
490445040	14	EV	DIO	19
490445040	15	EV	DIO	19
490445040	16	EV	DIO	19
490445040	17	EV	DIO	19
490445040	18	EV	DIO	19
490445040	20	EV	DIO	19
492341000	20	TX	15
492368696	1	RX	20	15
493254000	8	TX	15
493292408	1	RX	8	15
493558296	9	EV	DIO	8
493881040	2	EV	DIO	3
493881040	4	EV	DIO	3
493881040	5	EV	DIO	3
493881040	7	EV	DIO	3
493881040	8	EV	DIO	3
493881040	9	EV	DIO	3
493881040	10	EV	DIO	3
493881040	12	EV	DIO	3
493881040	13	EV	DIO	3
493881040	14	EV	DIO	3
494180000	18	TX	15
494235696	1	RX	18	15
494321000	2	TX	16
494357408	1	RX	2	16
495056000	6	ATK	send	neighbor	41
495085040	4	EV	DIO	6
495085040	5	EV	DIO	6
495085040	9	EV	DIO	6
495085040	10	EV	DIO	6
495085040	11	EV	DIO	6
495085040	15	EV	DIO	6
495085040	16	EV	DIO	6
499458000	12	TX	15
499484696	1	RX	12	15
502770000	10	TX	16
502790408	1	RX	10	16
502861000	15	TX	15
502923696	1	RX	15	15
503115296	16	EV	DIO	14
504441000	7	TX	15
504509296	7	EV	DIO	2
504518696	1	RX	7	15
504540000	11	TX	16
504589696	1	RX	11	16
504623000	9	TX	16
504665408	1	RX	9	16
505057000	6	ATK	send	neighbor	42
505067040	4	EV	DIO	6
505067040	5	EV	DIO	6
505067040	9	EV	DIO	6
505067040	10	EV	DIO	6
505067040	11	EV	DIO	6
505067040	15	EV	DIO	6
505067040	16	EV	DIO	6
506038040	2	EV	DIO	9
506038040	3	EV	DIO	9
506038040	4	EV	DIO	9
506038040	5	EV	DIO	9
506038040	7	EV	DIO	9
506038040	8	EV	DIO	9
506038040	10	EV	DIO	9
506038040	11	EV	DIO	9
506038040	12	EV	DIO	9
506038040	13	EV	DIO	9
506038040	14	EV	DIO	9
506038040	15	EV	DIO	9
506038040	16	EV	DIO	9
506038040	18	EV	DIO	9
506038040	19	EV	DIO	9
506038040	20	EV	DIO	9
506706000	4	TX	16
506712408	1	RX	4	16
506823040	4	EV	DIO	15
506823040	5	EV	DIO	15
506823040	8	EV	DIO	15
506823040	9	EV	DIO	15
506823040	10	EV	DIO	15
506823040	11	EV	DIO	15
506823040	13	EV	DIO	15
506823040	14	EV	DIO	15
506823040	16	EV	DIO	15
506823040	18	EV	DIO	15
506823040	19	EV	DIO	15
506823040	20	EV	DIO	15
507559000	3	TX	16
507563408	1	RX	3	16
507916296	17	EV	DIO	12
508114000	6	TX	16
508134408	1	RX	6	16
510065000	5	STAT	261	1	1	16	11	11
510086000	18	STAT	395	9	1	16	10	10
510137000	12	STAT	397	9	1	16	10	10
510240000	10	STAT	256	1	1	17	14	14
510252000	19	STAT	395	10	1	16	11	11
510302000	11	STAT	392	10	1	17	9	9
510346000	16	STAT	389	10	1	16	9	9
510369000	20	STAT	403	10	1	16	9	9
510505000	8	STAT	256	1	1	16	15	15
510541000	14	STAT	389	10	1	16	16	16
510549000	1	RSTAT	311	8	0
510642000	3	STAT	256	1	1	17	11	11
510683000	5	TX	16
510692000	15	STAT	389	10	1	16	13	13
510710296	16	EV	DIO	9
510712704	1	RX	5	16
510765000	2	STAT	265	1	1	17	8	8
510815000	7	STAT	389	3	1	16	10	10
510862000	17	STAT	395	8	1	16	7	7
510907000	9	STAT	256	1	1	17	18	18
510971000	4	STAT	260	1	1	17	13	13
510999000	13	STAT	389	9	1	16	14	14
511584296	18	EV	DIO	7
512301000	16	TX	16
512354696	1	RX	16	16
512748040	3	EV	DIO	2
512748040	4	EV	DIO	2
512748040	7	EV	DIO	2
512748040	8	EV	DIO	2
512748040	9	EV	DIO	2
512748040	12	EV	DIO	2
512748040	13	EV	DIO	2
513108000	14	TX	16
513158696	1	RX	14	16
513283296	19	EV	DIO	18
513951000	13	TX	16
514018696	1	RX	13	16
515058000	6	ATK	send	neighbor	43
515082040	4	EV	DIO	6
515082040	5	EV	DIO	6
515082040	9	EV	DIO	6
515082040	10	EV	DIO	6
515082040	11	EV	DIO	6
515082040	15	EV	DIO	6
515082040	16	EV	DIO	6
516406000	19	TX	16
516446696	1	RX	19	16
519212296	5	EV	DIO	3
519224000	17	TX	16
519295696	1	RX	17	16
522110040	3	EV	DIO	5
522110040	4	EV	DIO	5
522110040	8	EV	DIO	5
522110040	9	EV	DIO	5
522110040	10	EV	DIO	5
522110040	11	EV	DIO	5
522110040	14	EV	DIO	5
522110040	15	EV	DIO	5
522110040	16	EV	DIO	5
522149296	8	EV	DIO	19
522228000	20	TX	16
522275696	1	RX	20	16
523820000	2	TX	17
523820000	8	TX	16
523833408	1	RX	2	17
523845408	1	RX	8	16
524106000	18	TX	16
524151696	1	RX	18	16
525059000	6	ATK	send	neighbor	44
525082040	4	EV	DIO	6
525082040	5	EV	DIO	6
525082040	9	EV	DIO	6
525082040	10	EV	DIO	6
525082040	11	EV	DIO	6
525082040	15	EV	DIO	6
525082040	16	EV	DIO	6
529856000	12	TX	16
529930696	1	RX	12	16
532050296	17	EV	DIO	13
533310296	9	EV	DIO	10
533594000	15	TX	16
533601000	10	TX	17
533631408	1	RX	10	17
533662696	1	RX	15	16
533905000	9	TX	17
533947408	1	RX	9	17
534030000	7	TX	16
534090696	1	RX	7	16
535060000	6	ATK	send	neighbor	45
535081040	4	EV	DIO	6
535081040	5	EV	DIO	6
535081040	9	EV	DIO	6
535081040	10	EV	DIO	6
535081040	11	EV	DIO	6
535081040	15	EV	DIO	6
535081040	16	EV	DIO	6
535221000	11	TX	17
535239696	1	RX	11	17
535450296	9	EV	DIO	11
535877000	4	TX	17
535901408	1	RX	4	17
537729000	3	TX	17
537752408	1	RX	3	17
538268296	5	EV	DIO	15
538654000	6	TX	17
538672408	1	RX	6	17
540065000	5	STAT	260	1	1	17	11	11
540086000	18	STAT	393	9	1	17	10	10
540137000	12	STAT	395	9	1	17	10	10
540239040	2	EV	DIO	7
540239040	3	EV	DIO	7
540239040	4	EV	DIO	7
540239040	8	EV	DIO	7
540239040	9	EV	DIO	7
540239040	12	EV	DIO	7
540239040	13	EV	DIO	7
540239040	14	EV	DIO	7
540239040	17	EV	DIO	7
540239040	18	EV	DIO	7
540240000	10	STAT	256	1	1	18	14	14
540252000	19	STAT	393	10	1	17	11	11
540302000	11	STAT	391	10	1	18	9	9
540346000	16	STAT	388	10	1	17	9	9
540369000	20	STAT	401	10	1	17	9	9
540505000	8	STAT	256	1	1	17	15	15
540541000	14	STAT	388	10	1	17	16	16
540549000	1	RSTAT	330	8	0
540642000	3	STAT	256	1	1	18	11	11
540692000	15	STAT	388	10	1	17	13	13
540765000	2	STAT	264	1	1	18	8	8
540801000	5	TX	17
540807408	1	RX	5	17
540815000	7	STAT	388	3	1	17	10	10
540862000	17	STAT	393	8	1	17	7	7
540907000	9	STAT	256	1	1	18	18	18
540971000	4	STAT	259	1	1	18	13	13
540999000	13	STAT	388	9	1	17	14	14
542599000	16	TX	17
542636696	1	RX	16	17
543353000	14	TX	17
543406696	1	RX	14	17
543936000	13	TX	17
543987696	1	RX	13	17
544270296	10	EV	DIO	5
545061000	6	ATK	send	neighbor	46
545083040	4	EV	DIO	6
545083040	5	EV	DIO	6
545083040	9	EV	DIO	6
545083040	10	EV	DIO	6
545083040	11	EV	DIO	6
545083040	15	EV	DIO	6
545083040	16	EV	DIO	6
547174000	19	TX	17
547254696	1	RX	19	17
547940040	7	EV	DIO	17
547940040	8	EV	DIO	17
547940040	8	BLOCK	17	expire	1	60
547940040	12	EV	DIO	17
547940040	13	EV	DIO	17
547940040	14	EV	DIO	17
547940040	18	EV	DIO	17
547940040	19	EV	DIO	17
549308000	17	TX	17
549384696	1	RX	17	17
549886296	9	EV	DIO	20
552249296	8	EV	DIO	2
552608000	20	TX	17
552681696	1	RX	20	17
553512000	2	TX	18
553543408	1	RX	2	18
554385000	18	TX	17
554420696	1	RX	18	17
554777000	8	TX	17
554799408	1	RX	8	17
555062000	6	ATK	send	neighbor	47
555075040	4	EV	DIO	6
555075040	5	EV	DIO	6
555075040	9	EV	DIO	6
555075040	10	EV	DIO	6
555075040	11	EV	DIO	6
555075040	15	EV	DIO	6
555075040	16	EV	DIO	6
556277296	5	EV	DIO	4
560457000	12	TX	17
560503696	1	RX	12	17
562996000	10	TX	18
563006408	1	RX	10	18
563111000	7	TX	17
563154696	1	RX	7	17
563172296	8	EV	DIO	14
563648000	9	TX	18
563680408	1	RX	9	18
564293000	15	TX	17
564349696	1	RX	15	17
564962000	11	TX	18
564997696	1	RX	11	18
565063000	6	ATK	send	neighbor	48
565075040	4	EV	DIO	6
565075040	5	EV	DIO	6
565075040	9	EV	DIO	6
565075040	10	EV	DIO	6
565075040	11	EV	DIO	6
565075040	15	EV	DIO	6
565075040	16	EV	DIO	6
565406000	4	TX	18
565430408	1	RX	4	18
567347000	3	TX	18
567363408	1	RX	3	18
567926296	9	EV	DIO	6
568464000	6	TX	18
568501408	1	RX	6	18
570065000	5	STAT	259	1	1	18	11	11
570086000	18	STAT	392	9	1	18	10	10
570137000	12	STAT	393	9	1	18	10	10
570240000	10	STAT	256	1	1	19	14	14
570252000	19	STAT	392	10	1	18	11	11
570302000	11	STAT	390	10	1	19	9	9
570346000	16	STAT	387	10	1	18	9	9
570369000	20	STAT	399	10	1	18	9	9
570505000	8	STAT	256	1	1	18	15	15
570541000	14	STAT	387	10	1	18	16	16
570549000	1	RSTAT	349	8	0
570602000	5	TX	18
570609296	8	EV	DIO	12
570642000	3	STAT	256	1	1	19	11	11
570644408	1	RX	5	18
570692000	15	STAT	387	10	1	18	13	13
570765000	2	STAT	263	1	1	19	8	8
570815000	7	STAT	387	3	1	18	10	10
570862000	17	STAT	392	8	1	18	7	7
570907000	9	STAT	256	1	1	19	18	18
570971000	4	STAT	258	1	1	19	13	13
570999000	13	STAT	387	9	1	18	14	14
572360000	16	TX	18
572424696	1	RX	16	18
573682000	14	TX	18
573744696	1	RX	14	18
573823000	13	TX	18
573875696	1	RX	13	18
575064000	6	ATK	send	neighbor	49
575082040	4	EV	DIO	6
575082040	5	EV	DIO	6
575082040	9	EV	DIO	6
575082040	10	EV	DIO	6
575082040	11	EV	DIO	6
575082040	15	EV	DIO	6
575082040	16	EV	DIO	6
575182296	3	EV	DIO	9
576540296	9	EV	DIO	16
576561296	18	EV	DIO	17
576893000	19	TX	18
576954696	1	RX	19	18
577376296	4	EV	DIO	3
579025000	17	TX	18
579036360	1	RX	17	18
582783000	2	TX	19
582825408	1	RX	2	19
582894000	20	TX	18
582951696	1	RX	20	18
584482000	18	TX	18
584501696	1	RX	18	18
585065000	6	ATK	send	neighbor	50
585082040	4	EV	DIO	6
585082040	5	EV	DIO	6
585082040	9	EV	DIO	6
585082040	10	EV	DIO	6
585082040	11	EV	DIO	6
585082040	15	EV	DIO	6
585082040	16	EV	DIO	6
585722000	8	TX	18
585743408	1	RX	8	18
588495296	17	EV	DIO	19
591354000	12	TX	18
591411696	1	RX	12	18
592156000	7	TX	18
592211696	1	RX	7	18
592514296	9	EV	DIO	8
593420000	10	TX	19
593451408	1	RX	10	19
594096000	15	TX	18
594145696	1	RX	15	18
594176000	11	TX	19
594236696	1	RX	11	19
594377000	9	TX	19
594411408	1	RX	9	19
595066000	6	ATK	send	neighbor	51
595084040	4	EV	DIO	6
595084040	5	EV	DIO	6
595084040	9	EV	DIO	6
595084040	10	EV	DIO	6
595084040	11	EV	DIO	6
595084040	15	EV	DIO	6
595084040	16	EV	DIO	6
595527000	4	TX	19
595568408	1	RX	4	19
597113000	3	TX	19
597125408	1	RX	3	19
597948000	6	TX	19
597955408	1	RX	6	19
598226296	16	EV	DIO	20
600065000	5	STAT	258	1	1	19	11	11
600065000	5	NBR	1	1	1	0	0	0
600065000	5	NBR	1	10	1	0	0	0
600065000	5	NBR	1	16	1	0	0	0
600065000	5	NBR	1	6	32	0	6	0
600065000	5	NBR	1	9	1	0	0	0
600065000	5	NBR	1	3	2	0	0	0
600065000	5	NBR	1	4	2	0	0	0
600065000	5	NBR	1	8	2	0	0	0
600065000	5	NBR	1	11	3	0	0	0
600065000	5	NBR	1	14	1	0	0	0
600065000	5	NBR	1	15	3	0	0	0
600065000	5	WIN	1	11	11	49	0
600065000	5	DET	1	11	4454	8742	2734	28354
600065000	5	ALERT	1	6	DIO	32	28354
600065000	5	BLOCK	6	temp	2	60
600086000	18	STAT	391	9	1	19	10	10
600086000	18	NBR	1	19	1	0	0	0
600086000	18	NBR	1	9	1	0	0	0
600086000	18	NBR	1	17	4	0	0	0
600086000	18	NBR	1	7	2	0	0	0
600086000	18	NBR	1	8	1	0	0	0
600086000	18	NBR	1	14	1	0	0	0
600086000	18	NBR	1	15	1	0	0	0
600086000	18	NBR	1	20	1	0	0	0
600086000	18	NBR	1	13	1	0	0	0
600086000	18	NBR	1	12	1	0	0	0
600086000	18	WIN	1	10	10	14	0
600086000	18	DET	1	10	1400	916	2701	3874
600086000	18	ALERT	1	17	DIO	4	3874
600086000	18	BLOCK	17	temp	1	60
600137000	12	STAT	392	9	1	19	10	10
600137000	12	NBR	1	19	1	0	0	0
600137000	12	NBR	1	9	1	0	0	0
600137000	12	NBR	1	17	1	0	0	0
600137000	12	NBR	1	3	1	0	0	0
600137000	12	NBR	1	18	1	0	0	0
600137000	12	NBR	1	7	1	0	0	0
600137000	12	NBR	1	2	1	0	0	0
600137000	12	NBR	1	8	1	0	0	0
600137000	12	NBR	1	14	1	0	0	0
600137000	12	NBR	1	13	1	0	0	0
600137000	12	WIN	1	10	10	10	0
600137000	12	DET	1	10	1000	0	2701	1000
600240000	10	STAT	256	1	1	20	14	14
600240000	10	NBR	1	1	1	0	0	0
600240000	10	NBR	1	14	1	0	0	0
600240000	10	NBR	1	13	1	0	0	0
600240000	10	NBR	1	11	1	0	0	0
600240000	10	NBR	1	16	1	0	0	0
600240000	10	NBR	1	19	1	0	0	0
600240000	10	NBR	1	20	1	0	0	0
600240000	10	NBR	1	6	32	0	6	0
600240000	10	NBR	1	9	2	0	0	0
600240000	10	NBR	1	3	1	0	0	0
600240000	10	NBR	1	5	3	0	0	0
600240000	10	NBR	1	4	2	0	0	0
600240000	10	NBR	1	15	1	0	0	0
600240000	10	NBR	1	8	1	0	0	0
600240000	10	WIN	1	14	14	49	0
600240000	10	DET	1	14	3500	7925	2815	25808
600240000	10	ALERT	1	6	DIO	32	25808
600240000	10	BLOCK	6	temp	2	60
600252000	19	STAT	391	10	1	19	11	11
600252000	19	NBR	1	10	1	0	0	0
600252000	19	NBR	1	16	1	0	0	0
600252000	19	NBR	1	9	2	0	0	0
600252000	19	NBR	1	17	2	0	0	0
600252000	19	NBR	1	18	2	0	0	0
600252000	19	NBR	1	8	1	0	0	0
600252000	19	NBR	1	14	1	0	0	0
600252000	19	NBR	1	15	1	0	0	0
600252000	19	NBR	1	20	1	0	0	0
600252000	19	NBR	1	13	2	0	0	0
600252000	19	NBR	1	12	1	0	0	0
600252000	19	WIN	1	11	11	15	0
600252000	19	DET	1	11	1363	481	2734	2678
600302000	11	STAT	389	10	1	20	9	9
600302000	11	NBR	1	10	1	0	0	0
600302000	11	NBR	1	16	1	0	0	0
600302000	11	NBR	1	6	31	0	6	0
600302000	11	NBR	1	9	1	0	0	0
600302000	11	NBR	1	5	1	0	0	0
600302000	11	NBR	1	4	1	0	0	0
600302000	11	NBR	1	14	1	0	0	0
600302000	11	NBR	1	15	1	0	0	0
600302000	11	NBR	1	20	1	0	0	0
600302000	11	WIN	1	9	9	39	0
600302000	11	DET	1	9	4333	9428	2650	29317
600302000	11	ALERT	1	6	DIO	31	29317
600302000	11	BLOCK	6	temp	2	60
600346000	16	STAT	386	10	1	19	9	9
600346000	16	NBR	1	10	1	0	0	0
600346000	16	NBR	1	19	2	0	0	0
600346000	16	NBR	1	6	32	0	7	0
600346000	16	NBR	1	9	2	0	0	0
600346000	16	NBR	1	5	1	0	0	0
600346000	16	NBR	1	11	1	0	0	0
600346000	16	NBR	1	14	2	0	0	0
600346000	16	NBR	1	15	1	0	0	0
600346000	16	NBR	1	20	3	0	0	0
600346000	16	WIN	1	9	9	45	0
600346000	16	DET	1	9	5000	9568	2650	30355
600346000	16	ALERT	1	6	DIO	32	30355
600346000	16	BLOCK	6	temp	2	60
600369000	20	STAT	397	10	1	19	9	9
600369000	20	NBR	1	10	1	0	0	0
600369000	20	NBR	1	19	1	0	0	0
600369000	20	NBR	1	16	1	0	0	0
600369000	20	NBR	1	9	1	0	0	0
600369000	20	NBR	1	18	1	0	0	0
600369000	20	NBR	1	11	1	0	0	0
600369000	20	NBR	1	14	1	0	0	0
600369000	20	NBR	1	15	1	0	0	0
600369000	20	NBR	1	13	1	0	0	0
600369000	20	WIN	1	9	9	9	0
600369000	20	DET	1	9	1000	0	2650	1000
600505000	8	STAT	256	1	1	19	15	15
600505000	8	NBR	1	1	1	0	0	0
600505000	8	NBR	1	10	1	0	0	0
600505000	8	NBR	1	19	2	0	0	0
600505000	8	NBR	1	9	1	0	0	0
600505000	8	NBR	1	17	1	0	0	0
600505000	8	NBR	1	3	1	0	0	0
600505000	8	NBR	1	5	1	0	0	0
600505000	8	NBR	1	4	1	0	0	0
600505000	8	NBR	1	18	4	0	0	0
600505000	8	NBR	1	7	1	0	0	0
600505000	8	NBR	1	2	2	0	0	0
600505000	8	NBR	1	14	3	0	0	0
600505000	8	NBR	1	15	1	0	0	0
600505000	8	NBR	1	13	2	0	0	0
600505000	8	NBR	1	12	4	0	0	0
600505000	8	WIN	1	15	15	26	0
600505000	8	DET	1	15	1733	1062	2860	4770
600541000	14	STAT	386	10	1	19	16	16
600541000	14	NBR	1	10	1	0	0	0
600541000	14	NBR	1	19	1	0	0	0
600541000	14	NBR	1	16	1	0	0	0
600541000	14	NBR	1	9	1	0	0	0
600541000	14	NBR	1	17	1	0	0	0
600541000	14	NBR	1	3	1	0	0	0
600541000	14	NBR	1	5	1	0	0	0
600541000	14	NBR	1	4	1	0	0	0
600541000	14	NBR	1	18	1	0	0	0
600541000	14	NBR	1	7	1	0	0	0
600541000	14	NBR	1	8	1	0	0	0
600541000	14	NBR	1	11	1	0	0	0
600541000	14	NBR	1	15	1	0	0	0
600541000	14	NBR	1	20	1	0	0	0
600541000	14	NBR	1	13	1	0	0	0
600541000	14	NBR	1	12	1	0	0	0
600541000	14	WIN	1	16	16	16	0
600541000	14	DET	1	16	1000	0	2923	1000
600549000	1	RSTAT	368	8	0
600642000	3	STAT	256	1	1	20	11	11
600642000	3	NBR	1	1	1	0	0	0
600642000	3	NBR	1	10	1	0	0	0
600642000	3	NBR	1	9	3	0	0	0
600642000	3	NBR	1	5	1	0	0	0
600642000	3	NBR	1	4	2	0	0	0
600642000	3	NBR	1	7	1	0	0	0
600642000	3	NBR	1	2	2	0	0	0
600642000	3	NBR	1	8	2	0	0	0
600642000	3	NBR	1	14	1	0	0	0
600642000	3	NBR	1	13	1	0	0	0
600642000	3	NBR	1	12	1	0	0	0
600642000	3	WIN	1	11	11	16	0
600642000	3	DET	1	11	1454	655	2734	3244
600692000	15	STAT	386	10	1	19	13	13
600692000	15	NBR	1	10	1	0	0	0
600692000	15	NBR	1	19	1	0	0	0
600692000	15	NBR	1	16	1	0	0	0
600692000	15	NBR	1	6	31	0	6	0
600692000	15	NBR	1	9	1	0	0	0
600692000	15	NBR	1	5	1	0	0	0
600692000	15	NBR	1	4	1	0	0	0
600692000	15	NBR	1	18	1	0	0	0
600692000	15	NBR	1	8	1	0	0	0
600692000	15	NBR	1	11	1	0	0	0
600692000	15	NBR	1	14	1	0	0	0
600692000	15	NBR	1	20	1	0	0	0
600692000	15	NBR	1	13	1	0	0	0
600692000	15	WIN	1	13	13	43	0
600692000	15	DET	1	13	3307	7994	2783	25554
600692000	15	ALERT	1	6	DIO	31	25554
600692000	15	BLOCK	6	temp	2	60
600765000	2	STAT	262	1	1	20	8	8
600765000	2	NBR	1	1	1	0	0	0
600765000	2	NBR	1	9	1	0	0	0
600765000	2	NBR	1	3	1	0	0	0
600765000	2	NBR	1	4	1	0	0	0
600765000	2	NBR	1	7	1	0	0	0
600765000	2	NBR	1	8	1	0	0	0
600765000	2	NBR	1	13	1	0	0	0
600765000	2	NBR	1	12	1	0	0	0
600765000	2	WIN	1	8	8	8	0
600765000	2	DET	1	8	1000	0	2570	1000
600815000	7	STAT	386	3	1	19	10	10
600815000	7	NBR	1	9	1	0	0	0
600815000	7	NBR	1	17	1	0	0	0
600815000	7	NBR	1	3	1	0	0	0
600815000	7	NBR	1	4	1	0	0	0
600815000	7	NBR	1	18	1	0	0	0
600815000	7	NBR	1	2	2	0	0	0
600815000	7	NBR	1	8	1	0	0	0
600815000	7	NBR	1	14	1	0	0	0
600815000	7	NBR	1	13	1	0	0	0
600815000	7	NBR	1	12	1	0	0	0
600815000	7	WIN	1	10	10	11	0
600815000	7	DET	1	10	1100	300	2701	1910
600815000	7	ALERT	1	2	DIO	2	1910
600815000	7	BLOCK	2	temp	1	60
600862000	17	STAT	391	8	1	19	7	7
600862000	17	NBR	1	19	2	0	0	0
600862000	17	NBR	1	18	1	0	0	0
600862000	17	NBR	1	7	1	0	0	0
600862000	17	NBR	1	8	1	0	0	0
600862000	17	NBR	1	14	1	0	0	0
600862000	17	NBR	1	13	2	0	0	0
600862000	17	NBR	1	12	2	0	0	0
600862000	17	WIN	1	7	7	10	0
600862000	17	DET	1	7	1428	494	2450	2638
600880000	5	TX	19
600891408	1	RX	5	19
600907000	9	STAT	256	1	1	20	18	18
600907000	9	NBR	1	1	1	0	0	0
600907000	9	NBR	1	10	4	0	0	0
600907000	9	NBR	1	19	2	0	0	0
600907000	9	NBR	1	16	3	0	0	0
600907000	9	NBR	1	6	32	0	6	0
600907000	9	NBR	1	3	3	0	0	0
600907000	9	NBR	1	5	2	0	0	0
600907000	9	NBR	1	4	1	0	0	0
600907000	9	NBR	1	18	1	0	0	0
600907000	9	NBR	1	7	2	0	0	0
600907000	9	NBR	1	12	1	0	0	0
600907000	9	NBR	1	13	1	0	0	0
600907000	9	NBR	1	2	1	0	0	0
600907000	9	NBR	1	8	3	0	0	0
600907000	9	NBR	1	11	2	0	0	0
600907000	9	NBR	1	14	3	0	0	0
600907000	9	NBR	1	15	3	0	0	0
600907000	9	NBR	1	20	3	0	0	0
600907000	9	WIN	1	18	18	68	0
600907000	9	DET	1	18	3777	6908	3118	25316
600907000	9	ALERT	1	6	DIO	32	25316
600907000	9	BLOCK	6	temp	2	60
600971000	4	STAT	257	1	1	20	13	13
600971000	4	NBR	1	1	1	0	0	0
600971000	4	NBR	1	10	1	0	0	0
600971000	4	NBR	1	6	31	0	6	0
600971000	4	NBR	1	9	1	0	0	0
600971000	4	NBR	1	3	2	0	0	0
600971000	4	NBR	1	5	1	0	0	0
600971000	4	NBR	1	7	2	0	0	0
600971000	4	NBR	1	2	2	0	0	0
600971000	4	NBR	1	8	1	0	0	0
600971000	4	NBR	1	11	1	0	0	0
600971000	4	NBR	1	14	1	0	0	0
600971000	4	NBR	1	15	1	0	0	0
600971000	4	NBR	1	13	1	0	0	0
600971000	4	WIN	1	13	13	46	0
600971000	4	DET	1	13	3538	7938	2783	25629
600971000	4	ALERT	1	6	DIO	31	25629
600971000	4	BLOCK	6	temp	2	60
600999000	13	STAT	386	9	1	19	14	14
600999000	13	NBR	1	10	1	0	0	0
600999000	13	NBR	1	19	1	0	0	0
600999000	13	NBR	1	9	1	0	0	0
600999000	13	NBR	1	17	1	0	0	0
600999000	13	NBR	1	3	1	0	0	0
600999000	13	NBR	1	4	1	0	0	0
600999000	13	NBR	1	18	1	0	0	0
600999000	13	NBR	1	7	1	0	0	0
600999000	13	NBR	1	2	1	0	0	0
600999000	13	NBR	1	8	1	0	0	0
600999000	13	NBR	1	14	1	0	0	0
600999000	13	NBR	1	15	1	0	0	0
600999000	13	NBR	1	20	1	0	0	0
600999000	13	NBR	1	12	1	0	0	0
600999000	13	WIN	1	14	14	14	0
600999000	13	DET	1	14	1000	0	2815	1000
602048296	13	EV	DIO	2
602081000	16	TX	19
602120696	1	RX	16	19
602851000	14	TX	19
602909696	1	RX	14	19
604741000	13	TX	19
604771696	1	RX	13	19
605067000	6	ATK	send	neighbor	52
605077040	4	EV	DIO	6
605077040	5	EV	DIO	6
605077040	9	EV	DIO	6
605077040	10	EV	DIO	6
605077040	11	EV	DIO	6
605077040	15	EV	DIO	6
605077040	16	EV	DIO	6
606943000	19	TX	19
607018696	1	RX	19	19
610006000	17	TX	19
610050360	1	RX	17	19
612664000	20	TX	19
612708696	1	RX	20	19
612777000	2	TX	20
612781408	1	RX	2	20
615068000	6	ATK	send	neighbor	53
615107000	18	TX	19
615109040	4	EV	DIO	6
615109040	5	EV	DIO	6
615109040	9	EV	DIO	6
615109040	10	EV	DIO	6
615109040	11	EV	DIO	6
615109040	15	EV	DIO	6
615109040	16	EV	DIO	6
615130696	1	RX	18	19
615769000	8	TX	19
615779408	1	RX	8	19
616448296	8	EV	DIO	7
618658296	4	EV	DIO	11
621422000	12	TX	19
621442696	1	RX	12	19
622562000	7	TX	19
622631696	1	RX	7	19
623679296	19	EV	DIO	18
623689000	10	TX	20
623722408	1	RX	10	20
624126000	9	TX	20
624132408	1	RX	9	20
624192000	11	TX	20
624228696	1	RX	11	20
624478000	15	TX	19
624522696	1	RX	15	19
625069000	6	ATK	send	neighbor	54
625086040	4	EV	DIO	6
625086040	5	EV	DIO	6
625086040	9	EV	DIO	6
625086040	10	EV	DIO	6
625086040	11	EV	DIO	6
625086040	15	EV	DIO	6
625086040	16	EV	DIO	6
626441000	4	TX	20
626452408	1	RX	4	20
626508296	3	EV	DIO	5
627472000	3	TX	20
627494408	1	RX	3	20
627776000	6	TX	20
627788408	1	RX	6	20
629556296	5	EV	DIO	10
630065000	5	STAT	257	1	1	20	11	11
630086000	18	STAT	390	9	1	20	10	10
630137000	12	STAT	391	9	1	20	10	10
630240000	10	STAT	256	1	1	21	14	14
630252000	19	STAT	390	10	1	20	11	11
630302000	11	STAT	388	10	1	21	9	9
630346000	16	STAT	385	10	1	20	9	9
630369000	20	STAT	395	10	1	20	9	9
630505000	8	STAT	256	1	1	20	15	15
630541000	14	STAT	385	10	1	20	16	16
630549000	1	RSTAT	387	8	0
630642000	3	STAT	256	1	1	21	11	11
630688000	5	TX	20
630692000	15	STAT	385	10	1	20	13	13
630698408	1	RX	5	20
630765000	2	STAT	261	1	1	21	8	8
630815000	7	STAT	385	3	1	20	10	10
630862000	17	STAT	390	8	1	20	7	7
630907000	9	STAT	256	1	1	21	18	18
630971000	4	STAT	256	1	1	21	13	13
630999000	13	STAT	385	9	1	20	14	14
631603000	16	TX	20
631628696	1	RX	16	20
632768000	14	TX	20
632814696	1	RX	14	20
633720296	3	EV	DIO	13
634851000	13	TX	20
634893696	1	RX	13	20
635070000	6	ATK	send	neighbor	55
635096040	4	EV	DIO	6
635096040	5	EV	DIO	6
635096040	9	EV	DIO	6
635096040	10	EV	DIO	6
635096040	11	EV	DIO	6
635096040	15	EV	DIO	6
635096040	16	EV	DIO	6
637003000	19	TX	20
637025696	1	RX	19	20
638764296	3	EV	DIO	9
639396000	17	TX	20
639409360	1	RX	17	20
641099296	17	EV	DIO	14
641930000	2	TX	21
641968408	1	RX	2	21
642120296	4	EV	DIO	8
642131000	20	TX	20
642155696	1	RX	20	20
644987000	8	TX	20
645021408	1	RX	8	20
645071000	6	ATK	send	neighbor	56
645100040	4	EV	DIO	6
645100040	5	EV	DIO	6
645100040	9	EV	DIO	6
645100040	10	EV	DIO	6
645100040	11	EV	DIO	6
645100040	15	EV	DIO	6
645100040	16	EV	DIO	6
645905000	18	TX	20
645962696	1	RX	18	20
646233296	5	EV	DIO	15
651618000	12	TX	20
651664696	1	RX	12	20
652349000	7	TX	20
652420696	1	RX	7	20
653287000	11	TX	21
653340696	1	RX	11	21
653343000	10	TX	21
653376408	1	RX	10	21
653734000	9	TX	21
653746408	1	RX	9	21
653761000	15	TX	20
653805696	1	RX	15	20
655072000	6	ATK	send	neighbor	57
655077040	4	EV	DIO	6
655077040	5	EV	DIO	6
655077040	9	EV	DIO	6
655077040	10	EV	DIO	6
655077040	11	EV	DIO	6
655077040	15	EV	DIO	6
655077040	16	EV	DIO	6
656301000	4	TX	21
656344408	1	RX	4	21
656615000	3	TX	21
656619408	1	RX	3	21
657260000	6	TX	21
657274408	1	RX	6	21
659914296	8	EV	DIO	19
659966296	3	EV	DIO	12
660065000	5	STAT	256	1	1	21	11	11
660086000	18	STAT	389	9	1	21	10	10
660137000	12	STAT	390	9	1	21	10	10
660240000	10	STAT	256	1	1	22	14	14
660252000	19	STAT	389	10	1	21	11	11
660302000	11	STAT	387	10	1	22	9	9
660338000	5	TX	21
660342408	1	RX	5	21
660346000	16	STAT	384	10	1	21	9	9
660369000	20	STAT	393	10	1	21	9	9
660505000	8	STAT	256	1	1	21	15	15
660541000	14	STAT	384	10	1	21	16	16
660549000	1	RSTAT	407	8	0
660642000	3	STAT	256	1	1	22	11	11
660671000	16	TX	21
660692000	15	STAT	384	10	1	21	13	13
660709696	1	RX	16	21
660765000	2	STAT	260	1	1	22	8	8
660815000	7	STAT	384	3	1	21	10	10
660862000	17	STAT	389	8	1	21	7	7
660907000	9	STAT	256	1	1	22	18	18
660971000	4	STAT	256	1	1	22	13	13
660999000	13	STAT	384	9	1	21	14	14
662321296	8	EV	DIO	2
662922000	14	TX	21
662977696	1	RX	14	21
664004000	13	TX	21
664033696	1	RX	13	21
665073000	6	ATK	send	neighbor	58
665079040	4	EV	DIO	6
665079040	4	BLOCK	6	expire	2	60
665079040	5	EV	DIO	6
665079040	5	BLOCK	6	expire	2	60
665079040	9	EV	DIO	6
665079040	9	BLOCK	6	expire	2	60
665079040	10	EV	DIO	6
665079040	10	BLOCK	6	expire	2	60
665079040	11	EV	DIO	6
665079040	11	BLOCK	6	expire	2	60
665079040	15	EV	DIO	6
665079040	15	BLOCK	6	expire	2	60
665079040	16	EV	DIO	6
665079040	16	BLOCK	6	expire	2	60
666557000	19	TX	21
666626696	1	RX	19	21
666756296	7	EV	DIO	4
667936296	9	EV	DIO	16
669862000	17	TX	21
669933696	1	RX	17	21
670796296	7	EV	DIO	17
671022296	18	EV	DIO	20
672499000	2	TX	22
672525408	1	RX	2	22
673089000	20	TX	21
673160696	1	RX	20	21
674324000	8	TX	21
674355408	1	RX	8	21
675013000	6	ATK	stop	neighbor	59
675137000	18	TX	21
675192696	1	RX	18	21
676641296	5	EV	DIO	6
677861296	4	EV	DIO	3
680952000	12	TX	21
681027696	1	RX	12	21
682374000	10	TX	22
682396408	1	RX	10	22
682919000	7	TX	21
682948000	9	TX	22
682960696	1	RX	7	21
682971408	1	RX	9	22
683581000	15	TX	21
683641696	1	RX	15	21
683865000	11	TX	22
683930696	1	RX	11	22
686386000	3	TX	22
686420408	1	RX	3	22
686423000	4	TX	22
686436408	1	RX	4	22
686768000	6	TX	22
686791408	1	RX	6	22
690020000	5	TX	22
690029408	1	RX	5	22
690065000	5	STAT	256	1	1	23	11	11
690086000	18	STAT	388	9	1	22	10	10
690137000	12	STAT	389	9	1	22	10	10
690240000	10	STAT	256	1	1	23	14	14
690252000	19	STAT	388	10	1	22	11	11
690302000	11	STAT	386	10	1	23	9	9
690346000	16	STAT	384	10	1	22	9	9
690369000	20	STAT	392	10	1	22	9	9
690505000	8	STAT	256	1	1	22	15	15
690541000	14	STAT	384	10	1	22	16	16
690549000	1	RSTAT	426	8	0
690642000	3	STAT	256	1	1	23	11	11
690692000	15	STAT	384	10	1	22	13	13
690695000	16	TX	22
690750696	1	RX	16	22
690765000	2	STAT	259	1	1	23	8	8
690815000	7	STAT	384	3	1	22	10	10
690862000	17	STAT	388	8	1	22	7	7
690907000	9	STAT	256	1	1	23	18	18
690971000	4	STAT	256	1	1	23	13	13
690999000	13	STAT	384	9	1	22	14	14
693581000	14	TX	22
693626696	1	RX	14	22
693634000	13	TX	22
693668696	1	RX	13	22
697133296	8	EV	DIO	14
697166000	19	TX	22
697239696	1	RX	19	22
699904000	17	TX	22
699952696	1	RX	17	22
701641000	2	TX	23
701682408	1	RX	2	23
702945000	20	TX	22
702986696	1	RX	20	22
704375296	5	EV	DIO	15
704409296	14	EV	DIO	11
704889000	8	TX	22
704909408	1	RX	8	22
706086000	18	TX	22
706127696	1	RX	18	22
708636296	5	EV	DIO	10
711001296	3	EV	DIO	9
711465000	12	TX	22
711516696	1	RX	12	22
712599000	7	TX	22
712615696	1	RX	7	22
712767000	9	TX	23
712791408	1	RX	9	23
713269000	10	TX	23
713308408	1	RX	10	23
713979000	15	TX	22
714005696	1	RX	15	22
714166000	11	TX	23
714231696	1	RX	11	23
716009000	6	TX	23
716022408	1	RX	6	23
716451000	3	TX	23
716474408	1	RX	3	23
717238000	4	TX	23
717270408	1	RX	4	23
717468296	8	EV	DIO	13
719702000	5	TX	23
719722408	1	RX	5	23
720054000	16	TX	23
720065000	5	STAT	256	1	1	24	11	11
720086000	18	STAT	387	9	1	23	10	10
720095696	1	RX	16	23
720137000	12	STAT	388	9	1	23	10	10
720240000	10	STAT	256	1	1	24	14	14
720252000	19	STAT	387	10	1	23	11	11
720302000	11	STAT	385	10	1	24	9	9
720346000	16	STAT	384	10	1	24	9	9
720369000	20	STAT	391	10	1	23	9	9
720505000	8	STAT	256	1	1	23	15	15
720541000	14	STAT	384	10	1	23	16	16
720549000	1	RSTAT	446	8	0
720642000	3	STAT	256	1	1	24	11	11
720692000	15	STAT	384	10	1	23	13	13
720765000	2	STAT	258	1	1	24	8	8
720815000	7	STAT	384	3	1	23	10	10
720862000	17	STAT	387	8	1	23	7	7
720907000	9	STAT	256	1	1	24	18	18
720971000	4	STAT	256	1	1	24	13	13
720999000	13	STAT	384	9	1	23	14	14
723675000	14	TX	23
723712696	1	RX	14	23
724600000	13	TX	23
724625696	1	RX	13	23
726392296	8	EV	DIO	7
727484000	19	TX	23
727556696	1	RX	19	23
730688000	17	TX	23
730726696	1	RX	17	23
731346000	2	TX	24
731376408	1	RX	2	24
732214000	20	TX	23
732274696	1	RX	20	23
733082296	19	EV	DIO	18
733173296	8	EV	DIO	19
734755000	8	TX	23
734794408	1	RX	8	23
736902000	18	TX	23
736936696	1	RX	18	23
738491296	10	EV	DIO	4
739424296	9	EV	DIO	8
741182000	12	TX	23
741203696	1	RX	12	23
741233296	9	EV	DIO	16
743350000	7	TX	23
743424696	1	RX	7	23
743707000	9	TX	24
743713408	1	RX	9	24
743729000	15	TX	23
743778000	10	TX	24
743797000	11	TX	24
743809696	1	RX	15	23
743815408	1	RX	10	24
743861696	1	RX	11	24
746175000	6	TX	24
746212408	1	RX	6	24
746441000	4	TX	24
746475408	1	RX	4	24
747055000	3	TX	24
747059408	1	RX	3	24
749280000	16	TX	24
749342696	1	RX	16	24
749772000	5	TX	24
749777408	1	RX	5	24
750065000	5	STAT	256	1	1	25	11	11
750086000	18	STAT	386	9	1	24	10	10
750137000	12	STAT	387	9	1	24	10	10
750240000	10	STAT	256	1	1	25	14	14
750252000	19	STAT	386	10	1	24	11	11
750302000	11	STAT	384	10	1	25	9	9
750346000	16	STAT	384	10	1	25	9	9
750369000	20	STAT	390	10	1	24	9	9
750505000	8	STAT	256	1	1	24	15	15
750538296	12	EV	DIO	2
750541000	14	STAT	384	10	1	24	16	16
750549000	1	RSTAT	465	8	0
750642000	3	STAT	256	1	1	25	11	11
750692000	15	STAT	384	10	1	24	13	13
750765000	2	STAT	257	1	1	25	8	8
750815000	7	STAT	384	3	1	24	10	10
750862000	17	STAT	386	8	1	24	7	7
750907000	9	STAT	256	1	1	25	18	18
750971000	4	STAT	256	1	1	25	13	13
750999000	13	STAT	384	9	1	24	14	14
753032296	11	EV	DIO	20
753062000	14	TX	24
753147696	1	RX	14	24
755356000	13	TX	24
755381696	1	RX	13	24
756710296	3	EV	DIO	12
757003296	5	EV	DIO	6
757449000	19	TX	24
757508696	1	RX	19	24
760276000	17	TX	24
760328696	1	RX	17	24
760516000	2	TX	25
760553408	1	RX	2	25
760817296	4	EV	DIO	3
761849000	20	TX	24
761916696	1	RX	20	24
763822000	8	TX	24
763830408	1	RX	8	24
767172000	18	TX	24
767210696	1	RX	18	24
771657000	12	TX	24
771736696	1	RX	12	24
772427296	8	EV	DIO	14
772898000	11	TX	25
772955696	1	RX	11	25
773712000	10	TX	25
773724408	1	RX	10	25
774012000	7	TX	24
774032696	1	RX	7	24
774284000	9	TX	25
774319408	1	RX	9	25
774436000	15	TX	24
774503696	1	RX	15	24
775340296	18	EV	DIO	17
775340296	18	BLOCK	17	expire	1	60
775713000	4	TX	25
775740408	1	RX	4	25
777052000	6	TX	25
777061408	1	RX	6	25
777274000	3	TX	25
777317408	1	RX	3	25
779246000	16	TX	25
779281696	1	RX	16	25
780065000	5	STAT	256	1	1	25	11	11
780086000	18	STAT	385	9	1	25	10	10
780137000	12	STAT	386	9	1	25	10	10
780240000	10	STAT	256	1	1	26	14	14
780252000	19	STAT	385	10	1	25	11	11
780302000	11	STAT	384	10	1	26	9	9
780346000	16	STAT	384	10	1	26	9	9
780369000	20	STAT	389	10	1	25	9	9
780435000	5	TX	25
780459408	1	RX	5	25
780505000	8	STAT	256	1	1	25	15	15
780541000	14	STAT	384	10	1	25	16	16
780549000	1	RSTAT	484	8	0
780642000	3	STAT	256	1	1	26	11	11
780692000	15	STAT	384	10	1	25	13	13
780765000	2	STAT	256	1	1	26	8	8
780777296	16	EV	DIO	15
780815000	7	STAT	384	3	1	25	10	10
780862000	17	STAT	385	8	1	25	7	7
780907000	9	STAT	256	1	1	26	18	18
780971000	4	STAT	256	1	1	26	13	13
780999000	13	STAT	384	9	1	25	14	14
783531000	14	TX	25
783567696	1	RX	14	25
785632000	13	TX	25
785658696	1	RX	13	25
787827296	4	EV	DIO	5
788250000	19	TX	25
788304696	1	RX	19	25
790245000	2	TX	26
790275408	1	RX	2	26
791248000	17	TX	25
791281696	1	RX	17	25
791427000	20	TX	25
791457696	1	RX	20	25
794515000	8	TX	25
794537408	1	RX	8	25
796717000	18	TX	25
796781696	1	RX	18	25
798440296	16	EV	DIO	20
800966000	12	TX	25
800998696	1	RX	12	25
802797000	10	TX	26
802814408	1	RX	10	26
802825000	11	TX	26
802873696	1	RX	11	26
803352000	7	TX	25
803387000	9	TX	26
803391408	1	RX	9	26
803458696	1	RX	7	25
803475000	15	TX	25
803519360	1	RX	15	25
805007296	5	EV	DIO	16
805634000	4	TX	26
805664408	1	RX	4	26
806199000	6	TX	26
806203408	1	RX	6	26
807503296	4	EV	DIO	10
807753296	9	EV	DIO	4
808225000	3	TX	26
808230408	1	RX	3	26
808310000	16	TX	26
808362696	1	RX	16	26
809900296	3	EV	DIO	8
810065000	5	STAT	256	1	1	26	11	11
810086000	18	STAT	384	9	1	26	10	10
810137000	12	STAT	385	9	1	26	10	10
810240000	10	STAT	256	1	1	27	14	14
810252000	19	STAT	384	10	1	26	11	11
810302000	11	STAT	384	10	1	27	9	9
810346000	16	STAT	384	10	1	27	9	9
810369000	20	STAT	388	10	1	26	9	9
810505000	8	STAT	256	1	1	26	15	15
810541000	14	STAT	384	10	1	26	16	16
810549000	1	RSTAT	502	8	0
810642000	3	STAT	256	1	1	27	11	11
810692000	15	STAT	384	10	1	26	13	13
810765000	2	STAT	256	1	1	27	8	8
810815000	7	STAT	384	3	1	26	10	10
810862000	17	STAT	384	8	1	26	7	7
810901000	5	TX	26
810907000	9	STAT	256	1	1	27	18	18
810924408	1	RX	5	26
810971000	4	STAT	256	1	1	27	13	13
810999000	13	STAT	384	9	1	26	14	14
813079000	14	TX	26
813116696	1	RX	14	26
813300040	3	EV	DIO	10
813300040	4	EV	DIO	10
813300040	5	EV	DIO	10
813300040	8	EV	DIO	10
813300040	9	EV	DIO	10
813300040	11	EV	DIO	10
813300040	13	EV	DIO	10
813300040	14	EV	DIO	10
813300040	15	EV	DIO	10
813300040	16	EV	DIO	10
813300040	19	EV	DIO	10
813300040	20	EV	DIO	10
815930296	8	EV	DIO	19
816613000	13	TX	26
816680696	1	RX	13	26
817987040	2	EV	DIO	12
817987040	3	EV	DIO	12
817987040	7	EV	DIO	12
817987040	8	EV	DIO	12
817987040	9	EV	DIO	12
817987040	13	EV	DIO	12
817987040	14	EV	DIO	12
817987040	17	EV	DIO	12
817987040	18	EV	DIO	12
817987040	19	EV	DIO	12
819165000	19	TX	26
819229696	1	RX	19	26
819670000	2	TX	27
819680408	1	RX	2	27
820325296	8	EV	DIO	2
820957000	20	TX	26
821001696	1	RX	20	26
821450000	17	TX	26
821523696	1	RX	17	26
823771000	8	TX	26
823802408	1	RX	8	26
824628296	8	EV	DIO	13
825200040	2	EV	DIO	1
825200040	3	EV	DIO	1
825200040	4	EV	DIO	1
825200040	5	EV	DIO	1
825200040	8	EV	DIO	1
825200040	9	EV	DIO	1
825200040	10	EV	DIO	1
826033000	18	TX	26
826086696	1	RX	18	26
827865296	2	EV	DIO	7
831262000	12	TX	26
831307696	1	RX	12	26
832539000	10	TX	27
832554408	1	RX	10	27
833242000	15	TX	26
833291696	1	RX	15	26
833617000	9	TX	27
833626408	1	RX	9	27
833652000	7	TX	26
833693696	1	RX	7	26
833802000	11	TX	27
833830696	1	RX	11	27
835142000	4	TX	27
835161408	1	RX	4	27
835419000	6	TX	27
835442408	1	RX	6	27
837896000	16	TX	27
837958696	1	RX	16	27
838993000	3	TX	27
839011408	1	RX	3	27
840065000	5	STAT	256	1	1	27	11	11
840086000	18	STAT	384	9	1	27	10	10
840137000	12	STAT	384	9	1	27	10	10
840240000	10	STAT	256	1	1	28	14	14
840252000	19	STAT	384	10	1	27	11	11
840302000	11	STAT	384	10	1	28	9	9
840346000	16	STAT	384	10	1	28	9	9
840369000	20	STAT	387	10	1	27	9	9
840505000	8	STAT	256	1	1	27	15	15
840541000	14	STAT	384	10	1	27	16	16
840549000	1	RSTAT	521	8	0
840563000	5	TX	27
840567408	1	RX	5	27
840642000	3	STAT	256	1	1	28	11	11
840692000	15	STAT	384	10	1	27	13	13
840765000	2	STAT	256	1	1	28	8	8
840815000	7	STAT	384	3	1	27	10	10
840862000	17	STAT	384	8	1	27	7	7
840907000	9	STAT	256	1	1	28	18	18
840971000	4	STAT	256	1	1	28	13	13
840999000	13	STAT	384	9	1	27	14	14
842555000	14	TX	27
842586696	1	RX	14	27
843070296	17	EV	DIO	18
846652000	13	TX	27
846706696	1	RX	13	27
847847296	2	EV	DIO	3
849768000	19	TX	27
849841696	1	RX	19	27
850304000	20	TX	27
850370696	1	RX	20	27
850470000	2	TX	28
850514408	1	RX	2	28
852185000	17	TX	27
852219696	1	RX	17	27
853748040	2	EV	DIO	4
853748040	3	EV	DIO	4
853748040	5	EV	DIO	4
853748040	7	EV	DIO	4
853748040	8	EV	DIO	4
853748040	9	EV	DIO	4
853748040	10	EV	DIO	4
853748040	11	EV	DIO	4
853748040	13	EV	DIO	4
853748040	14	EV	DIO	4
853748040	15	EV	DIO	4
853943296	8	EV	DIO	5
854630000	8	TX	27
854669408	1	RX	8	27
857031000	18	TX	27
857062696	1	RX	18	27
859148296	5	EV	DIO	6
861613000	10	TX	28
861636408	1	RX	10	28
862034000	12	TX	27
862047696	1	RX	12	27
862656000	15	TX	27
862694696	1	RX	15	27
862900296	8	EV	DIO	10
863389000	9	TX	28
863411408	1	RX	9	28
863592000	7	TX	27
863646696	1	RX	7	27
864164000	11	TX	28
864244696	1	RX	11	28
865151000	6	TX	28
865165408	1	RX	6	28
865741000	4	TX	28
865781408	1	RX	4	28
866115296	3	EV	DIO	12
867992000	16	TX	28
868047696	1	RX	16	28
868463296	18	EV	DIO	19
868492000	3	TX	28
868508408	1	RX	3	28
869997000	5	TX	28
870011408	1	RX	5	28
870065000	5	STAT	256	1	1	29	11	11
870086000	18	STAT	384	9	1	28	10	10
870137000	12	STAT	384	9	1	28	10	10
870240000	10	STAT	256	1	1	29	14	14
870252000	19	STAT	384	10	1	28	11	11
870302000	11	STAT	384	10	1	29	9	9
870313296	4	EV	DIO	9
870346000	16	STAT	384	10	1	29	9	9
870369000	20	STAT	386	10	1	28	9	9
870505000	8	STAT	256	1	1	28	15	15
870541000	14	STAT	384	10	1	28	16	16
870549000	1	RSTAT	541	8	0
870642000	3	STAT	256	1	1	29	11	11
870692000	15	STAT	384	10	1	28	13	13
870765000	2	STAT	256	1	1	29	8	8
870815000	7	STAT	384	3	1	28	10	10
870862000	17	STAT	384	8	1	28	7	7
870907000	9	STAT	256	1	1	29	18	18
870971000	4	STAT	256	1	1	29	13	13
870999000	13	STAT	384	9	1	28	14	14
871435296	4	EV	DIO	14
871714000	14	TX	28
871757696	1	RX	14	28
872118296	5	EV	DIO	16
874358296	15	EV	DIO	11
875823296	12	EV	DIO	17
875887000	13	TX	28
875918696	1	RX	13	28
878229296	3	EV	DIO	8
879266000	19	TX	28
879320696	1	RX	19	28
880016000	20	TX	28
880083696	1	RX	20	28
880681000	2	TX	29
880704408	1	RX	2	29
881986000	17	TX	28
882026296	8	EV	DIO	2
882050696	1	RX	17	28
884188000	8	TX	28
884226408	1	RX	8	28
885339296	14	EV	DIO	20
887164000	18	TX	28
887243696	1	RX	18	28
892002000	15	TX	28
892047360	1	RX	15	28
892469000	10	TX	29
892482408	1	RX	10	29
892732000	7	TX	28
892774696	1	RX	7	28
892809000	12	TX	28
892817000	9	TX	29
892840408	1	RX	9	29
892856696	1	RX	12	28
893901296	8	EV	DIO	7
893976000	11	TX	29
894008696	1	RX	11	29
894159000	6	TX	29
894187408	1	RX	6	29
895339000	4	TX	29
895357408	1	RX	4	29
895847040	9	EV	DIO	20
895847040	10	EV	DIO	20
895847040	11	EV	DIO	20
895847040	13	EV	DIO	20
895847040	14	EV	DIO	20
895847040	15	EV	DIO	20
895847040	16	EV	DIO	20
895847040	18	EV	DIO	20
895847040	19	EV	DIO	20
897855000	16	TX	29
897900360	1	RX	16	29
898636000	3	TX	29
898663408	1	RX	3	29
900065000	5	STAT	256	1	1	29	11	11
900065000	5	NBR	2	1	1	0	0	0
900065000	5	NBR	2	10	3	0	0	0
900065000	5	NBR	2	16	2	0	0	0
900065000	5	NBR	2	6	10	0	6	0
900065000	5	NBR	2	9	0	0	0	0
900065000	5	NBR	2	3	0	0	0	0
900065000	5	NBR	2	4	1	0	0	0
900065000	5	NBR	2	8	0	0	0	0
900065000	5	NBR	2	11	0	0	0	0
900065000	5	NBR	2	14	0	0	0	0
900065000	5	NBR	2	15	2	0	0	0
900065000	5	WIN	2	11	11	19	0
900065000	5	DET	2	11	1727	2799	2734	9379
900065000	5	ALERT	2	6	DIO	10	9379
900065000	5	BLOCK	6	perm	2	0
900086000	18	STAT	384	9	1	29	10	10
900086000	18	NBR	2	19	1	0	0	0
900086000	18	NBR	2	9	0	0	0	0
900086000	18	NBR	2	17	1	0	0	0
900086000	18	NBR	2	7	0	0	0	0
900086000	18	NBR	2	8	0	0	0	0
900086000	18	NBR	2	14	0	0	0	0
900086000	18	NBR	2	15	0	0	0	0
900086000	18	NBR	2	20	2	0	0	0
900086000	18	NBR	2	13	0	0	0	0
900086000	18	NBR	2	12	1	0	0	0
900086000	18	WIN	2	10	10	5	0
900086000	18	DET	2	10	500	670	2701	2309
900126000	5	TX	29
900137000	12	STAT	384	9	1	29	10	10
900137000	12	NBR	2	19	0	0	0	0
900137000	12	NBR	2	9	0	0	0	0
900137000	12	NBR	2	17	1	0	0	0
900137000	12	NBR	2	3	0	0	0	0
900137000	12	NBR	2	18	0	0	0	0
900137000	12	NBR	2	7	0	0	0	0
900137000	12	NBR	2	2	1	0	0	0
900137000	12	NBR	2	8	0	0	0	0
900137000	12	NBR	2	14	0	0	0	0
900137000	12	NBR	2	13	0	0	0	0
900137000	12	WIN	2	10	10	2	0
900137000	12	DET	2	10	200	400	2701	1280
900162408	1	RX	5	29
900240000	10	STAT	256	1	1	30	14	14
900240000	10	NBR	2	1	1	0	0	0
900240000	10	NBR	2	14	0	0	0	0
900240000	10	NBR	2	13	0	0	0	0
900240000	10	NBR	2	11	0	0	0	0
900240000	10	NBR	2	16	0	0	0	0
900240000	10	NBR	2	19	0	0	0	0
900240000	10	NBR	2	20	1	0	0	0
900240000	10	NBR	2	6	7	0	6	0
900240000	10	NBR	2	9	0	0	0	0
900240000	10	NBR	2	3	0	0	0	0
900240000	10	NBR	2	5	0	0	0	0
900240000	10	NBR	2	4	2	0	0	0
900240000	10	NBR	2	15	0	0	0	0
900240000	10	NBR	2	8	0	0	0	0
900240000	10	WIN	2	14	14	11	0
900240000	10	DET	2	14	785	1819	2815	5905
900240000	10	ALERT	2	6	DIO	7	5905
900240000	10	BLOCK	6	perm	2	0
900252000	19	STAT	384	10	1	29	11	11
900252000	19	NBR	2	10	1	0	0	0
900252000	19	NBR	2	16	0	0	0	0
900252000	19	NBR	2	9	0	0	0	0
900252000	19	NBR	2	17	0	0	0	0
900252000	19	NBR	2	18	2	0	0	0
900252000	19	NBR	2	8	0	0	0	0
900252000	19	NBR	2	14	0	0	0	0
900252000	19	NBR	2	15	0	0	0	0
900252000	19	NBR	2	20	1	0	0	0
900252000	19	NBR	2	13	0	0	0	0
900252000	19	NBR	2	12	1	0	0	0
900252000	19	WIN	2	11	11	5	0
900252000	19	DET	2	11	454	655	2734	2244
900302000	11	STAT	384	10	1	30	9	9
900302000	11	NBR	2	10	1	0	0	0
900302000	11	NBR	2	16	0	0	0	0
900302000	11	NBR	2	6	7	0	6	0
900302000	11	NBR	2	9	0	0	0	0
900302000	11	NBR	2	5	0	0	0	0
900302000	11	NBR	2	4	1	0	0	0
900302000	11	NBR	2	14	0	0	0	0
900302000	11	NBR	2	15	0	0	0	0
900302000	11	NBR	2	20	2	0	0	0
900302000	11	WIN	2	9	9	11	0
900302000	11	DET	2	9	1222	2148	2650	6914
900302000	11	ALERT	2	6	DIO	7	6914
900302000	11	BLOCK	6	perm	2	0
900346000	16	STAT	384	10	1	30	9	9
900346000	16	NBR	2	10	1	0	0	0
900346000	16	NBR	2	19	0	0	0	0
900346000	16	NBR	2	6	7	0	6	0
900346000	16	NBR	2	9	0	0	0	0
900346000	16	NBR	2	5	0	0	0	0
900346000	16	NBR	2	11	0	0	0	0
900346000	16	NBR	2	14	0	0	0	0
900346000	16	NBR	2	15	1	0	0	0
900346000	16	NBR	2	20	2	0	0	0
900346000	16	WIN	2	9	9	11	0
900346000	16	DET	2	9	1222	2148	2650	6914
900346000	16	ALERT	2	6	DIO	7	6914
900346000	16	BLOCK	6	perm	2	0
900369000	20	STAT	385	10	1	29	9	9
900369000	20	NBR	2	10	1	0	0	0
900369000	20	NBR	2	19	0	0	0	0
900369000	20	NBR	2	16	0	0	0	0
900369000	20	NBR	2	9	0	0	0	0
900369000	20	NBR	2	18	0	0	0	0
900369000	20	NBR	2	11	0	0	0	0
900369000	20	NBR	2	14	0	0	0	0
900369000	20	NBR	2	15	0	0	0	0
900369000	20	NBR	2	13	0	0	0	0
900369000	20	WIN	2	9	9	1	0
900369000	20	DET	2	9	111	314	2650	943
900369000	20	ALERT	2	10	DIO	1	943
900369000	20	BLOCK	10	temp	1	60
900505000	8	STAT	256	1	1	29	15	15
900505000	8	NBR	2	1	1	0	0	0
900505000	8	NBR	2	10	2	0	0	0
900505000	8	NBR	2	19	3	0	0	0
900505000	8	NBR	2	9	0	0	0	0
900505000	8	NBR	2	17	0	0	0	0
900505000	8	NBR	2	3	0	0	0	0
900505000	8	NBR	2	5	1	0	0	0
900505000	8	NBR	2	4	1	0	0	0
900505000	8	NBR	2	18	0	0	0	0
900505000	8	NBR	2	7	3	0	0	0
900505000	8	NBR	2	2	3	0	0	0
900505000	8	NBR	2	14	2	0	0	0
900505000	8	NBR	2	15	0	0	0	0
900505000	8	NBR	2	13	2	0	0	0
900505000	8	NBR	2	12	1	0	0	0
900505000	8	WIN	2	15	15	19	0
900505000	8	DET	2	15	1266	1123	2860	4477
900541000	14	STAT	384	10	1	29	16	16
900541000	14	NBR	2	10	1	0	0	0
900541000	14	NBR	2	19	0	0	0	0
900541000	14	NBR	2	16	0	0	0	0
900541000	14	NBR	2	9	0	0	0	0
900541000	14	NBR	2	17	0	0	0	0
900541000	14	NBR	2	3	0	0	0	0
900541000	14	NBR	2	5	0	0	0	0
900541000	14	NBR	2	4	1	0	0	0
900541000	14	NBR	2	18	0	0	0	0
900541000	14	NBR	2	7	0	0	0	0
900541000	14	NBR	2	8	0	0	0	0
900541000	14	NBR	2	11	1	0	0	0
900541000	14	NBR	2	15	0	0	0	0
900541000	14	NBR	2	20	2	0	0	0
900541000	14	NBR	2	13	0	0	0	0
900541000	14	NBR	2	12	1	0	0	0
900541000	14	WIN	2	16	16	6	0
900541000	14	DET	2	16	375	599	2923	2125
900549000	1	RSTAT	560	8	0
900583296	10	EV	DIO	13
900642000	3	STAT	256	1	1	30	11	11
900642000	3	NBR	2	1	1	0	0	0
900642000	3	NBR	2	10	1	0	0	0
900642000	3	NBR	2	9	2	0	0	0
900642000	3	NBR	2	5	1	0	0	0
900642000	3	NBR	2	4	1	0	0	0
900642000	3	NBR	2	7	0	0	0	0
900642000	3	NBR	2	2	0	0	0	0
900642000	3	NBR	2	8	2	0	0	0
900642000	3	NBR	2	14	0	0	0	0
900642000	3	NBR	2	13	1	0	0	0
900642000	3	NBR	2	12	4	0	0	0
900642000	3	WIN	2	11	11	13	0
900642000	3	DET	2	11	1181	1113	2734	4223
900692000	15	STAT	384	10	1	29	13	13
900692000	15	NBR	2	10	1	0	0	0
900692000	15	NBR	2	19	0	0	0	0
900692000	15	NBR	2	16	0	0	0	0
900692000	15	NBR	2	6	7	0	6	0
900692000	15	NBR	2	9	0	0	0	0
900692000	15	NBR	2	5	0	0	0	0
900692000	15	NBR	2	4	1	0	0	0
900692000	15	NBR	2	18	0	0	0	0
900692000	15	NBR	2	8	0	0	0	0
900692000	15	NBR	2	11	1	0	0	0
900692000	15	NBR	2	14	0	0	0	0
900692000	15	NBR	2	20	1	0	0	0
900692000	15	NBR	2	13	0	0	0	0
900692000	15	WIN	2	13	13	11	0
900692000	15	DET	2	13	846	1833	2783	5947
900692000	15	ALERT	2	6	DIO	7	5947
900692000	15	BLOCK	6	perm	2	0
900765000	2	STAT	256	1	1	30	8	8
900765000	2	NBR	2	1	1	0	0	0
900765000	2	NBR	2	9	0	0	0	0
900765000	2	NBR	2	3	1	0	0	0
900765000	2	NBR	2	4	1	0	0	0
900765000	2	NBR	2	7	1	0	0	0
900765000	2	NBR	2	8	0	0	0	0
900765000	2	NBR	2	13	0	0	0	0
900765000	2	NBR	2	12	1	0	0	0
900765000	2	WIN	2	8	8	5	0
900765000	2	DET	2	8	625	484	2570	1868
900815000	7	STAT	384	3	1	29	10	10
900815000	7	NBR	2	9	0	0	0	0
900815000	7	NBR	2	17	1	0	0	0
900815000	7	NBR	2	3	0	0	0	0
900815000	7	NBR	2	4	2	0	0	0
900815000	7	NBR	2	18	0	0	0	0
900815000	7	BLOCK	2	expire	1	60
900815000	7	NBR	2	2	0	0	0	0
900815000	7	NBR	2	8	0	0	0	0
900815000	7	NBR	2	14	0	0	0	0
900815000	7	NBR	2	13	0	0	0	0
900815000	7	NBR	2	12	1	0	0	0
900815000	7	WIN	2	10	10	4	0
900815000	7	DET	2	10	400	663	2701	2190
900862000	17	STAT	384	8	1	29	7	7
900862000	17	NBR	2	19	0	0	0	0
900862000	17	NBR	2	18	1	0	0	0
900862000	17	NBR	2	7	0	0	0	0
900862000	17	NBR	2	8	0	0	0	0
900862000	17	NBR	2	14	1	0	0	0
900862000	17	NBR	2	13	0	0	0	0
900862000	17	NBR	2	12	1	0	0	0
900862000	17	WIN	2	7	7	3	0
900862000	17	DET	2	7	428	494	2450	1638
900907000	9	STAT	256	1	1	30	18	18
900907000	9	NBR	2	1	1	0	0	0
900907000	9	NBR	2	10	1	0	0	0
900907000	9	NBR	2	19	0	0	0	0
900907000	9	NBR	2	16	2	0	0	0
900907000	9	NBR	2	6	7	0	6	0
900907000	9	NBR	2	3	0	0	0	0
900907000	9	NBR	2	5	0	0	0	0
900907000	9	NBR	2	4	2	0	0	0
900907000	9	NBR	2	18	0	0	0	0
900907000	9	NBR	2	7	0	0	0	0
900907000	9	NBR	2	12	1	0	0	0
900907000	9	NBR	2	13	0	0	0	0
900907000	9	NBR	2	2	0	0	0	0
900907000	9	NBR	2	8	1	0	0	0
900907000	9	NBR	2	11	0	0	0	0
900907000	9	NBR	2	14	0	0	0	0
900907000	9	NBR	2	15	0	0	0	0
900907000	9	NBR	2	20	1	0	0	0
900907000	9	WIN	2	18	18	16	0
900907000	9	DET	2	18	888	1629	3118	5967
900907000	9	ALERT	2	6	DIO	7	5967
900907000	9	BLOCK	6	perm	2	0
900937000	14	TX	29
900971000	4	STAT	256	1	1	30	13	13
900971000	4	NBR	2	1	1	0	0	0
900971000	4	NBR	2	10	2	0	0	0
900971000	4	NBR	2	6	7	0	6	0
900971000	4	NBR	2	9	1	0	0	0
900971000	4	NBR	2	3	2	0	0	0
900971000	4	NBR	2	5	1	0	0	0
900971000	4	NBR	2	7	0	0	0	0
900971000	4	NBR	2	2	0	0	0	0
900971000	4	NBR	2	8	1	0	0	0
900971000	4	NBR	2	11	1	0	0	0
900971000	4	NBR	2	14	1	0	0	0
900971000	4	NBR	2	15	0	0	0	0
900971000	4	NBR	2	13	0	0	0	0
900971000	4	WIN	2	13	13	17	0
900971000	4	DET	2	13	1307	1770	2783	6232
900971000	4	ALERT	2	6	DIO	7	6232
900971000	4	BLOCK	6	perm	2	0
900980696	1	RX	14	29
900999000	13	STAT	384	9	1	29	14	14
900999000	13	NBR	2	10	1	0	0	0
900999000	13	NBR	2	19	0	0	0	0
900999000	13	NBR	2	9	0	0	0	0
900999000	13	NBR	2	17	0	0	0	0
900999000	13	NBR	2	3	0	0	0	0
900999000	13	NBR	2	4	1	0	0	0
900999000	13	NBR	2	18	0	0	0	0
900999000	13	NBR	2	7	0	0	0	0
900999000	13	NBR	2	2	1	0	0	0
900999000	13	NBR	2	8	0	0	0	0
900999000	13	NBR	2	14	0	0	0	0
900999000	13	NBR	2	15	0	0	0	0
900999000	13	NBR	2	20	1	0	0	0
900999000	13	NBR	2	12	1	0	0	0
900999000	13	WIN	2	14	14	5	0
900999000	13	DET	2	14	357	479	2815	1705
905887000	13	TX	29
905935696	1	RX	13	29
909180000	20	TX	29
909248696	1	RX	20	29
910256000	19	TX	29
910303696	1	RX	19	29
911427000	2	TX	30
911460408	1	RX	2	30
912286296	10	EV	DIO	4
912640000	17	TX	29
912674696	1	RX	17	29
913168040	4	EV	DIO	6
913168040	5	EV	DIO	6
913168040	9	EV	DIO	6
913168040	10	EV	DIO	6
913168040	11	EV	DIO	6
913168040	15	EV	DIO	6
913168040	16	EV	DIO	6
914731000	8	TX	29
914755408	1	RX	8	29
915045040	2	EV	DIO	9
915045040	3	EV	DIO	9
915045040	4	EV	DIO	9
915045040	5	EV	DIO	9
915045040	7	EV	DIO	9
915045040	8	EV	DIO	9
915045040	10	EV	DIO	9
915045040	11	EV	DIO	9
915045040	12	EV	DIO	9
915045040	13	EV	DIO	9
915045040	14	EV	DIO	9
915045040	15	EV	DIO	9
915045040	16	EV	DIO	9
915045040	18	EV	DIO	9
915045040	19	EV	DIO	9
915045040	20	EV	DIO	9
915163296	9	EV	DIO	15
915900296	10	EV	DIO	6
916996000	18	TX	29
917021696	1	RX	18	29
921012040	4	EV	DIO	11
921012040	5	EV	DIO	11
921012040	9	EV	DIO	11
921012040	10	EV	DIO	11
921012040	14	EV	DIO	11
921012040	15	EV	DIO	11
921012040	16	EV	DIO	11
921012040	20	EV	DIO	11
921945000	15	TX	29
921979696	1	RX	15	29
921986000	10	TX	30
922004408	1	RX	10	30
922018296	18	EV	DIO	12
922343000	9	TX	30
922360408	1	RX	9	30
923126000	7	TX	29
923146000	12	TX	29
923198696	1	RX	7	29
923221696	1	RX	12	29
923406000	6	TX	30
923434408	1	RX	6	30
923446040	5	EV	DIO	16
923446040	9	EV	DIO	16
923446040	10	EV	DIO	16
923446040	11	EV	DIO	16
923446040	14	EV	DIO	16
923446040	15	EV	DIO	16
923446040	19	EV	DIO	16
923446040	20	EV	DIO	16
924849000	11	TX	30
924868696	1	RX	11	30
926105000	4	TX	30
926111408	1	RX	4	30
926250296	10	EV	DIO	9
927385296	11	EV	DIO	5
928092000	16	TX	30
928157696	1	RX	16	30
928537000	3	TX	30
928569408	1	RX	3	30
930065000	5	STAT	256	1	1	30	11	11
930086000	18	STAT	384	9	1	30	10	10
930137000	12	STAT	384	9	1	30	10	10
930240000	10	STAT	256	1	1	31	14	14
930252000	19	STAT	384	10	1	30	11	11
930302000	11	STAT	384	10	1	31	9	9
930346000	16	STAT	384	10	1	31	9	9
930369000	20	STAT	384	10	1	30	9	9
930505000	8	STAT	256	1	1	30	15	15
930541000	14	STAT	384	10	1	30	16	16
930549000	1	RSTAT	578	8	0
930642000	3	STAT	256	1	1	31	11	11
930692000	15	STAT	384	10	1	30	13	13
930765000	2	STAT	256	1	1	31	8	8
930815000	7	STAT	384	3	1	30	10	10
930862000	17	STAT	384	8	1	30	7	7
930907000	9	STAT	256	1	1	31	18	18
930971000	4	STAT	256	1	1	31	13	13
930999000	13	STAT	384	9	1	30	14	14
931107000	5	TX	30
931111408	1	RX	5	30
931732000	14	TX	30
931786696	1	RX	14	30
934370296	9	EV	DIO	20
935564000	13	TX	30
935597696	1	RX	13	30
939556000	19	TX	30
939609696	1	RX	19	30
940158000	20	TX	30
940202360	1	RX	20	30
940312040	2	EV	DIO	3
940312040	4	EV	DIO	3
940312040	5	EV	DIO	3
940312040	7	EV	DIO	3
940312040	8	EV	DIO	3
940312040	9	EV	DIO	3
940312040	10	EV	DIO	3
940312040	12	EV	DIO	3
940312040	13	EV	DIO	3
940312040	14	EV	DIO	3
942286000	17	TX	30
942307696	1	RX	17	30
942316000	2	TX	31
942346408	1	RX	2	31
944713296	9	EV	DIO	14
944917000	8	TX	30
944952408	1	RX	8	30
946995000	18	TX	30
947054696	1	RX	18	30
948234296	20	EV	DIO	11
949917296	8	EV	DIO	18
951079296	18	EV	DIO	17
951297000	15	TX	30
951345696	1	RX	15	30
952057000	10	TX	31
952061408	1	RX	10	31
952352000	7	TX	30
952383696	1	RX	7	30
952406000	12	TX	30
952433696	1	RX	12	30
952699000	9	TX	31
952711408	1	RX	9	31
953932000	6	TX	31
953974408	1	RX	6	31
955117296	14	EV	DIO	7
955316000	11	TX	31
955378696	1	RX	11	31
955602000	4	TX	31
955608408	1	RX	4	31
957973296	9	EV	DIO	3
958216000	3	TX	31
958227408	1	RX	3	31
958433000	16	TX	31
958482696	1	RX	16	31
960065000	5	STAT	256	1	1	31	11	11
960086000	18	STAT	384	9	1	31	10	10
960137000	12	STAT	384	9	1	31	10	10
960240000	10	STAT	256	1	1	32	14	14
960252000	19	STAT	384	10	1	31	11	11
960302000	11	STAT	384	10	1	32	9	9
960346000	16	STAT	384	10	1	32	9	9
960369000	20	STAT	384	10	1	31	9	9
960505000	8	STAT	256	1	1	31	15	15
960541000	14	STAT	384	10	1	31	16	16
960549000	1	RSTAT	597	8	0
960642000	3	STAT	256	1	1	32	11	11
960692000	15	STAT	384	10	1	31	13	13
960711040	3	EV	DIO	5
960711040	4	EV	DIO	5
960711040	8	EV	DIO	5
960711040	9	EV	DIO	5
960711040	10	EV	DIO	5
960711040	11	EV	DIO	5
960711040	14	EV	DIO	5
960711040	15	EV	DIO	5
960711040	16	EV	DIO	5
960765000	2	STAT	256	1	1	32	8	8
960815000	7	STAT	384	3	1	31	10	10
960862000	17	STAT	384	8	1	31	7	7
960907000	9	STAT	256	1	1	32	18	18
960971000	4	STAT	256	1	1	32	13	13
960999000	13	STAT	384	9	1	31	14	14
961256000	14	TX	31
961292696	1	RX	14	31
961789000	5	TX	31
961793408	1	RX	5	31
964285296	9	EV	DIO	10
964608000	13	TX	31
964657696	1	RX	13	31
968910000	19	TX	31
968961696	1	RX	19	31
969927296	9	EV	DIO	19
969988000	20	TX	31
970066696	1	RX	20	31
972160000	2	TX	32
972189408	1	RX	2	32
972878000	17	TX	31
972912696	1	RX	17	31
973526296	4	EV	DIO	13
974030296	9	EV	DIO	2
974468000	8	TX	31
974473408	1	RX	8	31
975318040	8	EV	DIO	19
975318040	9	EV	DIO	19
975318040	10	EV	DIO	19
975318040	12	EV	DIO	19
975318040	13	EV	DIO	19
975318040	14	EV	DIO	19
975318040	15	EV	DIO	19
975318040	16	EV	DIO	19
975318040	17	EV	DIO	19
975318040	18	EV	DIO	19
975318040	20	EV	DIO	19
977104000	18	TX	31
977158696	1	RX	18	31
977203296	2	EV	DIO	4
977302040	2	EV	DIO	7
977302040	3	EV	DIO	7
977302040	4	EV	DIO	7
977302040	8	EV	DIO	7
977302040	9	EV	DIO	7
977302040	12	EV	DIO	7
977302040	13	EV	DIO	7
977302040	14	EV	DIO	7
977302040	17	EV	DIO	7
977302040	18	EV	DIO	7
980995000	15	TX	31
981060696	1	RX	15	31
981738000	12	TX	31
981780696	1	RX	12	31
982926000	10	TX	32
982965408	1	RX	10	32
983236000	7	TX	31
983277696	1	RX	7	31
983422000	6	TX	32
983454408	1	RX	6	32
983498000	9	TX	32
983522408	1	RX	9	32
984170296	9	EV	DIO	8
985404000	4	TX	32
985418408	1	RX	4	32
985952000	11	TX	32
985990696	1	RX	11	32
988277000	16	TX	32
988342696	1	RX	16	32
988843000	3	TX	32
988880408	1	RX	3	32
990065000	5	STAT	256	1	1	32	11	11
990086000	18	STAT	384	9	1	32	10	10
990137000	12	STAT	384	9	1	32	10	10
990240000	10	STAT	256	1	1	33	14	14
990252000	19	STAT	384	10	1	32	11	11
990302000	11	STAT	384	10	1	33	9	9
990346000	16	STAT	384	10	1	33	9	9
990369000	20	STAT	396	10	1	32	9	9
990505000	8	STAT	256	1	1	32	15	15
990513000	14	TX	32
990541000	14	STAT	384	10	1	33	16	16
990548696	1	RX	14	32
990549000	1	RSTAT	617	8	0
990642000	3	STAT	256	1	1	33	11	11
990692000	15	STAT	384	10	1	32	13	13
990765000	2	STAT	256	1	1	33	8	8
990815000	7	STAT	384	3	1	32	10	10
990862000	17	STAT	384	8	1	32	7	7
990907000	9	STAT	256	1	1	33	18	18
990971000	4	STAT	256	1	1	33	13	13
990999000	13	STAT	384	9	1	32	14	14
992441000	5	TX	32
992471408	1	RX	5	32
994701296	8	EV	DIO	12
994964296	4	EV	DIO	6
995208000	13	TX	32
995287696	1	RX	13	32
999187000	19	TX	32
999232696	1	RX	19	32
999315296	4	EV	DIO	15
1000739000	20	TX	32
1000757696	1	RX	20	32
1002088000	17	TX	32
1002114696	1	RX	17	32
1002488000	2	TX	33
1002520408	1	RX	2	33
1002586040	7	EV	DIO	18
1002586040	8	EV	DIO	18
1002586040	9	EV	DIO	18
1002586040	12	EV	DIO	18
1002586040	13	EV	DIO	18
1002586040	14	EV	DIO	18
1002586040	15	EV	DIO	18
1002586040	17	EV	DIO	18
1002586040	19	EV	DIO	18
1002586040	20	EV	DIO	18
1004140296	10	EV	DIO	5
1005132000	8	TX	32
1005168408	1	RX	8	32
1007730000	18	TX	32
1007759696	1	RX	18	32
1008103296	5	EV	DIO	9
1010349000	15	TX	32
1010409696	1	RX	15	32
1011912296	7	EV	DIO	18
1012341040	4	EV	DIO	15
1012341040	5	EV	DIO	15
1012341040	8	EV	DIO	15
1012341040	9	EV	DIO	15
1012341040	10	EV	DIO	15
1012341040	11	EV	DIO	15
1012341040	13	EV	DIO	15
1012341040	14	EV	DIO	15
1012341040	16	EV	DIO	15
1012341040	18	EV	DIO	15
1012341040	19	EV	DIO	15
1012341040	20	EV	DIO	15
1012735000	12	TX	32
1012776696	1	RX	12	32
1013205000	10	TX	33
1013213408	1	RX	10	33
1013933000	7	TX	32
1014006696	1	RX	7	32
1014189000	9	TX	33
1014200408	1	RX	9	33
1014360000	6	TX	33
1014385408	1	RX	6	33
1015056000	4	TX	33
1015078408	1	RX	4	33
1016069000	11	TX	33
1016109696	1	RX	11	33
1018381000	16	TX	33
1018401696	1	RX	16	33
1019241000	3	TX	33
1019259408	1	RX	3	33
1020065000	5	STAT	256	1	1	33	11	11
1020086000	18	STAT	384	9	1	33	10	10
1020137000	12	STAT	384	9	1	33	10	10
1020201000	14	TX	33
1020240000	10	STAT	256	1	1	34	14	14
1020252000	19	STAT	384	10	1	33	11	11
1020265696	1	RX	14	33
1020302000	11	STAT	384	10	1	34	9	9
1020346000	16	STAT	384	10	1	34	9	9
1020369000	20	STAT	394	10	1	33	9	9
1020505000	8	STAT	256	1	1	33	15	15
1020541000	14	STAT	384	10	1	34	16	16
1020549000	1	RSTAT	636	8	0
1020642000	3	STAT	256	1	1	34	11	11
1020692000	15	STAT	384	10	1	33	13	13
1020765000	2	STAT	256	1	1	34	8	8
1020815000	7	STAT	384	3	1	33	10	10
1020862000	17	STAT	384	8	1	33	7	7
1020907000	9	STAT	256	1	1	34	18	18
1020971000	4	STAT	256	1	1	34	13	13
1020999000	13	STAT	384	9	1	33	14	14
1022393000	5	TX	33
1022428408	1	RX	5	33
1022959296	11	EV	DIO	16
1023485296	9	EV	DIO	20
1023688296	5	EV	DIO	11
1024811000	13	TX	33
1024870696	1	RX	13	33
1028594000	19	TX	33
1028644360	1	RX	19	33
1028702296	8	EV	DIO	13
1029555296	9	EV	DIO	10
1030746000	20	TX	33
1030795696	1	RX	20	33
1031291296	8	EV	DIO	7
1031545000	17	TX	33
1031607696	1	RX	17	33
1032738000	2	TX	34
1032772408	1	RX	2	34
1034537000	8	TX	33
1034570408	1	RX	8	33
1036748000	18	TX	33
1036795696	1	RX	18	33
1039438000	15	TX	33
1039489696	1	RX	15	33
1041440040	2	EV	DIO	8
1041440040	3	EV	DIO	8
1041440040	4	EV	DIO	8
1041440040	5	EV	DIO	8
1041440040	7	EV	DIO	8
1041440040	9	EV	DIO	8
1041440040	10	EV	DIO	8
1041440040	12	EV	DIO	8
1041440040	13	EV	DIO	8
1041440040	14	EV	DIO	8
1041440040	15	EV	DIO	8
1041440040	17	EV	DIO	8
1041440040	18	EV	DIO	8
1041440040	19	EV	DIO	8
1042044000	12	TX	33
1042090696	1	RX	12	33
1043185000	10	TX	34
1043220408	1	RX	10	34
1043460000	7	TX	33
1043507696	1	RX	7	33
1043850000	6	TX	34
1043868408	1	RX	6	34
1044156000	9	TX	34
1044183408	1	RX	9	34
1044465040	3	EV	DIO	14
1044465040	4	EV	DIO	14
1044465040	5	EV	DIO	14
1044465040	7	EV	DIO	14
1044465040	8	EV	DIO	14
1044465040	9	EV	DIO	14
1044465040	10	EV	DIO	14
1044465040	11	EV	DIO	14
1044465040	12	EV	DIO	14
1044465040	13	EV	DIO	14
1044465040	15	EV	DIO	14
1044465040	16	EV	DIO	14
1044465040	17	EV	DIO	14
1044465040	18	EV	DIO	14
1044465040	19	EV	DIO	14
1044465040	20	EV	DIO	14
1044569296	14	EV	DIO	19
1045393296	3	EV	DIO	14
1045573000	4	TX	34
1045590408	1	RX	4	34
1046948000	11	TX	34
1046992696	1	RX	11	34
1047237296	14	EV	DIO	17
1048530000	3	TX	34
1048548408	1	RX	3	34
1049163000	16	TX	34
1049202696	1	RX	16	34
1050065000	5	STAT	256	1	1	34	11	11
1050086000	18	STAT	384	9	1	34	10	10
1050137000	12	STAT	384	9	1	34	10	10
1050240000	10	STAT	256	1	1	35	14	14
1050252000	19	STAT	384	10	1	34	11	11
1050302000	11	STAT	384	10	1	35	9	9
1050346000	16	STAT	384	10	1	35	9	9
1050369000	20	STAT	393	10	1	34	9	9
1050505000	8	STAT	256	1	1	34	15	15
1050541000	14	STAT	384	10	1	34	16	16
1050549000	1	RSTAT	654	8	0
1050642000	3	STAT	256	1	1	35	11	11
1050692000	15	STAT	384	10	1	34	13	13
1050760000	14	TX	34
1050765000	2	STAT	256	1	1	35	8	8
1050795360	1	RX	14	34
1050815000	7	STAT	384	3	1	34	10	10
1050862000	17	STAT	384	8	1	34	7	7
1050907000	9	STAT	256	1	1	35	18	18
1050971000	4	STAT	256	1	1	35	13	13
1050999000	13	STAT	384	9	1	34	14	14
1052274296	18	EV	DIO	8
1052855000	5	TX	34
1052861408	1	RX	5	34
1054442000	13	TX	34
1054488696	1	RX	13	34
1054539296	7	EV	DIO	12
1055788296	9	EV	DIO	3
1058490000	19	TX	34
1058538696	1	RX	19	34
1060100296	10	EV	DIO	5
1060641000	20	TX	34
1060686696	1	RX	20	34
1060877000	17	TX	34
1060921696	1	RX	17	34
1062981000	2	TX	35
1063002408	1	RX	2	35
1063599000	8	TX	34
1063637408	1	RX	8	34
1066934000	18	TX	34
1066965696	1	RX	18	34
1068545296	9	EV	DIO	15
1069658000	15	TX	34
1069684696	1	RX	15	34
1070855296	10	EV	DIO	9
1071411000	12	TX	34
1071479696	1	RX	12	34
1073913000	7	TX	34
1073975696	1	RX	7	34
1074140000	10	TX	35
1074149408	1	RX	10	35
1074568000	9	TX	35
1074612408	1	RX	9	35
1074743000	6	TX	35
1074770408	1	RX	6	35
1075288040	2	EV	DIO	13
1075288040	3	EV	DIO	13
1075288040	4	EV	DIO	13
1075288040	7	EV	DIO	13
1075288040	8	EV	DIO	13
1075288040	9	EV	DIO	13
1075288040	10	EV	DIO	13
1075288040	12	EV	DIO	13
1075288040	14	EV	DIO	13
1075288040	15	EV	DIO	13
1075288040	17	EV	DIO	13
1075288040	18	EV	DIO	13
1075288040	19	EV	DIO	13
1075288040	20	EV	DIO	13
1076373040	7	EV	DIO	17
1076373040	8	EV	DIO	17
1076373040	12	EV	DIO	17
1076373040	13	EV	DIO	17
1076373040	14	EV	DIO	17
1076373040	18	EV	DIO	17
1076373040	19	EV	DIO	17
1076541000	4	TX	35
1076553408	1	RX	4	35
1076562296	13	EV	DIO	7
1077785000	3	TX	35
1077819408	1	RX	3	35
1077857000	11	TX	35
1077932696	1	RX	11	35
1079370000	16	TX	35
1079446696	1	RX	16	35
1080065000	5	STAT	256	1	1	35	11	11
1080086000	18	STAT	384	9	1	35	10	10
1080137000	12	STAT	384	9	1	35	10	10
1080240000	10	STAT	256	1	1	36	14	14
1080252000	19	STAT	384	10	1	35	11	11
1080302000	11	STAT	384	10	1	36	9	9
1080346000	16	STAT	384	10	1	36	9	9
1080369000	20	STAT	392	10	1	35	9	9
1080505000	8	STAT	256	1	1	35	15	15
1080541000	14	STAT	384	10	1	35	16	16
1080549000	1	RSTAT	673	8	0
1080642000	3	STAT	256	1	1	36	11	11
1080692000	15	STAT	384	10	1	35	13	13
1080765000	2	STAT	256	1	1	36	8	8
1080815000	7	STAT	384	3	1	35	10	10
1080862000	17	STAT	384	8	1	35	7	7
1080907000	9	STAT	256	1	1	36	18	18
1080971000	4	STAT	256	1	1	36	13	13
1080999000	13	STAT	384	9	1	35	14	14
1081511000	14	TX	35
1081549696	1	RX	14	35
1083118000	5	TX	35
1083152408	1	RX	5	35
1083598296	8	EV	DIO	2
1084218296	10	EV	DIO	4
1085105000	13	TX	35
1085144696	1	RX	13	35
1085369296	14	EV	DIO	18
1086046296	11	EV	DIO	6
1088803000	19	TX	35
1088847696	1	RX	19	35
1090660000	20	TX	35
1090704696	1	RX	20	35
1091766000	17	TX	35
1091809696	1	RX	17	35
1092739000	8	TX	35
1092781408	1	RX	8	35
1093558000	2	TX	36
1093567408	1	RX	2	36
1094491296	14	EV	DIO	16
1096548000	18	TX	35
1096603696	1	RX	18	35
1099180000	15	TX	35
1099236696	1	RX	15	35
1100159296	16	EV	DIO	20
1100729000	12	TX	35
1100802696	1	RX	12	35
1103256000	7	TX	35
1103315696	1	RX	7	35
1103612000	10	TX	36
1103631408	1	RX	10	36
1103936000	9	TX	36
1103940408	1	RX	9	36
1104462000	6	TX	36
1104486408	1	RX	6	36
1106279000	4	TX	36
1106311408	1	RX	4	36
1107582000	3	TX	36
1107589408	1	RX	3	36
1108772000	11	TX	36
1108805696	1	RX	11	36
1109137000	16	TX	36
1109183696	1	RX	16	36
1110065000	5	STAT	256	1	1	36	11	11
1110086000	18	STAT	384	9	1	36	10	10
1110137000	12	STAT	384	9	1	36	10	10
1110240000	10	STAT	256	1	1	37	14	14
1110252000	19	STAT	384	10	1	36	11	11
1110302000	11	STAT	384	10	1	37	9	9
1110346000	16	STAT	384	10	1	37	9	9
1110369000	20	STAT	391	10	1	36	9	9
1110505000	8	STAT	256	1	1	36	15	15
1110541000	14	STAT	384	10	1	36	16	16
1110549000	1	RSTAT	692	8	0
1110642000	3	STAT	256	1	1	37	11	11
1110692000	15	STAT	384	10	1	36	13	13
1110765000	2	STAT	256	1	1	37	8	8
1110815000	7	STAT	384	3	1	36	10	10
1110862000	17	STAT	384	8	1	36	7	7
1110907000	9	STAT	256	1	1	37	18	18
1110971000	4	STAT	256	1	1	37	13	13
1110999000	13	STAT	384	9	1	36	14	14
1111248296	4	EV	DIO	3
1111548000	14	TX	36
1111577696	1	RX	14	36
1112339296	8	EV	DIO	12
1112720000	5	TX	36
1112757408	1	RX	5	36
1114624000	13	TX	36
1114693696	1	RX	13	36
1115819296	13	EV	DIO	17
1116100296	18	EV	DIO	13
1118928000	19	TX	36
1118985696	1	RX	19	36
1121414296	7	EV	DIO	8
1121643000	20	TX	36
1121672696	1	RX	20	36
1121996000	17	TX	36
1122035696	1	RX	17	36
1122081000	8	TX	36
1122102408	1	RX	8	36
1123126296	18	EV	DIO	15
1123375000	2	TX	37
1123402408	1	RX	2	37
1124230296	5	EV	DIO	11
1126167296	5	EV	DIO	10
1126868000	18	TX	36
1126918696	1	RX	18	36
1129943000	15	TX	36
1129988000	12	TX	36
1130024696	1	RX	15	36
1130031696	1	RX	12	36
1133065296	8	EV	DIO	7
1133344000	7	TX	36
1133407000	9	TX	37
1133411408	1	RX	9	37
1133421696	1	RX	7	36
1133616000	10	TX	37
1133659408	1	RX	10	37
1134295000	6	TX	37
1134327408	1	RX	6	37
1135138296	3	EV	DIO	9
1135335296	15	EV	DIO	18
1135973000	4	TX	37
1135994408	1	RX	4	37
1138024000	3	TX	37
1138061408	1	RX	3	37
1139694000	16	TX	37
1139711696	1	RX	16	37
1139760000	11	TX	37
1139812696	1	RX	11	37
1140065000	5	STAT	256	1	1	37	11	11
1140086000	18	STAT	384	9	1	37	10	10
1140137000	12	STAT	384	9	1	37	10	10
1140240000	10	STAT	256	1	1	38	14	14
1140252000	19	STAT	384	10	1	37	11	11
1140302000	11	STAT	384	10	1	38	9	9
1140346000	16	STAT	384	10	1	38	9	9
1140369000	20	STAT	390	10	1	37	9	9
1140505000	8	STAT	256	1	1	37	15	15
1140541000	14	STAT	384	10	1	37	16	16
1140549000	1	RSTAT	711	8	0
1140642000	3	STAT	256	1	1	38	11	11
1140692000	15	STAT	384	10	1	37	13	13
1140765000	2	STAT	256	1	1	38	8	8
1140815000	7	STAT	384	3	1	37	10	10
1140862000	17	STAT	384	8	1	37	7	7
1140907000	9	STAT	256	1	1	38	18	18
1140971000	4	STAT	256	1	1	38	13	13
1140999000	13	STAT	384	9	1	37	14	14
1141888000	5	TX	37
1141928408	1	RX	5	37
1141943000	14	TX	37
1142012696	1	RX	14	37
1144725000	13	TX	37
1144802696	1	RX	13	37
1148287000	19	TX	37
1148297360	1	RX	19	37
1151090000	17	TX	37
1151148696	1	RX	17	37
1151544000	8	TX	37
1151564408	1	RX	8	37
1151893296	9	EV	DIO	14
1152046296	3	EV	DIO	2
1152275000	20	TX	37
1152350696	1	RX	20	37
1152570296	9	EV	DIO	19
1152876000	2	TX	38
1152889408	1	RX	2	38
1155260296	8	EV	DIO	4
1156131000	18	TX	37
1156145696	1	RX	18	37
1159169000	15	TX	37
1159220696	1	RX	15	37
1159960000	12	TX	37
1160023696	1	RX	12	37
1163832000	10	TX	38
1163848408	1	RX	10	38
1163970000	9	TX	38
1163984408	1	RX	9	38
1164102000	7	TX	37
1164119696	1	RX	7	37
1164736000	6	TX	38
1164778408	1	RX	6	38
1166470000	4	TX	38
1166484408	1	RX	4	38
1168831000	3	TX	38
1168847408	1	RX	3	38
1168884000	11	TX	38
1168962696	1	RX	11	38
1169745000	16	TX	38
1169810696	1	RX	16	38
1170065000	5	STAT	256	1	1	38	11	11
1170086000	18	STAT	384	9	1	38	10	10
1170137000	12	STAT	384	9	1	38	10	10
1170240000	10	STAT	256	1	1	39	14	14
1170252000	19	STAT	384	10	1	38	11	11
1170300296	19	EV	DIO	17
1170302000	11	STAT	384	10	1	39	9	9
1170346000	16	STAT	384	10	1	39	9	9
1170369000	20	STAT	389	10	1	38	9	9
1170505000	8	STAT	256	1	1	38	15	15
1170541000	14	STAT	384	10	1	38	16	16
1170549000	1	RSTAT	730	8	0
1170642000	3	STAT	256	1	1	39	11	11
1170692000	15	STAT	384	10	1	38	13	13
1170765000	2	STAT	256	1	1	39	8	8
1170815000	7	STAT	384	3	1	38	10	10
1170862000	17	STAT	384	8	1	38	7	7
1170907000	9	STAT	256	1	1	39	18	18
1170971000	4	STAT	256	1	1	39	13	13
1170999000	13	STAT	384	9	1	38	14	14
1171466000	5	TX	38
1171470408	1	RX	5	38
1171502000	14	TX	38
1171563696	1	RX	14	38
1173979000	13	TX	38
1174028696	1	RX	13	38
1178398000	19	TX	38
1178446696	1	RX	19	38
1181460000	8	TX	38
1181471408	1	RX	8	38
1181547000	17	TX	38
1181605696	1	RX	17	38
1182434000	2	TX	39
1182478408	1	RX	2	39
1182890000	20	TX	38
1182951696	1	RX	20	38
1183481296	10	EV	DIO	6
1186574000	18	TX	38
1186621696	1	RX	18	38
1189675000	15	TX	38
1189743696	1	RX	15	38
1190195000	12	TX	38
1190221696	1	RX	12	38
1192230296	4	EV	DIO	3
1192997000	9	TX	39
1193004408	1	RX	9	39
1193036296	8	EV	DIO	7
1194188000	7	TX	38
1194222696	1	RX	7	38
1194273000	6	TX	39
1194308408	1	RX	6	39
1194789000	10	TX	39
1194815408	1	RX	10	39
1196116000	4	TX	39
1196131408	1	RX	4	39
1197952296	5	EV	DIO	10
1198144000	3	TX	39
1198176408	1	RX	3	39
1199628000	11	TX	39
1199662568	16	TX	39
1199694360	1	RX	11	39
1199717696	1	RX	16	39
1200065000	5	STAT	256	1	1	39	11	11
1200065000	5	NBR	3	1	0	0	0	0
1200065000	5	NBR	3	10	2	0	0	0
1200065000	5	NBR	3	16	1	0	0	0
1200065000	5	NBR	3	6	1	0	1	2
1200065000	5	NBR	3	9	2	0	0	0
1200065000	5	NBR	3	3	1	0	0	0
1200065000	5	NBR	3	4	0	0	0	0
1200065000	5	NBR	3	8	1	0	0	0
1200065000	5	NBR	3	11	3	0	0	0
1200065000	5	NBR	3	14	1	0	0	0
1200065000	5	NBR	3	15	1	0	0	0
1200065000	5	WIN	3	11	11	13	0
1200065000	5	DET	3	11	1181	833	2734	3458
1200086000	18	STAT	384	9	1	39	10	10
1200086000	18	NBR	3	19	1	0	0	0
1200086000	18	NBR	3	9	1	0	0	0
1200086000	18	NBR	3	17	2	0	0	0
1200086000	18	NBR	3	7	1	0	0	0
1200086000	18	NBR	3	8	2	0	0	0
1200086000	18	NBR	3	14	1	0	0	0
1200086000	18	NBR	3	15	2	0	0	0
1200086000	18	NBR	3	20	0	0	0	0
1200086000	18	NBR	3	13	2	0	0	0
1200086000	18	NBR	3	12	1	0	0	0
1200086000	18	WIN	3	10	10	13	0
1200086000	18	DET	3	10	1300	640	2701	3028
1200137000	12	STAT	384	9	1	39	10	10
1200137000	12	NBR	3	19	1	0	0	0
1200137000	12	NBR	3	9	1	0	0	0
1200137000	12	NBR	3	17	1	0	0	0
1200137000	12	NBR	3	3	1	0	0	0
1200137000	12	NBR	3	18	1	0	0	0
1200137000	12	NBR	3	7	1	0	0	0
1200137000	12	NBR	3	2	0	0	0	0
1200137000	12	NBR	3	8	1	0	0	0
1200137000	12	NBR	3	14	1	0	0	0
1200137000	12	NBR	3	13	1	0	0	0
1200137000	12	WIN	3	10	10	9	0
1200137000	12	DET	3	10	900	300	2701	1710
1200240000	10	STAT	256	1	1	40	14	14
1200240000	10	NBR	3	1	0	0	0	0
1200240000	10	NBR	3	14	1	0	0	0
1200240000	10	NBR	3	13	2	0	0	0
1200240000	10	NBR	3	11	1	0	0	0
1200240000	10	NBR	3	16	1	0	0	0
1200240000	10	NBR	3	19	1	0	0	0
1200240000	10	NBR	3	20	0	0	0	0
1200240000	10	NBR	3	6	3	0	3	2
1200240000	10	NBR	3	9	3	0	0	0
1200240000	10	NBR	3	3	1	0	0	0
1200240000	10	NBR	3	5	3	0	0	0
1200240000	10	NBR	3	4	2	0	0	0
1200240000	10	NBR	3	15	1	0	0	0
1200240000	10	NBR	3	8	1	0	0	0
1200240000	10	WIN	3	14	14	20	0
1200240000	10	DET	3	14	1428	979	2815	4183
1200252000	19	STAT	384	10	1	39	11	11
1200252000	19	NBR	3	10	0	0	0	0
1200252000	19	NBR	3	16	1	0	0	0
1200252000	19	NBR	3	9	1	0	0	0
1200252000	19	NBR	3	17	2	0	0	0
1200252000	19	NBR	3	18	1	0	0	0
1200252000	19	NBR	3	8	1	0	0	0
1200252000	19	NBR	3	14	1	0	0	0
1200252000	19	NBR	3	15	1	0	0	0
1200252000	19	NBR	3	20	0	0	0	0
1200252000	19	NBR	3	13	1	0	0	0
1200252000	19	NBR	3	12	0	0	0	0
1200252000	19	WIN	3	11	11	9	0
1200252000	19	DET	3	11	818	574	2734	2387
1200302000	11	STAT	384	10	1	40	9	9
1200302000	11	NBR	3	10	0	0	0	0
1200302000	11	NBR	3	16	2	0	0	0
1200302000	11	NBR	3	6	2	0	2	2
1200302000	11	NBR	3	9	1	0	0	0
1200302000	11	NBR	3	5	2	0	0	0
1200302000	11	NBR	3	4	0	0	0	0
1200302000	11	NBR	3	14	1	0	0	0
1200302000	11	NBR	3	15	1	0	0	0
1200302000	11	NBR	3	20	0	0	0	0
1200302000	11	WIN	3	9	9	9	0
1200302000	11	DET	3	9	1000	816	2650	3162
1200346000	16	STAT	384	10	1	40	9	9
1200346000	16	NBR	3	10	0	0	0	0
1200346000	16	NBR	3	19	1	0	0	0
1200346000	16	NBR	3	6	1	0	1	2
1200346000	16	NBR	3	9	1	0	0	0
1200346000	16	NBR	3	5	1	0	0	0
1200346000	16	NBR	3	11	1	0	0	0
1200346000	16	NBR	3	14	1	0	0	0
1200346000	16	NBR	3	15	1	0	0	0
1200346000	16	NBR	3	20	1	0	0	0
1200346000	16	WIN	3	9	9	8	0
1200346000	16	DET	3	9	888	314	2650	1720
1200369000	20	STAT	388	10	1	39	9	9
1200369000	20	BLOCK	10	expire	1	60
1200369000	20	NBR	3	10	0	0	0	0
1200369000	20	NBR	3	19	1	0	0	0
1200369000	20	NBR	3	16	1	0	0	0
1200369000	20	NBR	3	9	1	0	0	0
1200369000	20	NBR	3	18	1	0	0	0
1200369000	20	NBR	3	11	2	0	0	0
1200369000	20	NBR	3	14	1	0	0	0
1200369000	20	NBR	3	15	1	0	0	0
1200369000	20	NBR	3	13	1	0	0	0
1200369000	20	WIN	3	9	9	9	0
1200369000	20	DET	3	9	1000	471	2650	2248
1200505000	8	STAT	256	1	1	39	15	15
1200505000	8	NBR	3	1	0	0	0	0
1200505000	8	NBR	3	10	0	0	0	0
1200505000	8	NBR	3	19	1	0	0	0
1200505000	8	NBR	3	9	1	0	0	0
1200505000	8	NBR	3	17	1	0	0	0
1200505000	8	NBR	3	3	1	0	0	0
1200505000	8	NBR	3	5	1	0	0	0
1200505000	8	NBR	3	4	1	0	0	0
1200505000	8	NBR	3	18	2	0	0	0
1200505000	8	NBR	3	7	4	0	0	0
1200505000	8	NBR	3	2	1	0	0	0
1200505000	8	NBR	3	14	1	0	0	0
1200505000	8	NBR	3	15	1	0	0	0
1200505000	8	NBR	3	13	2	0	0	0
1200505000	8	NBR	3	12	2	0	0	0
1200505000	8	WIN	3	15	15	19	0
1200505000	8	DET	3	15	1266	928	2860	3920
1200505000	8	ALERT	3	7	DIO	4	3920
1200505000	8	BLOCK	7	temp	1	60
1200541000	14	STAT	384	10	1	39	16	16
1200541000	14	NBR	3	10	0	0	0	0
1200541000	14	NBR	3	19	2	0	0	0
1200541000	14	NBR	3	16	2	0	0	0
1200541000	14	NBR	3	9	1	0	0	0
1200541000	14	NBR	3	17	2	0	0	0
1200541000	14	NBR	3	3	1	0	0	0
1200541000	14	NBR	3	5	1	0	0	0
1200541000	14	NBR	3	4	0	0	0	0
1200541000	14	NBR	3	18	2	0	0	0
1200541000	14	NBR	3	7	2	0	0	0
1200541000	14	NBR	3	8	1	0	0	0
1200541000	14	NBR	3	11	1	0	0	0
1200541000	14	NBR	3	15	1	0	0	0
1200541000	14	NBR	3	20	0	0	0	0
1200541000	14	NBR	3	13	1	0	0	0
1200541000	14	NBR	3	12	0	0	0	0
1200541000	14	WIN	3	16	16	17	0
1200541000	14	DET	3	16	1062	747	2923	3245
1200549000	1	RSTAT	749	8	0
1200574296	5	EV	DIO	15
1200642000	3	STAT	256	1	1	40	11	11
1200642000	3	NBR	3	1	0	0	0	0
1200642000	3	NBR	3	10	0	0	0	0
1200642000	3	NBR	3	9	2	0	0	0
1200642000	3	NBR	3	5	1	0	0	0
1200642000	3	NBR	3	4	0	0	0	0
1200642000	3	NBR	3	7	1	0	0	0
1200642000	3	NBR	3	2	1	0	0	0
1200642000	3	NBR	3	8	1	0	0	0
1200642000	3	NBR	3	14	2	0	0	0
1200642000	3	NBR	3	13	1	0	0	0
1200642000	3	NBR	3	12	0	0	0	0
1200642000	3	WIN	3	11	11	9	0
1200642000	3	DET	3	11	818	715	2734	2772
1200692000	15	STAT	384	10	1	39	13	13
1200692000	15	NBR	3	10	0	0	0	0
1200692000	15	NBR	3	19	1	0	0	0
1200692000	15	NBR	3	16	1	0	0	0
1200692000	15	NBR	3	6	1	0	1	2
1200692000	15	NBR	3	9	1	0	0	0
1200692000	15	NBR	3	5	1	0	0	0
1200692000	15	NBR	3	4	0	0	0	0
1200692000	15	NBR	3	18	2	0	0	0
1200692000	15	NBR	3	8	1	0	0	0
1200692000	15	NBR	3	11	1	0	0	0
1200692000	15	NBR	3	14	1	0	0	0
1200692000	15	NBR	3	20	0	0	0	0
1200692000	15	NBR	3	13	1	0	0	0
1200692000	15	WIN	3	13	13	11	0
1200692000	15	DET	3	13	846	532	2783	2326
1200765000	2	STAT	256	1	1	40	8	8
1200765000	2	NBR	3	1	0	0	0	0
1200765000	2	NBR	3	9	1	0	0	0
1200765000	2	NBR	3	3	1	0	0	0
1200765000	2	NBR	3	4	1	0	0	0
1200765000	2	NBR	3	7	1	0	0	0
1200765000	2	NBR	3	8	1	0	0	0
1200765000	2	NBR	3	13	1	0	0	0
1200765000	2	NBR	3	12	0	0	0	0
1200765000	2	WIN	3	8	8	6	0
1200765000	2	DET	3	8	750	433	2570	1862
1200815000	7	STAT	384	3	1	39	10	10
1200815000	7	NBR	3	9	1	0	0	0
1200815000	7	NBR	3	17	1	0	0	0
1200815000	7	NBR	3	3	1	0	0	0
1200815000	7	NBR	3	4	0	0	0	0
1200815000	7	NBR	3	18	2	0	0	0
1200815000	7	NBR	3	2	0	0	0	0
1200815000	7	NBR	3	8	2	0	0	0
1200815000	7	NBR	3	14	1	0	0	0
1200815000	7	NBR	3	13	1	0	0	0
1200815000	7	NBR	3	12	1	0	0	0
1200815000	7	WIN	3	10	10	10	0
1200815000	7	DET	3	10	1000	632	2701	2707
1200862000	17	STAT	384	8	1	39	7	7
1200862000	17	NBR	3	19	1	0	0	0
1200862000	17	NBR	3	18	1	0	0	0
1200862000	17	NBR	3	7	1	0	0	0
1200862000	17	NBR	3	8	1	0	0	0
1200862000	17	NBR	3	14	1	0	0	0
1200862000	17	NBR	3	13	1	0	0	0
1200862000	17	NBR	3	12	0	0	0	0
1200862000	17	WIN	3	7	7	6	0
1200862000	17	DET	3	7	857	349	2450	1712
1200907000	9	STAT	256	1	1	40	18	18
1200907000	9	NBR	3	1	0	0	0	0
1200907000	9	NBR	3	10	2	0	0	0
1200907000	9	NBR	3	19	3	0	0	0
1200907000	9	NBR	3	16	1	0	0	0
1200907000	9	NBR	3	6	1	0	1	2
1200907000	9	NBR	3	3	3	0	0	0
1200907000	9	NBR	3	5	1	0	0	0
1200907000	9	NBR	3	4	0	0	0	0
1200907000	9	NBR	3	18	1	0	0	0
1200907000	9	NBR	3	7	1	0	0	0
1200907000	9	NBR	3	12	0	0	0	0
1200907000	9	NBR	3	13	1	0	0	0
1200907000	9	NBR	3	2	1	0	0	0
1200907000	9	NBR	3	8	2	0	0	0
1200907000	9	NBR	3	11	1	0	0	0
1200907000	9	NBR	3	14	3	0	0	0
1200907000	9	NBR	3	15	3	0	0	0
1200907000	9	NBR	3	20	2	0	0	0
1200907000	9	WIN	3	18	18	26	0
1200907000	9	DET	3	18	1444	1012	3118	4599
1200971000	4	STAT	256	1	1	40	13	13
1200971000	4	NBR	3	1	0	0	0	0
1200971000	4	NBR	3	10	0	0	0	0
1200971000	4	NBR	3	6	2	0	2	2
1200971000	4	NBR	3	9	1	0	0	0
1200971000	4	NBR	3	3	3	0	0	0
1200971000	4	NBR	3	5	1	0	0	0
1200971000	4	NBR	3	7	1	0	0	0
1200971000	4	NBR	3	2	0	0	0	0
1200971000	4	NBR	3	8	1	0	0	0
1200971000	4	NBR	3	11	1	0	0	0
1200971000	4	NBR	3	14	1	0	0	0
1200971000	4	NBR	3	15	2	0	0	0
1200971000	4	NBR	3	13	2	0	0	0
1200971000	4	WIN	3	13	13	15	0
1200971000	4	DET	3	13	1153	863	2783	3554
1200999000	13	STAT	384	9	1	39	14	14
1200999000	13	NBR	3	10	0	0	0	0
1200999000	13	NBR	3	19	1	0	0	0
1200999000	13	NBR	3	9	1	0	0	0
1200999000	13	NBR	3	17	2	0	0	0
1200999000	13	NBR	3	3	1	0	0	0
1200999000	13	NBR	3	4	0	0	0	0
1200999000	13	NBR	3	18	1	0	0	0
1200999000	13	NBR	3	7	2	0	0	0
1200999000	13	NBR	3	2	0	0	0	0
1200999000	13	NBR	3	8	1	0	0	0
1200999000	13	NBR	3	14	1	0	0	0
1200999000	13	NBR	3	15	1	0	0	0
1200999000	13	NBR	3	20	0	0	0	0
1200999000	13	NBR	3	12	0	0	0	0
1200999000	13	WIN	3	14	14	11	0
1200999000	13	DET	3	14	785	673	2815	2679
1201009000	5	TX	39
1201031408	1	RX	5	39
1201350000	14	TX	39
1201395696	1	RX	14	39
1202274296	8	EV	DIO	2
1202551296	8	EV	DIO	19
1204276000	13	TX	39
1204293696	1	RX	13	39
1206778296	9	EV	DIO	8
1207050296	11	EV	DIO	4
1207853296	2	EV	DIO	12
1207941000	19	TX	39
1207978696	1	RX	19	39
1209328296	16	EV	DIO	20
1209965296	8	EV	DIO	13
1211275000	8	TX	39
1211282408	1	RX	8	39
1212101000	17	TX	39
1212140696	1	RX	17	39
1212590000	20	TX	39
1212629000	2	TX	40
1212641696	1	RX	20	39
1212668408	1	RX	2	40
1217166000	18	TX	39
1217207696	1	RX	18	39
1219567000	15	TX	39
1219618696	1	RX	15	39
1219759000	12	TX	39
1219818696	1	RX	12	39
1222934000	9	TX	40
1222961408	1	RX	9	40
1223508000	7	TX	39
1223555696	1	RX	7	39
1224200296	20	EV	DIO	18
1224930000	6	TX	40
1224973408	1	RX	6	40
1225271000	10	TX	40
1225287408	1	RX	10	40
1226441000	4	TX	40
1226472408	1	RX	4	40
1227651000	3	TX	40
1227661408	1	RX	3	40
1229269000	16	TX	40
1229356696	1	RX	16	40
1230065000	5	STAT	256	1	1	40	11	11
1230086000	18	STAT	384	9	1	40	10	10
1230137000	12	STAT	384	9	1	40	10	10
1230141296	9	EV	DIO	16
1230240000	10	STAT	256	1	1	41	14	14
1230252000	19	STAT	384	10	1	40	11	11
1230302000	11	STAT	384	10	1	40	9	9
1230346000	16	STAT	384	10	1	41	9	9
1230369000	20	STAT	387	10	1	40	9	9
1230384000	11	TX	40
1230422360	1	RX	11	40
1230505000	8	STAT	256	1	1	40	15	15
1230541000	14	STAT	384	10	1	40	16	16
1230549000	1	RSTAT	768	8	0
1230567000	14	TX	40
1230606696	1	RX	14	40
1230642000	3	STAT	256	1	1	41	11	11
1230692000	15	STAT	384	10	1	40	13	13
1230765000	2	STAT	256	1	1	41	8	8
1230815000	7	STAT	384	3	1	40	10	10
1230862000	17	STAT	384	8	1	40	7	7
1230907000	9	STAT	256	1	1	41	18	18
1230971000	4	STAT	256	1	1	41	13	13
1230999000	13	STAT	384	9	1	40	14	14
1231652000	5	TX	40
1231664408	1	RX	5	40
1234182000	13	TX	40
1234229696	1	RX	13	40
1238739000	19	TX	40
1238778696	1	RX	19	40
1241009000	8	TX	40
1241028408	1	RX	8	40
1241755000	17	TX	40
1241819696	1	RX	17	40
1241897000	2	TX	41
1241926408	1	RX	2	41
1242089000	20	TX	40
1242149696	1	RX	20	40
1243096296	3	EV	DIO	9
1247070000	18	TX	40
1247084696	1	RX	18	40
1248656000	15	TX	40
1248700696	1	RX	15	40
1249547000	12	TX	40
1249570696	1	RX	12	40
1252707296	9	EV	DIO	7
1252815296	18	EV	DIO	17
1252984000	7	TX	40
1253054696	1	RX	7	40
1253914000	9	TX	41
1253918408	1	RX	9	41
1254015000	6	TX	41
1254036408	1	RX	6	41
1255518000	10	TX	41
1255527408	1	RX	10	41
1255954296	5	EV	DIO	14
1257180000	3	TX	41
1257224408	1	RX	3	41
1257235000	4	TX	41
1257261408	1	RX	4	41
1258471296	5	EV	DIO	15
1258582000	16	TX	41
1258606696	1	RX	16	41
1260065000	5	STAT	256	1	1	41	11	11
1260086000	18	STAT	384	9	1	41	10	10
1260137000	12	STAT	384	9	1	41	10	10
1260240000	10	STAT	256	1	1	42	14	14
1260252000	19	STAT	384	10	1	41	11	11
1260302000	11	STAT	384	10	1	41	9	9
1260346000	16	STAT	384	10	1	42	9	9
1260369000	20	STAT	386	10	1	41	9	9
1260505000	8	STAT	256	1	1	41	15	15
1260541000	14	STAT	384	10	1	41	16	16
1260549000	1	RSTAT	786	8	0
1260642000	3	STAT	256	1	1	42	11	11
1260692000	15	STAT	384	10	1	41	13	13
1260765000	2	STAT	256	1	1	42	8	8
1260783000	5	TX	41
1260814408	1	RX	5	41
1260815000	7	STAT	384	3	1	41	10	10
1260862000	17	STAT	384	8	1	41	7	7
1260870000	14	TX	41
1260907000	9	STAT	256	1	1	42	18	18
1260915696	1	RX	14	41
1260971000	4	STAT	256	1	1	42	13	13
1260999000	13	STAT	384	9	1	41	14	14
1261328000	11	TX	41
1261366696	1	RX	11	41
1262159296	4	EV	DIO	2
1264842000	13	TX	41
1264891696	1	RX	13	41
1265306296	16	EV	DIO	20
1268876000	19	TX	41
1268929296	3	EV	DIO	12
1268936696	1	RX	19	41
1271477000	20	TX	41
1271524000	17	TX	41
1271542696	1	RX	20	41
1271582696	1	RX	17	41
1271789000	8	TX	41
1271823408	1	RX	8	41
1272601000	2	TX	42
1272629408	1	RX	2	42
1274552296	8	EV	DIO	18
1277755000	18	TX	41
1277800696	1	RX	18	41
1278589000	15	TX	41
1278644696	1	RX	15	41
1279479000	12	TX	41
1279528696	1	RX	12	41
1283653296	3	EV	DIO	8
1283804000	7	TX	41
1283830696	1	RX	7	41
1284767000	9	TX	42
1284792408	1	RX	9	42
1284893000	6	TX	42
1284917408	1	RX	6	42
1285479000	10	TX	42
1285505408	1	RX	10	42
1287111000	4	TX	42
1287138408	1	RX	4	42
1287944000	16	TX	42
1287988696	1	RX	16	42
1288107000	3	TX	42
1288135408	1	RX	3	42
1290065000	5	STAT	256	1	1	42	11	11
1290086000	18	STAT	384	9	1	42	10	10
1290137000	12	STAT	384	9	1	42	10	10
1290180000	5	TX	42
1290201408	1	RX	5	42
1290240000	10	STAT	256	1	1	43	14	14
1290252000	19	STAT	384	10	1	42	11	11
1290302000	11	STAT	384	10	1	42	9	9
1290346000	16	STAT	384	10	1	43	9	9
1290369000	20	STAT	385	10	1	42	9	9
1290505000	8	STAT	256	1	1	42	15	15
1290541000	14	STAT	384	10	1	42	16	16
1290549000	1	RSTAT	806	8	0
1290570000	11	TX	42
1290615696	1	RX	11	42
1290642000	3	STAT	256	1	1	43	11	11
1290692000	15	STAT	384	10	1	42	13	13
1290765000	2	STAT	256	1	1	43	8	8
1290815000	7	STAT	384	3	1	42	10	10
1290862000	17	STAT	384	8	1	42	7	7
1290907000	9	STAT	256	1	1	43	18	18
1290971000	4	STAT	256	1	1	43	13	13
1290999000	13	STAT	384	9	1	42	14	14
1291101000	14	TX	42
1291167696	1	RX	14	42
1293768296	5	EV	DIO	6
1293932296	5	EV	DIO	10
1294907000	13	TX	42
1294948360	1	RX	13	42
1298496296	4	EV	DIO	3
1298647000	19	TX	42
1298707696	1	RX	19	42
1301588296	16	EV	DIO	11
1301657000	20	TX	42
1301679696	1	RX	20	42
1301929000	8	TX	42
1301944408	1	RX	8	42
1302261000	17	TX	42
1302313696	1	RX	17	42
1302728000	2	TX	43
1302744408	1	RX	2	43
1304138296	10	EV	DIO	13
1308181000	18	TX	42
1308211696	1	RX	18	42
1308319000	15	TX	42
1308379696	1	RX	15	42
1308440296	14	EV	DIO	4
1309967000	12	TX	42
1310024696	1	RX	12	42
1311216296	8	EV	DIO	19
1311865296	8	EV	DIO	14
1313707000	7	TX	42
1313749696	1	RX	7	42
1314612000	10	TX	43
1314628408	1	RX	10	43
1315093000	6	TX	43
1315137408	1	RX	6	43
1315439000	9	TX	43
1315454408	1	RX	9	43
1315652296	9	EV	DIO	7
1316407000	4	TX	43
1316434408	1	RX	4	43
1317159000	16	TX	43
1317178696	1	RX	16	43
1317342296	14	EV	DIO	5
1317524000	3	TX	43
1317560408	1	RX	3	43
1320052000	5	TX	43
1320065000	5	STAT	256	1	1	44	11	11
1320086000	18	STAT	384	9	1	43	10	10
1320091408	1	RX	5	43
1320137000	12	STAT	384	9	1	43	10	10
1320240000	10	STAT	256	1	1	44	14	14
1320252000	19	STAT	384	10	1	43	11	11
1320302000	11	STAT	384	10	1	43	9	9
1320346000	16	STAT	384	10	1	44	9	9
1320369000	20	STAT	384	10	1	43	9	9
1320505000	8	STAT	256	1	1	43	15	15
1320541000	14	STAT	384	10	1	43	16	16
1320549000	1	RSTAT	825	8	0
1320559000	11	TX	43
1320634696	1	RX	11	43
1320642000	3	STAT	256	1	1	44	11	11
1320692000	15	STAT	384	10	1	43	13	13
1320765000	2	STAT	256	1	1	44	8	8
1320815000	7	STAT	384	3	1	43	10	10
1320862000	17	STAT	384	8	1	43	7	7
1320907000	9	STAT	256	1	1	44	18	18
1320971000	4	STAT	256	1	1	44	13	13
1320999000	13	STAT	384	9	1	43	14	14
1321805000	14	TX	43
1321829696	1	RX	14	43
1324287000	13	TX	43
1324332696	1	RX	13	43
1326101296	15	EV	DIO	16
1329494000	19	TX	43
1329567696	1	RX	19	43
1331381000	17	TX	43
1331428696	1	RX	17	43
1331675000	20	TX	43
1331729000	2	TX	44
1331730696	1	RX	20	43
1331741408	1	RX	2	44
1332625000	8	TX	43
1332643408	1	RX	8	43
1336433296	5	EV	DIO	9
1338154000	18	TX	43
1338211696	1	RX	18	43
1339066000	15	TX	43
1339149696	1	RX	15	43
1339642000	12	TX	43
1339688696	1	RX	12	43
1341368296	15	EV	DIO	6
1343570000	7	TX	43
1343626696	1	RX	7	43
1344802000	6	TX	44
1344837408	1	RX	6	44
1344859000	10	TX	44
1344901408	1	RX	10	44
1346180000	9	TX	44
1346190408	1	RX	9	44
1346574000	3	TX	44
1346590408	1	RX	3	44
1346760000	16	TX	44
1346790000	4	TX	44
1346806408	1	RX	4	44
1346824696	1	RX	16	44
1349248296	3	EV	DIO	12
1350065000	5	STAT	256	1	1	44	11	11
1350086000	18	STAT	384	9	1	44	10	10
1350137000	12	STAT	384	9	1	44	10	10
1350240000	10	STAT	256	1	1	45	14	14
1350252000	19	STAT	384	10	1	44	11	11
1350302000	11	STAT	384	10	1	44	9	9
1350307000	11	TX	44
1350346000	16	STAT	384	10	1	45	9	9
1350348696	1	RX	11	44
1350369000	20	STAT	384	10	1	44	9	9
1350406000	5	TX	44
1350434408	1	RX	5	44
1350505000	8	STAT	256	1	1	44	15	15
1350541000	14	STAT	384	10	1	44	16	16
1350549000	1	RSTAT	845	8	0
1350642000	3	STAT	256	1	1	45	11	11
1350692000	15	STAT	384	10	1	44	13	13
1350765000	2	STAT	256	1	1	45	8	8
1350815000	7	STAT	384	3	1	44	10	10
1350862000	17	STAT	384	8	1	44	7	7
1350907000	9	STAT	256	1	1	45	18	18
1350971000	4	STAT	256	1	1	45	13	13
1350999000	13	STAT	384	9	1	44	14	14
1352766000	14	TX	44
1352797696	1	RX	14	44
1353355296	4	EV	DIO	15
1353581296	3	EV	DIO	2
1354676296	13	EV	DIO	17
1354722000	13	TX	44
1354781696	1	RX	13	44
1358708296	8	EV	DIO	14
1360460000	19	TX	44
1360500696	1	RX	19	44
1361743000	2	TX	45
1361760408	1	RX	2	45
1361959000	17	TX	44
1362002696	1	RX	17	44
1362102000	8	TX	44
1362139408	1	RX	8	44
1362452000	20	TX	44
1362508696	1	RX	20	44
1364021296	2	EV	DIO	7
1366665296	15	EV	DIO	5
1367839000	18	TX	44
1367890696	1	RX	18	44
1368600000	15	TX	44
1368658696	1	RX	15	44
1369436296	7	EV	DIO	13
1370408000	12	TX	44
1370475696	1	RX	12	44
1370848296	19	EV	DIO	20
1372998000	7	TX	44
1373055696	1	RX	7	44
1373582296	9	EV	DIO	4
1374761000	10	TX	45
1374796408	1	RX	10	45
1375369000	6	TX	45
1375383408	1	RX	6	45
1376274000	9	TX	45
1376295408	1	RX	9	45
1376578000	3	TX	45
1376587408	1	RX	3	45
1376872000	16	TX	45
1376940696	1	RX	16	45
1377555000	4	TX	45
1377578408	1	RX	4	45
1378509296	2	EV	DIO	3
1379275296	15	EV	DIO	19
1379443000	5	TX	45
1379447408	1	RX	5	45
1380065000	5	STAT	256	1	1	46	11	11
1380086000	18	STAT	384	9	1	45	10	10
1380137000	12	STAT	384	9	1	45	10	10
1380240000	10	STAT	256	1	1	46	14	14
1380252000	19	STAT	384	10	1	45	11	11
1380302000	11	STAT	384	10	1	45	9	9
1380346000	16	STAT	384	10	1	46	9	9
1380369000	20	STAT	384	10	1	45	9	9
1380505000	8	STAT	256	1	1	45	15	15
1380541000	14	STAT	384	10	1	45	16	16
1380549000	1	RSTAT	863	8	0
1380642000	3	STAT	256	1	1	46	11	11
1380692000	15	STAT	384	10	1	45	13	13
1380765000	2	STAT	256	1	1	46	8	8
1380815000	7	STAT	384	3	1	45	10	10
1380846000	11	TX	45
1380862000	17	STAT	384	8	1	45	7	7
1380905696	1	RX	11	45
1380907000	9	STAT	256	1	1	46	18	18
1380971000	4	STAT	256	1	1	46	13	13
1380999000	13	STAT	384	9	1	45	14	14
1381222296	3	EV	DIO	8
1382185000	14	TX	45
1382225696	1	RX	14	45
1383580296	13	EV	DIO	18
1384801000	13	TX	45
1384876696	1	RX	13	45
1389516000	19	TX	45
1389558696	1	RX	19	45
1391522000	17	TX	45
1391554696	1	RX	17	45
1391676000	2	TX	46
1391692408	1	RX	2	46
1391733000	20	TX	45
1391758360	1	RX	20	45
1391949000	8	TX	45
1391989408	1	RX	8	45
1394575296	5	EV	DIO	6
1397604000	18	TX	45
1397640696	1	RX	18	45
1398007296	11	EV	DIO	10
1398157296	5	EV	DIO	9
1398350000	15	TX	45
1398426696	1	RX	15	45
1399506296	3	EV	DIO	12
1400539000	12	TX	45
1400588696	1	RX	12	45
1402014000	7	TX	45
1402072696	1	RX	7	45
1404473000	6	TX	46
1404477408	1	RX	6	46
1404913000	10	TX	46
1404918408	1	RX	10	46
1406036000	9	TX	46
1406054408	1	RX	9	46
1406717000	3	TX	46
1406748408	1	RX	3	46
1406891000	16	TX	46
1406918696	1	RX	16	46
1407868000	4	TX	46
1407873408	1	RX	4	46
1409926000	5	TX	46
1409937408	1	RX	5	46
1410065000	5	STAT	256	1	1	47	11	11
1410086000	18	STAT	384	9	1	46	10	10
1410137000	12	STAT	384	9	1	46	10	10
1410240000	10	STAT	256	1	1	47	14	14
1410252000	19	STAT	384	10	1	46	11	11
1410302000	11	STAT	384	10	1	46	9	9
1410346000	16	STAT	384	10	1	47	9	9
1410369000	20	STAT	384	10	1	46	9	9
1410505000	8	STAT	256	1	1	46	15	15
1410541000	14	STAT	384	10	1	46	16	16
1410549000	1	RSTAT	882	8	0
1410615000	11	TX	46
1410638696	1	RX	11	46
1410642000	3	STAT	256	1	1	47	11	11
1410692000	15	STAT	384	10	1	46	13	13
1410765000	2	STAT	256	1	1	47	8	8
1410815000	7	STAT	384	3	1	46	10	10
1410862000	17	STAT	384	8	1	46	7	7
1410907000	9	STAT	256	1	1	47	18	18
1410971000	4	STAT	256	1	1	47	13	13
1410999000	13	STAT	384	9	1	46	14	14
1411647000	14	TX	46
1411696696	1	RX	14	46
1415534000	13	TX	46
1415595696	1	RX	13	46
1416297296	2	EV	DIO	7
1419445000	19	TX	46
1419484696	1	RX	19	46
1420785000	17	TX	46
1420828696	1	RX	17	46
1421372000	20	TX	46
1421403696	1	RX	20	46
1421446000	2	TX	47
1421458408	1	RX	2	47
1421884000	8	TX	46
1421910408	1	RX	8	46
1425214296	2	EV	DIO	3
1426885000	18	TX	46
1426908696	1	RX	18	46
1428048296	8	EV	DIO	15
1429225000	15	TX	46
1429292696	1	RX	15	46
1429598296	9	EV	DIO	16
1430587000	12	TX	46
1430647696	1	RX	12	46
1431653000	7	TX	46
1431687696	1	RX	7	46
1434266000	6	TX	47
1434293408	1	RX	6	47
1434377000	10	TX	47
1434391408	1	RX	10	47
1436731000	9	TX	47
1436744408	1	RX	9	47
1437463296	3	EV	DIO	8
1437581000	3	TX	47
1437595408	1	RX	3	47
1437600000	16	TX	47
1437649696	1	RX	16	47
1438435000	4	TX	47
1438451408	1	RX	4	47
1439764000	5	TX	47
1439797408	1	RX	5	47
1440065000	5	STAT	256	1	1	48	11	11
1440086000	18	STAT	384	9	1	47	10	10
1440137000	12	STAT	384	9	1	47	10	10
1440240000	10	STAT	256	1	1	48	14	14
1440252000	19	STAT	384	10	1	47	11	11
1440302000	11	STAT	384	10	1	47	9	9
1440346000	16	STAT	384	10	1	48	9	9
1440369000	20	STAT	384	10	1	47	9	9
1440505000	8	STAT	256	1	1	47	15	15
1440541000	14	STAT	384	10	1	47	16	16
1440549000	1	RSTAT	901	8	0
1440642000	3	STAT	256	1	1	48	11	11
1440692000	15	STAT	384	10	1	47	13	13
1440765000	2	STAT	256	1	1	48	8	8
1440815000	7	STAT	384	3	1	47	10	10
1440862000	17	STAT	384	8	1	47	7	7
1440907000	9	STAT	256	1	1	48	18	18
1440971000	4	STAT	256	1	1	48	13	13
1440999000	13	STAT	384	9	1	47	14	14
1441126296	9	EV	DIO	2
1441561000	11	TX	47
1441624696	1	RX	11	47
1442216296	9	EV	DIO	11
1442431000	14	TX	47
1442466696	1	RX	14	47
1444699296	9	EV	DIO	4
1445093000	13	TX	47
1445114696	1	RX	13	47
1449206000	19	TX	47
1449258696	1	RX	19	47
1450178000	17	TX	47
1450193696	1	RX	17	47
1450563000	20	TX	47
1450630696	1	RX	20	47
1451157000	8	TX	47
1451196408	1	RX	8	47
1451201000	2	TX	48
1451230408	1	RX	2	48
1454500296	2	EV	DIO	12
1456874000	18	TX	47
1456913696	1	RX	18	47
1456960296	10	EV	DIO	13
1459374000	15	TX	47
1459419696	1	RX	15	47
1460092000	12	TX	47
1460120696	1	RX	12	47
1460454296	16	EV	DIO	6
1461391000	7	TX	47
1461437696	1	RX	7	47
1462295296	4	EV	DIO	5
1463603296	12	EV	DIO	17
1463868000	6	TX	48
1463887408	1	RX	6	48
1464544296	20	EV	DIO	19
1464592000	10	TX	48
1464619408	1	RX	10	48
1464980296	12	EV	DIO	7
1465993296	19	EV	DIO	20
1466502000	9	TX	48
1466507408	1	RX	9	48
1466718000	16	TX	48
1466756696	1	RX	16	48
1467054296	4	EV	DIO	14
1467313000	3	TX	48
1467336408	1	RX	3	48
1467572000	4	TX	48
1467604408	1	RX	4	48
1470065000	5	STAT	256	1	1	48	11	11
1470086000	18	STAT	384	9	1	48	10	10
1470137000	12	STAT	384	9	1	48	10	10
1470240000	10	STAT	256	1	1	49	14	14
1470252000	19	STAT	384	10	1	48	11	11
1470302000	11	STAT	384	10	1	48	9	9
1470318000	5	TX	48
1470346000	16	STAT	384	10	1	49	9	9
1470353408	1	RX	5	48
1470369000	20	STAT	384	10	1	48	9	9
1470505000	8	STAT	256	1	1	48	15	15
1470541000	14	STAT	384	10	1	48	16	16
1470549000	1	RSTAT	920	8	0
1470642000	3	STAT	256	1	1	49	11	11
1470692000	15	STAT	384	10	1	48	13	13
1470765000	2	STAT	256	1	1	49	8	8
1470815000	7	STAT	384	3	1	48	10	10
1470862000	17	STAT	384	8	1	48	7	7
1470907000	9	STAT	256	1	1	49	18	18
1470971000	4	STAT	256	1	1	49	13	13
1470999000	13	STAT	384	9	1	48	14	14
1471534000	11	TX	48
1471577696	1	RX	11	48
1472728000	14	TX	48
1472802696	1	RX	14	48
1473583296	4	EV	DIO	15
1474591000	13	TX	48
1474628696	1	RX	13	48
1479478000	17	TX	48
1479531696	1	RX	17	48
1479553000	19	TX	48
1479626696	1	RX	19	48
1480209000	2	TX	49
1480226408	1	RX	2	49
1480718000	8	TX	48
1480758408	1	RX	8	48
1480825000	20	TX	48
1480899696	1	RX	20	48
1486349296	14	EV	DIO	10
1487182000	18	TX	48
1487219696	1	RX	18	48
1489354000	15	TX	48
1489379696	1	RX	15	48
1489726000	12	TX	48
1489803696	1	RX	12	48
1490232296	19	EV	DIO	18
1491101000	7	TX	48
1491151696	1	RX	7	48
1493804000	6	TX	49
1493812408	1	RX	6	49
1495291000	10	TX	49
1495327408	1	RX	10	49
1497040000	9	TX	49
1497074408	1	RX	9	49
1497263000	16	TX	49
1497301696	1	RX	16	49
1497597000	3	TX	49
1497605408	1	RX	3	49
1498191000	4	TX	49
1498205408	1	RX	4	49
1500065000	5	STAT	256	1	1	49	11	11
1500065000	5	NBR	4	1	0	0	0	0
1500065000	5	NBR	4	10	1	0	0	0
1500065000	5	NBR	4	16	0	0	0	0
1500065000	5	NBR	4	6	2	0	2	2
1500065000	5	NBR	4	9	2	0	0	0
1500065000	5	NBR	4	3	0	0	0	0
1500065000	5	NBR	4	4	0	0	0	0
1500065000	5	NBR	4	8	0	0	0	0
1500065000	5	NBR	4	11	0	0	0	0
1500065000	5	NBR	4	14	1	0	0	0
1500065000	5	NBR	4	15	2	0	0	0
1500065000	5	WIN	4	11	11	8	0
1500065000	5	DET	4	11	727	862	2734	3083
1500086000	18	STAT	384	9	1	49	10	10
1500086000	18	NBR	4	19	0	0	0	0
1500086000	18	NBR	4	9	0	0	0	0
1500086000	18	NBR	4	17	1	0	0	0
1500086000	18	NBR	4	7	0	0	0	0
1500086000	18	NBR	4	8	0	0	0	0
1500086000	18	NBR	4	14	0	0	0	0
1500086000	18	NBR	4	15	0	0	0	0
1500086000	18	NBR	4	20	0	0	0	0
1500086000	18	NBR	4	13	0	0	0	0
1500086000	18	NBR	4	12	0	0	0	0
1500086000	18	WIN	4	10	10	1	0
1500086000	18	DET	4	10	100	300	2701	910
1500086000	18	ALERT	4	17	DIO	1	910
1500086000	18	BLOCK	17	temp	2	60
1500137000	12	STAT	384	9	1	49	10	10
1500137000	12	NBR	4	19	0	0	0	0
1500137000	12	NBR	4	9	0	0	0	0
1500137000	12	NBR	4	17	1	0	0	0
1500137000	12	NBR	4	3	0	0	0	0
1500137000	12	NBR	4	18	0	0	0	0
1500137000	12	NBR	4	7	1	0	0	0
1500137000	12	NBR	4	2	0	0	0	0
1500137000	12	NBR	4	8	0	0	0	0
1500137000	12	NBR	4	14	0	0	0	0
1500137000	12	NBR	4	13	0	0	0	0
1500137000	12	WIN	4	10	10	2	0
1500137000	12	DET	4	10	200	400	2701	1280
1500240000	10	STAT	256	1	1	50	14	14
1500240000	10	NBR	4	1	0	0	0	0
1500240000	10	NBR	4	14	0	0	0	0
1500240000	10	NBR	4	13	2	0	0	0
1500240000	10	NBR	4	11	0	0	0	0
1500240000	10	NBR	4	16	0	0	0	0
1500240000	10	NBR	4	19	0	0	0	0
1500240000	10	NBR	4	20	0	0	0	0
1500240000	10	NBR	4	6	0	0	0	2
1500240000	10	NBR	4	9	0	0	0	0
1500240000	10	NBR	4	3	0	0	0	0
1500240000	10	NBR	4	5	0	0	0	0
1500240000	10	NBR	4	4	0	0	0	0
1500240000	10	NBR	4	15	0	0	0	0
1500240000	10	NBR	4	8	0	0	0	0
1500240000	10	WIN	4	14	14	2	0
1500240000	10	DET	4	14	142	515	2815	1591
1500240000	10	ALERT	4	13	DIO	2	1591
1500240000	10	BLOCK	13	temp	1	60
1500252000	19	STAT	384	10	1	49	11	11
1500252000	19	NBR	4	10	0	0	0	0
1500252000	19	NBR	4	16	0	0	0	0
1500252000	19	NBR	4	9	0	0	0	0
1500252000	19	NBR	4	17	0	0	0	0
1500252000	19	NBR	4	18	1	0	0	0
1500252000	19	NBR	4	8	0	0	0	0
1500252000	19	NBR	4	14	0	0	0	0
1500252000	19	NBR	4	15	0	0	0	0
1500252000	19	NBR	4	20	2	0	0	0
1500252000	19	NBR	4	13	0	0	0	0
1500252000	19	NBR	4	12	0	0	0	0
1500252000	19	WIN	4	11	11	3	0
1500252000	19	DET	4	11	272	616	2734	1956
1500252000	19	ALERT	4	20	DIO	2	1956
1500252000	19	BLOCK	20	temp	1	60
1500302000	11	STAT	384	10	1	49	9	9
1500302000	11	NBR	4	10	1	0	0	0
1500302000	11	NBR	4	16	0	0	0	0
1500302000	11	NBR	4	6	0	0	0	2
1500302000	11	NBR	4	9	0	0	0	0
1500302000	11	NBR	4	5	0	0	0	0
1500302000	11	NBR	4	4	1	0	0	0
1500302000	11	NBR	4	14	0	0	0	0
1500302000	11	NBR	4	15	0	0	0	0
1500302000	11	NBR	4	20	0	0	0	0
1500302000	11	WIN	4	9	9	2	0
1500302000	11	DET	4	9	222	415	2650	1321
1500346000	16	STAT	384	10	1	50	9	9
1500346000	16	NBR	4	10	0	0	0	0
1500346000	16	NBR	4	19	0	0	0	0
1500346000	16	NBR	4	6	1	0	1	2
1500346000	16	NBR	4	9	0	0	0	0
1500346000	16	NBR	4	5	0	0	0	0
1500346000	16	NBR	4	11	1	0	0	0
1500346000	16	NBR	4	14	0	0	0	0
1500346000	16	NBR	4	15	0	0	0	0
1500346000	16	NBR	4	20	2	0	0	0
1500346000	16	WIN	4	9	9	4	0
1500346000	16	DET	4	9	444	684	2650	2256
1500369000	20	STAT	384	10	1	49	9	9
1500369000	20	NBR	4	10	0	0	0	0
1500369000	20	NBR	4	19	1	0	0	0
1500369000	20	NBR	4	16	0	0	0	0
1500369000	20	NBR	4	9	0	0	0	0
1500369000	20	NBR	4	18	1	0	0	0
1500369000	20	NBR	4	11	0	0	0	0
1500369000	20	NBR	4	14	0	0	0	0
1500369000	20	NBR	4	15	0	0	0	0
1500369000	20	NBR	4	13	0	0	0	0
1500369000	20	WIN	4	9	9	2	0
1500369000	20	DET	4	9	222	415	2650	1321
1500443000	5	TX	49
1500467408	1	RX	5	49
1500505000	8	STAT	256	1	1	49	15	15
1500505000	8	NBR	4	1	0	0	0	0
1500505000	8	NBR	4	10	0	0	0	0
1500505000	8	NBR	4	19	2	0	0	0
1500505000	8	NBR	4	9	0	0	0	0
1500505000	8	NBR	4	17	0	0	0	0
1500505000	8	NBR	4	3	0	0	0	0
1500505000	8	NBR	4	5	0	0	0	0
1500505000	8	NBR	4	4	0	0	0	0
1500505000	8	NBR	4	18	1	0	0	0
1500505000	8	BLOCK	7	expire	1	60
1500505000	8	NBR	4	7	0	0	0	0
1500505000	8	NBR	4	2	1	0	0	0
1500505000	8	NBR	4	14	2	0	0	0
1500505000	8	NBR	4	15	1	0	0	0
1500505000	8	NBR	4	13	1	0	0	0
1500505000	8	NBR	4	12	0	0	0	0
1500505000	8	WIN	4	15	15	8	0
1500505000	8	DET	4	15	533	718	2860	2586
1500541000	14	STAT	384	10	1	49	16	16
1500541000	14	NBR	4	10	1	0	0	0
1500541000	14	NBR	4	19	0	0	0	0
1500541000	14	NBR	4	16	0	0	0	0
1500541000	14	NBR	4	9	0	0	0	0
1500541000	14	NBR	4	17	0	0	0	0
1500541000	14	NBR	4	3	0	0	0	0
1500541000	14	NBR	4	5	1	0	0	0
1500541000	14	NBR	4	4	1	0	0	0
1500541000	14	NBR	4	18	0	0	0	0
1500541000	14	NBR	4	7	0	0	0	0
1500541000	14	NBR	4	8	0	0	0	0
1500541000	14	NBR	4	11	0	0	0	0
1500541000	14	NBR	4	15	0	0	0	0
1500541000	14	NBR	4	20	0	0	0	0
1500541000	14	NBR	4	13	0	0	0	0
1500541000	14	NBR	4	12	0	0	0	0
1500541000	14	WIN	4	16	16	3	0
1500541000	14	DET	4	16	187	390	2923	1326
1500549000	1	RSTAT	939	8	0
1500642000	3	STAT	256	1	1	50	11	11
1500642000	3	NBR	4	1	0	0	0	0
1500642000	3	NBR	4	10	0	0	0	0
1500642000	3	NBR	4	9	1	0	0	0
1500642000	3	NBR	4	5	0	0	0	0
1500642000	3	NBR	4	4	0	0	0	0
1500642000	3	NBR	4	7	0	0	0	0
1500642000	3	NBR	4	2	1	0	0	0
1500642000	3	NBR	4	8	3	0	0	0
1500642000	3	NBR	4	14	0	0	0	0
1500642000	3	NBR	4	13	0	0	0	0
1500642000	3	NBR	4	12	3	0	0	0
1500642000	3	WIN	4	11	11	8	0
1500642000	3	DET	4	11	727	1135	2734	3830
1500692000	15	STAT	384	10	1	49	13	13
1500692000	15	NBR	4	10	0	0	0	0
1500692000	15	NBR	4	19	1	0	0	0
1500692000	15	NBR	4	16	1	0	0	0
1500692000	15	NBR	4	6	1	0	1	2
1500692000	15	NBR	4	9	0	0	0	0
1500692000	15	NBR	4	5	1	0	0	0
1500692000	15	NBR	4	4	0	0	0	0
1500692000	15	NBR	4	18	0	0	0	0
1500692000	15	NBR	4	8	0	0	0	0
1500692000	15	NBR	4	11	0	0	0	0
1500692000	15	NBR	4	14	0	0	0	0
1500692000	15	NBR	4	20	0	0	0	0
1500692000	15	NBR	4	13	0	0	0	0
1500692000	15	WIN	4	13	13	4	0
1500692000	15	DET	4	13	307	461	2783	1589
1500765000	2	STAT	256	1	1	50	8	8
1500765000	2	NBR	4	1	0	0	0	0
1500765000	2	NBR	4	9	0	0	0	0
1500765000	2	NBR	4	3	2	0	0	0
1500765000	2	NBR	4	4	0	0	0	0
1500765000	2	NBR	4	7	2	0	0	0
1500765000	2	NBR	4	8	0	0	0	0
1500765000	2	NBR	4	13	0	0	0	0
1500765000	2	NBR	4	12	2	0	0	0
1500765000	2	WIN	4	8	8	6	0
1500765000	2	DET	4	8	750	968	2570	3237
1500815000	7	STAT	384	3	1	49	10	10
1500815000	7	NBR	4	9	0	0	0	0
1500815000	7	NBR	4	17	0	0	0	0
1500815000	7	NBR	4	3	0	0	0	0
1500815000	7	NBR	4	4	0	0	0	0
1500815000	7	NBR	4	18	0	0	0	0
1500815000	7	NBR	4	2	0	0	0	0
1500815000	7	NBR	4	8	0	0	0	0
1500815000	7	NBR	4	14	0	0	0	0
1500815000	7	NBR	4	13	1	0	0	0
1500815000	7	NBR	4	12	0	0	0	0
1500815000	7	WIN	4	10	10	1	0
1500815000	7	DET	4	10	100	300	2701	910
1500815000	7	ALERT	4	13	DIO	1	910
1500815000	7	BLOCK	13	temp	1	60
1500862000	17	STAT	384	8	1	49	7	7
1500862000	17	NBR	4	19	0	0	0	0
1500862000	17	NBR	4	18	0	0	0	0
1500862000	17	NBR	4	7	0	0	0	0
1500862000	17	NBR	4	8	0	0	0	0
1500862000	17	NBR	4	14	0	0	0	0
1500862000	17	NBR	4	13	0	0	0	0
1500862000	17	NBR	4	12	0	0	0	0
1500862000	17	WIN	4	7	7	0	0
1500862000	17	DET	4	7	0	0	2450	0
1500907000	9	STAT	256	1	1	50	18	18
1500907000	9	NBR	4	1	0	0	0	0
1500907000	9	NBR	4	10	0	0	0	0
1500907000	9	NBR	4	19	0	0	0	0
1500907000	9	NBR	4	16	2	0	0	0
1500907000	9	NBR	4	6	0	0	0	2
1500907000	9	NBR	4	3	0	0	0	0
1500907000	9	NBR	4	5	0	0	0	0
1500907000	9	NBR	4	4	2	0	0	0
1500907000	9	NBR	4	18	0	0	0	0
1500907000	9	NBR	4	7	2	0	0	0
1500907000	9	NBR	4	12	0	0	0	0
1500907000	9	NBR	4	13	0	0	0	0
1500907000	9	NBR	4	2	1	0	0	0
1500907000	9	NBR	4	8	1	0	0	0
1500907000	9	NBR	4	11	1	0	0	0
1500907000	9	NBR	4	14	0	0	0	0
1500907000	9	NBR	4	15	0	0	0	0
1500907000	9	NBR	4	20	0	0	0	0
1500907000	9	WIN	4	18	18	9	0
1500907000	9	DET	4	18	500	763	3118	2879
1500971000	4	STAT	256	1	1	50	13	13
1500971000	4	NBR	4	1	0	0	0	0
1500971000	4	NBR	4	10	0	0	0	0
1500971000	4	NBR	4	6	0	0	0	2
1500971000	4	NBR	4	9	0	0	0	0
1500971000	4	NBR	4	3	1	0	0	0
1500971000	4	NBR	4	5	1	0	0	0
1500971000	4	NBR	4	7	0	0	0	0
1500971000	4	NBR	4	2	1	0	0	0
1500971000	4	NBR	4	8	0	0	0	0
1500971000	4	NBR	4	11	0	0	0	0
1500971000	4	NBR	4	14	1	0	0	0
1500971000	4	NBR	4	15	2	0	0	0
1500971000	4	NBR	4	13	0	0	0	0
1500971000	4	WIN	4	13	13	6	0
1500971000	4	DET	4	13	461	634	2783	2225
1500999000	13	STAT	384	9	1	49	14	14
1500999000	13	NBR	4	10	0	0	0	0
1500999000	13	NBR	4	19	0	0	0	0
1500999000	13	NBR	4	9	0	0	0	0
1500999000	13	NBR	4	17	1	0	0	0
1500999000	13	NBR	4	3	0	0	0	0
1500999000	13	NBR	4	4	0	0	0	0
1500999000	13	NBR	4	18	1	0	0	0
1500999000	13	NBR	4	7	0	0	0	0
1500999000	13	NBR	4	2	0	0	0	0
1500999000	13	NBR	4	8	0	0	0	0
1500999000	13	NBR	4	14	0	0	0	0
1500999000	13	NBR	4	15	0	0	0	0
1500999000	13	NBR	4	20	0	0	0	0
1500999000	13	NBR	4	12	0	0	0	0
1500999000	13	WIN	4	14	14	2	0
1500999000	13	DET	4	14	142	349	2815	1124
1501274296	5	EV	DIO	9
1502171000	11	TX	49
1502232696	1	RX	11	49
1502435000	14	TX	49
1502475696	1	RX	14	49
1505466000	13	TX	49
1505524696	1	RX	13	49
1508606000	19	TX	49
1508635696	1	RX	19	49
1509217000	17	TX	49
1509286696	1	RX	17	49
1510165000	2	TX	50
1510175408	1	RX	2	50
1510442296	4	EV	DIO	8
1510536000	8	TX	49
1510548408	1	RX	8	49
1510930000	20	TX	49
1510949696	1	RX	20	49
1515718296	12	EV	DIO	17
1517200296	4	EV	DIO	14
1517393296	8	EV	DIO	3
1517830000	18	TX	49
1517844360	1	RX	18	49
1519223296	5	EV	DIO	16
1519227000	15	TX	49
1519254696	1	RX	15	49
1519552000	12	TX	49
1519580696	1	RX	12	49
1520846000	7	TX	49
1520923696	1	RX	7	49
1522958000	6	TX	50
1522971408	1	RX	6	50
1524402000	10	TX	50
1524422408	1	RX	10	50
1526512000	16	TX	50
1526532696	1	RX	16	50
1527110296	4	EV	DIO	5
1527376000	9	TX	50
1527396408	1	RX	9	50
1527517296	9	EV	DIO	6
1527704000	4	TX	50
1527738408	1	RX	4	50
1527940000	3	TX	50
1527983408	1	RX	3	50
1530065000	5	STAT	256	1	1	50	11	11
1530086000	18	STAT	384	9	1	50	10	10
1530137000	12	STAT	384	9	1	50	10	10
1530240000	10	STAT	256	1	1	51	14	14
1530252000	19	STAT	384	10	1	50	11	11
1530302000	11	STAT	384	10	1	50	9	9
1530346000	16	STAT	384	10	1	51	9	9
1530369000	20	STAT	384	10	1	50	9	9
1530505000	8	STAT	256	1	1	50	15	15
1530541000	14	STAT	384	10	1	50	16	16
1530549000	1	RSTAT	957	8	0
1530642000	3	STAT	256	1	1	51	11	11
1530692000	15	STAT	384	10	1	50	13	13
1530765000	2	STAT	256	1	1	51	8	8
1530815000	7	STAT	384	3	1	50	10	10
1530862000	17	STAT	384	8	1	50	7	7
1530907000	9	STAT	256	1	1	51	18	18
1530971000	4	STAT	256	1	1	51	13	13
1530999000	13	STAT	384	9	1	50	14	14
1531220000	5	TX	50
1531240408	1	RX	5	50
1531553000	11	TX	50
1531609696	1	RX	11	50
1532918000	14	TX	50
1532955696	1	RX	14	50
1533264296	2	EV	DIO	7
1535216000	13	TX	50
1535262696	1	RX	13	50
1537735000	19	TX	50
1537795696	1	RX	19	50
1538535000	17	TX	50
1538603696	1	RX	17	50
1539941000	8	TX	50
1539957408	1	RX	8	50
1540487000	20	TX	50
1540552696	1	RX	20	50
1541120000	2	TX	51
1541147408	1	RX	2	51
1542254296	15	EV	DIO	4
1544663296	9	EV	DIO	11
1547467000	18	TX	50
1547507360	1	RX	18	50
1548786000	15	TX	50
1548864696	1	RX	15	50
1549066296	2	EV	DIO	12
1550073000	12	TX	50
1550093696	1	RX	12	50
1550357000	7	TX	50
1550385696	1	RX	7	50
1551343296	9	EV	DIO	2
1551962296	12	EV	DIO	18
1553418000	6	TX	51
1553461408	1	RX	6	51
1555150000	10	TX	51
1555179408	1	RX	10	51
1556402000	16	TX	51
1556478696	1	RX	16	51
1556995000	4	TX	51
1557033408	1	RX	4	51
1557179296	2	EV	DIO	13
1557409000	9	TX	51
1557440408	1	RX	9	51
1557571000	3	TX	51
1557577408	1	RX	3	51
1560065000	5	STAT	256	1	1	51	11	11
1560086000	18	STAT	384	9	1	51	10	10
1560137000	12	STAT	384	9	1	51	10	10
1560240000	10	STAT	256	1	1	52	14	14
1560252000	19	STAT	384	10	1	51	11	11
1560302000	11	STAT	384	10	1	51	9	9
1560346000	16	STAT	384	10	1	52	9	9
1560369000	20	STAT	384	10	1	51	9	9
1560505000	8	STAT	256	1	1	51	15	15
1560541000	14	STAT	384	10	1	51	16	16
1560549000	1	RSTAT	976	8	0
1560642000	3	STAT	256	1	1	52	11	11
1560692000	15	STAT	384	10	1	51	13	13
1560765000	2	STAT	256	1	1	52	8	8
1560815000	7	STAT	384	3	1	51	10	10
1560862000	17	STAT	384	8	1	51	7	7
1560907000	9	STAT	256	1	1	52	18	18
1560971000	4	STAT	256	1	1	52	13	13
1560999000	13	STAT	384	9	1	51	14	14
1561569000	11	TX	51
1561604696	1	RX	11	51
1561683000	5	TX	51
1561715408	1	RX	5	51
1562135296	12	EV	DIO	17
1563899000	14	TX	51
1563923696	1	RX	14	51
1563966296	20	EV	DIO	10
1564821000	13	TX	51
1564850696	1	RX	13	51
1568071000	19	TX	51
1568136696	1	RX	19	51
1568196000	17	TX	51
1568263696	1	RX	17	51
1569566000	20	TX	51
1569634696	1	RX	20	51
1570073296	13	EV	DIO	19
1570117296	19	EV	DIO	20
1570117296	19	BLOCK	20	expire	1	60
1570563000	8	TX	51
1570599408	1	RX	8	51
1570903000	2	TX	52
1570942408	1	RX	2	52
1577014296	4	EV	DIO	9
1577539000	18	TX	51
1577591696	1	RX	18	51
1577900296	4	EV	DIO	15
1578598000	15	TX	51
1578613696	1	RX	15	51
1578748296	2	EV	DIO	7
1579618000	7	TX	51
1579663696	1	RX	7	51
1580985000	12	TX	51
1581058696	1	RX	12	51
1584110000	6	TX	52
1584134408	1	RX	6	52
1584795296	4	EV	DIO	8
1585516000	10	TX	52
1585532408	1	RX	10	52
1585588000	16	TX	52
1585624696	1	RX	16	52
1587002000	4	TX	52
1587022408	1	RX	4	52
1587373000	9	TX	52
1587406408	1	RX	9	52
1588435000	3	TX	52
1588478408	1	RX	3	52
1590065000	5	STAT	256	1	1	52	11	11
1590086000	18	STAT	384	9	1	52	10	10
1590137000	12	STAT	384	9	1	52	10	10
1590240000	10	STAT	256	1	1	53	14	14
1590252000	19	STAT	384	10	1	52	11	11
1590302000	11	STAT	384	10	1	52	9	9
1590346000	16	STAT	384	10	1	53	9	9
1590369000	20	STAT	384	10	1	52	9	9
1590505000	8	STAT	256	1	1	52	15	15
1590541000	14	STAT	384	10	1	52	16	16
1590549000	1	RSTAT	995	8	0
1590642000	3	STAT	256	1	1	53	11	11
1590692000	15	STAT	384	10	1	52	13	13
1590765000	2	STAT	256	1	1	53	8	8
1590815000	7	STAT	384	3	1	52	10	10
1590862000	17	STAT	384	8	1	52	7	7
1590907000	9	STAT	256	1	1	53	18	18
1590971000	4	STAT	256	1	1	53	13	13
1590999000	13	STAT	384	9	1	52	14	14
1591678000	11	TX	52
1591710696	1	RX	11	52
1592098000	5	TX	52
1592137408	1	RX	5	52
1594388000	14	TX	52
1594443696	1	RX	14	52
1594646000	13	TX	52
1594706696	1	RX	13	52
1596629296	4	EV	DIO	5
1596824296	9	EV	DIO	11
1597455000	19	TX	52
1597511696	1	RX	19	52
1598926000	17	TX	52
1599007696	1	RX	17	52
1600088296	13	EV	DIO	4
1600125000	20	TX	52
1600155696	1	RX	20	52
1600414296	4	EV	DIO	14
1600679000	8	TX	52
1600721408	1	RX	8	52
1601670000	2	TX	53
1601701408	1	RX	2	53
1602655296	2	EV	DIO	3
1606033296	9	EV	DIO	2
1606751000	18	TX	52
1606803696	1	RX	18	52
1608119000	15	TX	52
1608201696	1	RX	15	52
1609797000	7	TX	52
1609845696	1	RX	7	52
1611743000	12	TX	52
1611797696	1	RX	12	52
1612794296	9	EV	DIO	6
1614519296	2	EV	DIO	12
1614633000	6	TX	53
1614675408	1	RX	6	53
1615340296	18	EV	DIO	19
1615395296	3	EV	DIO	13
1615845000	16	TX	53
1615897696	1	RX	16	53
1616468000	10	TX	53
1616495408	1	RX	10	53
1616979000	4	TX	53
1616985408	1	RX	4	53
1617555000	3	TX	53
1617580408	1	RX	3	53
1618004000	9	TX	53
1618038408	1	RX	9	53
1620065000	5	STAT	256	1	1	53	11	11
1620086000	18	STAT	384	9	1	53	10	10
1620137000	12	STAT	384	9	1	53	10	10
1620240000	10	STAT	256	1	1	54	14	14
1620252000	19	STAT	384	10	1	53	11	11
1620302000	11	STAT	384	10	1	53	9	9
1620346000	16	STAT	384	10	1	54	9	9
1620369000	20	STAT	384	10	1	53	9	9
1620505000	8	STAT	256	1	1	53	15	15
1620541000	14	STAT	384	10	1	53	16	16
1620549000	1	RSTAT	1014	8	0
1620642000	3	STAT	256	1	1	54	11	11
1620692000	15	STAT	384	10	1	53	13	13
1620765000	2	STAT	256	1	1	54	8	8
1620815000	7	STAT	384	3	1	53	10	10
1620862000	17	STAT	384	8	1	53	7	7
1620907000	9	STAT	256	1	1	54	18	18
1620971000	4	STAT	256	1	1	54	13	13
1620999000	13	STAT	384	9	1	53	14	14
1621322000	11	TX	53
1621386696	1	RX	11	53
1621947000	5	TX	53
1621974408	1	RX	5	53
1624331000	13	TX	53
1624342696	1	RX	13	53
1624372000	14	TX	53
1624410696	1	RX	14	53
1626161296	15	EV	DIO	20
1627195000	19	TX	53
1627250696	1	RX	19	53
1627940296	20	EV	DIO	16
1629644000	17	TX	53
1629709696	1	RX	17	53
1629774000	20	TX	53
1629832696	1	RX	20	53
1631354000	2	TX	54
1631366408	1	RX	2	54
1631507000	8	TX	53
1631511408	1	RX	8	53
1632303040	2	EV	DIO	13
1632303040	3	EV	DIO	13
1632303040	4	EV	DIO	13
1632303040	7	EV	DIO	13
1632303040	7	BLOCK	13	expire	1	60
1632303040	8	EV	DIO	13
1632303040	9	EV	DIO	13
1632303040	10	EV	DIO	13
1632303040	10	BLOCK	13	expire	1	60
1632303040	12	EV	DIO	13
1632303040	14	EV	DIO	13
1632303040	15	EV	DIO	13
1632303040	17	EV	DIO	13
1632303040	18	EV	DIO	13
1632303040	19	EV	DIO	13
1632303040	20	EV	DIO	13
1636431000	18	TX	53
1636464696	1	RX	18	53
1638215000	15	TX	53
1638249696	1	RX	15	53
1639302000	7	TX	53
1639333696	1	RX	7	53
1639343296	8	EV	DIO	15
1640922296	9	EV	DIO	10
1642333000	12	TX	53
1642389696	1	RX	12	53
1644183296	16	EV	DIO	5
1644378000	6	TX	54
1644416408	1	RX	6	54
1644996000	16	TX	54
1645041696	1	RX	16	54
1645899000	10	TX	54
1645942408	1	RX	10	54
1646229000	4	TX	54
1646246408	1	RX	4	54
1647253000	9	TX	54
1647279408	1	RX	9	54
1647752000	3	TX	54
1647756408	1	RX	3	54
1650065000	5	STAT	256	1	1	54	11	11
1650086000	18	STAT	384	9	1	54	10	10
1650137000	12	STAT	384	9	1	54	10	10
1650240000	10	STAT	256	1	1	55	14	14
1650252000	19	STAT	384	10	1	54	11	11
1650302000	11	STAT	384	10	1	54	9	9
1650346000	16	STAT	384	10	1	55	9	9
1650369000	20	STAT	384	10	1	54	9	9
1650372000	11	TX	54
1650451696	1	RX	11	54
1650505000	8	STAT	256	1	1	54	15	15
1650541000	14	STAT	384	10	1	54	16	16
1650549000	1	RSTAT	1034	8	0
1650642000	3	STAT	256	1	1	55	11	11
1650692000	15	STAT	384	10	1	54	13	13
1650765000	2	STAT	256	1	1	55	8	8
1650815000	7	STAT	384	3	1	54	10	10
1650862000	17	STAT	384	8	1	54	7	7
1650907000	9	STAT	256	1	1	55	18	18
1650971000	4	STAT	256	1	1	55	13	13
1650999000	13	STAT	384	9	1	54	14	14
1652475000	5	TX	54
1652509408	1	RX	5	54
1654595000	13	TX	54
1654618696	1	RX	13	54
1655363000	14	TX	54
1655388696	1	RX	14	54
1656756296	19	EV	DIO	18
1657143296	4	EV	DIO	8
1657805000	19	TX	54
1657864696	1	RX	19	54
1658378296	12	EV	DIO	17
1659427000	20	TX	54
1659461696	1	RX	20	54
1659902000	17	TX	54
1659941696	1	RX	17	54
1661921000	2	TX	55
1661959408	1	RX	2	55
1662242000	8	TX	54
1662279408	1	RX	8	54
1664918296	17	EV	DIO	7
1665756000	18	TX	54
1665813696	1	RX	18	54
1666142296	18	EV	DIO	19
1667865296	4	EV	DIO	2
1668516000	7	TX	54
1668546696	1	RX	7	54
1669143000	15	TX	54
1669196696	1	RX	15	54
1672499000	12	TX	54
1672548696	1	RX	12	54
1674143296	10	EV	DIO	9
1675301000	6	TX	55
1675327408	1	RX	6	55
1675651000	10	TX	55
1675668408	1	RX	10	55
1675870000	16	TX	55
1675909360	1	RX	16	55
1676522000	9	TX	55
1676537408	1	RX	9	55
1676835000	4	TX	55
1676860408	1	RX	4	55
1677104000	3	TX	55
1677145408	1	RX	3	55
1679815000	11	TX	55
1679890696	1	RX	11	55
1680065000	5	STAT	256	1	1	55	11	11
1680086000	18	STAT	384	9	1	55	10	10
1680137000	12	STAT	384	9	1	55	10	10
1680240000	10	STAT	256	1	1	56	14	14
1680252000	19	STAT	384	10	1	55	11	11
1680302000	11	STAT	384	10	1	56	9	9
1680346000	16	STAT	384	10	1	56	9	9
1680369000	20	STAT	384	10	1	55	9	9
1680505000	8	STAT	256	1	1	55	15	15
1680531296	4	EV	DIO	14
1680541000	14	STAT	384	10	1	55	16	16
1680549000	1	RSTAT	1053	8	0
1680642000	3	STAT	256	1	1	56	11	11
1680692000	15	STAT	384	10	1	55	13	13
1680765000	2	STAT	256	1	1	56	8	8
1680815000	7	STAT	384	3	1	55	10	10
1680862000	17	STAT	384	8	1	55	7	7
1680907000	9	STAT	256	1	1	56	18	18
1680971000	4	STAT	256	1	1	56	13	13
1680999000	13	STAT	384	9	1	55	14	14
1681510296	9	EV	DIO	4
1682794000	5	TX	55
1682814408	1	RX	5	55
1684395296	9	EV	DIO	15
1685049296	19	EV	DIO	16
1685497000	13	TX	55
1685530696	1	RX	13	55
1686311000	14	TX	55
1686339696	1	RX	14	55
1687484296	4	EV	DIO	11
1688492000	19	TX	55
1688524696	1	RX	19	55
1689602000	17	TX	55
1689661696	1	RX	17	55
1689765296	4	EV	DIO	6
1690114000	20	TX	55
1690174696	1	RX	20	55
1691888000	2	TX	56
1691902408	1	RX	2	56
1692876000	8	TX	55
1692893408	1	RX	8	55
1695353000	18	TX	55
1695396696	1	RX	18	55
1698441040	2	EV	DIO	4
1698441040	3	EV	DIO	4
1698441040	5	EV	DIO	4
1698441040	7	EV	DIO	4
1698441040	8	EV	DIO	4
1698441040	9	EV	DIO	4
1698441040	10	EV	DIO	4
1698441040	11	EV	DIO	4
1698441040	13	EV	DIO	4
1698441040	14	EV	DIO	4
1698441040	15	EV	DIO	4
1698938000	7	TX	55
1698963696	1	RX	7	55
1699062000	15	TX	55
1699121696	1	RX	15	55
1702403000	12	TX	55
1702442696	1	RX	12	55
1702975040	4	EV	DIO	11
1702975040	5	EV	DIO	11
1702975040	9	EV	DIO	11
1702975040	10	EV	DIO	11
1702975040	14	EV	DIO	11
1702975040	15	EV	DIO	11
1702975040	16	EV	DIO	11
1702975040	20	EV	DIO	11
1705700000	6	TX	56
1705726408	1	RX	6	56
1705749000	10	TX	56
1705785408	1	RX	10	56
1706104000	9	TX	56
1706113408	1	RX	9	56
1706570000	4	TX	56
1706610408	1	RX	4	56
1706792000	16	TX	56
1706832696	1	RX	16	56
1707495000	3	TX	56
1707514408	1	RX	3	56
1709283296	9	EV	DIO	3
1709440296	10	EV	DIO	5
1710065000	5	STAT	256	1	1	56	11	11
1710086000	18	STAT	384	9	1	56	10	10
1710137000	12	STAT	384	9	1	56	10	10
1710240000	10	STAT	256	1	1	57	14	14
1710252000	19	STAT	384	10	1	56	11	11
1710302000	11	STAT	384	10	1	56	9	9
1710346000	16	STAT	384	10	1	57	9	9
1710369000	20	STAT	384	10	1	56	9	9
1710448000	11	TX	56
1710494696	1	RX	11	56
1710505000	8	STAT	256	1	1	56	15	15
1710541000	14	STAT	384	10	1	56	16	16
1710549000	1	RSTAT	1072	8	0
1710642000	3	STAT	256	1	1	57	11	11
1710692000	15	STAT	384	10	1	56	13	13
1710765000	2	STAT	256	1	1	57	8	8
1710815000	7	STAT	384	3	1	56	10	10
1710862000	17	STAT	384	8	1	56	7	7
1710907000	9	STAT	256	1	1	57	18	18
1710971000	4	STAT	256	1	1	57	13	13
1710999000	13	STAT	384	9	1	56	14	14
1711800000	5	TX	56
1711842408	1	RX	5	56
1714471040	2	EV	DIO	9
1714471040	3	EV	DIO	9
1714471040	4	EV	DIO	9
1714471040	5	EV	DIO	9
1714471040	7	EV	DIO	9
1714471040	8	EV	DIO	9
1714471040	10	EV	DIO	9
1714471040	11	EV	DIO	9
1714471040	12	EV	DIO	9
1714471040	13	EV	DIO	9
1714471040	14	EV	DIO	9
1714471040	15	EV	DIO	9
1714471040	16	EV	DIO	9
1714471040	18	EV	DIO	9
1714471040	19	EV	DIO	9
1714471040	20	EV	DIO	9
1715149000	13	TX	56
1715198696	1	RX	13	56
1715897296	14	EV	DIO	13
1716910000	14	TX	56
1716952696	1	RX	14	56
1717134296	8	EV	DIO	12
1718383000	19	TX	56
1718444696	1	RX	19	56
1719166000	17	TX	56
1719249696	1	RX	17	56
1720971000	20	TX	56
1721058696	1	RX	20	56
1721731000	2	TX	57
1721743408	1	RX	2	57
1722624000	8	TX	56
1722655408	1	RX	8	56
1724779000	18	TX	56
1724813360	1	RX	18	56
1725075296	4	EV	DIO	8
1728116000	15	TX	56
1728179696	1	RX	15	56
1729488296	9	EV	DIO	20
1729838000	7	TX	56
1729873296	18	EV	DIO	14
1729899696	1	RX	7	56
1733010000	12	TX	56
1733071696	1	RX	12	56
1735304000	9	TX	57
1735327408	1	RX	9	57
1735366000	6	TX	57
1735407408	1	RX	6	57
1736106000	10	TX	57
1736130408	1	RX	10	57
1736615000	4	TX	57
1736620408	1	RX	4	57
1737069000	3	TX	57
1737095408	1	RX	3	57
1737379296	10	EV	DIO	4
1737505296	4	EV	DIO	10
1737602000	16	TX	57
1737654696	1	RX	16	57
1737766296	12	EV	DIO	19
1740065000	5	STAT	256	1	1	57	11	11
1740086000	18	STAT	384	9	1	57	10	10
1740137000	12	STAT	384	9	1	57	10	10
1740240000	10	STAT	256	1	1	58	14	14
1740252000	19	STAT	384	10	1	57	11	11
1740302000	11	STAT	384	10	1	57	9	9
1740346000	16	STAT	384	10	1	58	9	9
1740369000	20	STAT	384	10	1	57	9	9
1740505000	8	STAT	256	1	1	57	15	15
1740541000	14	STAT	384	10	1	57	16	16
1740549000	1	RSTAT	1090	8	0
1740642000	3	STAT	256	1	1	58	11	11
1740692000	15	STAT	384	10	1	57	13	13
1740765000	2	STAT	256	1	1	58	8	8
1740815000	7	STAT	384	3	1	57	10	10
1740862000	17	STAT	384	8	1	57	7	7
1740906000	11	TX	57
1740907000	9	STAT	256	1	1	58	18	18
1740942696	1	RX	11	57
1740971000	4	STAT	256	1	1	58	13	13
1740999000	13	STAT	384	9	1	57	14	14
1741379000	5	TX	57
1741386408	1	RX	5	57
1744538296	11	EV	DIO	16
1746081000	13	TX	57
1746131696	1	RX	13	57
1746552000	14	TX	57
1746612696	1	RX	14	57
1748053000	19	TX	57
1748098696	1	RX	19	57
1748724000	17	TX	57
1748787696	1	RX	17	57
1750066000	20	TX	57
1750114696	1	RX	20	57
1751483000	2	TX	58
1751527408	1	RX	2	58
1752929000	8	TX	57
1752973408	1	RX	8	57
1753091296	8	EV	DIO	15
1754716000	18	TX	57
1754769696	1	RX	18	57
1758731000	15	TX	57
1758749296	4	EV	DIO	7
1758792296	4	EV	DIO	2
1758811696	1	RX	15	57
1759189296	17	EV	DIO	18
1759583000	7	TX	57
1759657696	1	RX	7	57
1762714296	19	EV	DIO	17
1763949000	12	TX	57
1763992696	1	RX	12	57
1765554000	9	TX	58
1765562408	1	RX	9	58
1765961000	6	TX	58
1765965408	1	RX	6	58
1766150000	4	TX	58
1766161408	1	RX	4	58
1766350000	10	TX	58
1766358408	1	RX	10	58
1766652000	16	TX	58
1766703696	1	RX	16	58
1767015000	3	TX	58
1767058408	1	RX	3	58
1770065000	5	STAT	256	1	1	58	11	11
1770086000	18	STAT	384	9	1	58	10	10
1770137000	12	STAT	384	9	1	58	10	10
1770240000	10	STAT	256	1	1	59	14	14
1770252000	19	STAT	384	10	1	58	11	11
1770302000	11	STAT	384	10	1	58	9	9
1770346000	16	STAT	384	10	1	59	9	9
1770369000	20	STAT	384	10	1	58	9	9
1770505000	8	STAT	256	1	1	58	15	15
1770541000	14	STAT	384	10	1	58	16	16
1770549000	1	RSTAT	1109	8	0
1770642000	3	STAT	256	1	1	59	11	11
1770692000	15	STAT	384	10	1	58	13	13
1770765000	2	STAT	256	1	1	59	8	8
1770815000	7	STAT	384	3	1	58	10	10
1770862000	17	STAT	384	8	1	58	7	7
1770862000	5	TX	58
1770897408	1	RX	5	58
1770907000	9	STAT	256	1	1	59	18	18
1770971000	4	STAT	256	1	1	59	13	13
1770999000	13	STAT	384	9	1	58	14	14
1771264000	11	TX	58
1771310696	1	RX	11	58
1773846296	4	EV	DIO	9
1776342000	13	TX	58
1776379696	1	RX	13	58
1777332000	19	TX	58
1777368696	1	RX	19	58
1777501000	14	TX	58
1777569696	1	RX	14	58
1777913296	5	EV	DIO	11
1778499000	17	TX	58
1778541360	1	RX	17	58
1780389000	20	TX	58
1780453696	1	RX	20	58
1780588000	2	TX	59
1780596408	1	RX	2	59
1783023000	8	TX	58
1783027408	1	RX	8	58
1783729296	4	EV	DIO	5
1783922000	18	TX	58
1783933360	1	RX	18	58
1787779000	15	TX	58
1787837696	1	RX	15	58
1789782000	7	TX	58
1789826696	1	RX	7	58
1793472000	12	TX	58
1793517696	1	RX	12	58
1794475296	9	EV	DIO	14
1795666296	3	EV	DIO	4
1795801000	6	TX	59
1795837408	1	RX	6	59
1795847296	10	EV	DIO	6
1796041000	9	TX	59
1796049408	1	RX	9	59
1796179000	16	TX	59
1796233696	1	RX	16	59
1796297000	4	TX	59
1796328408	1	RX	4	59
1797001000	10	TX	59
1797023408	1	RX	10	59
1797384000	3	TX	59
1797406408	1	RX	3	59
SUMMARY end_us=1797406408
TEST OK
Test ended at simulation time: 1800000000
